date,put_volume,call_volume,put_amount,call_amount,put_oi,call_oi,volume_pcr,amount_pcr,oi_pcr
2017-03-06,189237.0,251527.0,89512096.0,98745596.0,746571.0,1035292.0,0.7523526301351346,0.9064920323130158,0.7211211909297087
2017-03-07,135332.0,184566.0,63774736.0,76628974.0,758349.0,1044474.0,0.7332444762307251,0.8322535546410944,0.7260582838826051
2017-03-08,151157.0,182057.0,57951946.0,73749391.0,762902.0,1043734.0,0.83027293649791,0.7857955871120346,0.7309352766126235
2017-03-09,241060.0,323020.0,122232724.0,116625626.0,769971.0,1067087.0,0.7462695808309083,1.0480777526544638,0.7215634713945536
2017-03-10,158253.0,210966.0,82247377.0,78505896.0,774690.0,1082055.0,0.7501350928585648,1.0476585987885547,0.7159432746024925
2017-03-13,289065.0,372299.0,138215924.0,143328373.0,777715.0,1056194.0,0.7764323836486265,0.9643305167498134,0.736337263798128
2017-03-14,176960.0,225683.0,69580096.0,92780068.0,768399.0,1061570.0,0.7841086834187777,0.7499465941326967,0.7238326252625827
2017-03-15,204763.0,236385.0,88661561.0,100489917.0,773664.0,1068656.0,0.8662267064323033,0.882293106083469,0.7239598149451273
2017-03-16,286563.0,409256.0,101457746.0,181665950.0,767159.0,1042661.0,0.7002047618116778,0.5584852087031169,0.7357703030994733
2017-03-17,308427.0,375680.0,120774206.0,143379442.0,764737.0,1070720.0,0.8209832836456559,0.8423397686259653,0.7142268753735804
2017-03-20,243015.0,305069.0,100904046.0,106267786.0,756951.0,1062753.0,0.7965902795760958,0.9495261903734402,0.7122548701344527
2017-03-21,223363.0,294847.0,92426633.0,108254506.0,743724.0,1042177.0,0.7575556135894209,0.8537901692517076,0.713625420633923
2017-03-22,318069.0,372034.0,135223521.0,122720458.0,722004.0,1059049.0,0.8549460533177076,1.1018824668988767,0.681747492325662
2017-03-23,284294.0,353429.0,112174052.0,124798012.0,565581.0,786922.0,0.8043878685676614,0.8988448630095165,0.7187256170243048
2017-03-24,290178.0,359532.0,107062895.0,145006113.0,590114.0,794831.0,0.807099228997697,0.738333665974482,0.742439587786586
2017-03-27,217572.0,307309.0,75358430.0,139172342.0,593557.0,814400.0,0.7079909797630398,0.5414756187691373,0.7288273575638506
2017-03-28,156503.0,193441.0,59009975.0,81681980.0,611640.0,850478.0,0.8090477199766337,0.7224356583912388,0.7191720420751624
2017-03-29,158773.0,217783.0,65441827.0,87763230.0,625787.0,870902.0,0.7290422117428816,0.7456633831731124,0.7185504224355898
2017-03-30,223227.0,266730.0,96142635.0,101647010.0,644841.0,924332.0,0.8369024856596559,0.9458481366052971,0.6976292068217913
2017-03-31,138622.0,198458.0,52676939.0,79137245.0,655970.0,914029.0,0.6984953995303792,0.6656402936442884,0.7176686954133841
2017-04-05,282832.0,382016.0,86000786.0,174277573.0,668615.0,885985.0,0.7403668956274083,0.4934701839117303,0.7546572458901675
2017-04-06,225769.0,290062.0,73766336.0,129688511.0,685378.0,884560.0,0.7783473877998497,0.5687962289890119,0.7748236411323144
2017-04-07,200988.0,236452.0,64167950.0,107458027.0,698782.0,895694.0,0.8500160709150272,0.5971443157057034,0.7801570625682431
2017-04-10,138891.0,179043.0,42284292.0,72735573.0,700619.0,915200.0,0.7757410231061812,0.5813426670880836,0.7655364947552448
2017-04-11,379865.0,451857.0,133160260.0,174575541.0,706091.0,966587.0,0.8406752578802585,0.7627658447296463,0.7304991687245949
2017-04-12,213062.0,280284.0,78272731.0,116850522.0,715373.0,993309.0,0.7601646901000414,0.669853498814494,0.7201918033562568
2017-04-13,150771.0,185054.0,57413936.0,73379837.0,726212.0,1006063.0,0.8147405622142726,0.7824211438354653,0.7218355112950183
2017-04-14,272286.0,323883.0,103192195.0,103841194.0,744889.0,1065931.0,0.8406924722816572,0.9937500814946331,0.6988154017473927
2017-04-17,257531.0,320158.0,108138189.0,105974101.0,761246.0,1114793.0,0.8043872088156473,1.020420913974066,0.6828586114193398
2017-04-18,159913.0,204647.0,62123179.0,58438846.0,763211.0,1137403.0,0.7814089627504923,1.0630459574783526,0.6710119456340453
2017-04-19,372071.0,428626.0,167420122.0,110115272.0,767383.0,1200167.0,0.8680551343128975,1.520407832257818,0.6393968506049574
2017-04-20,238322.0,288465.0,108938435.0,78355044.0,757678.0,1185821.0,0.8261730192571023,1.3903180885202489,0.6389480368453586
2017-04-21,275327.0,345653.0,118193790.0,105543719.0,747246.0,1155842.0,0.7965416183282078,1.1198562180663731,0.6464949361590944
2017-04-24,280138.0,366845.0,129640983.0,118096342.0,756403.0,1160911.0,0.7636413199035015,1.0977561269425262,0.6515598525640639
2017-04-25,204001.0,306318.0,88835580.0,97691691.0,742150.0,1113839.0,0.6659778400224603,0.909346323015332,0.6662991689104081
2017-04-26,273904.0,396603.0,103095197.0,135951373.0,722697.0,1080558.0,0.690625133950071,0.758324059000125,0.6688183327503012
2017-04-27,296191.0,344928.0,113589691.0,116104762.0,642393.0,909902.0,0.8587038454402078,0.9783379169236831,0.7060024046545672
2017-04-28,170990.0,233648.0,66115569.0,78170380.0,658955.0,951498.0,0.7318273642402247,0.8457879954018389,0.6925448082917673
2017-05-02,137608.0,162551.0,48786671.0,55083998.0,673823.0,977833.0,0.8465527742062491,0.8856777425632758,0.6890982407016331
2017-05-03,174974.0,207817.0,67537849.0,67088384.0,698606.0,1018474.0,0.8419619184186087,1.0066995949701218,0.6859340542812089
2017-05-04,207595.0,257013.0,83566498.0,71996560.0,723227.0,1052133.0,0.8077217883920269,1.1607012612824834,0.687391232857443
2017-05-05,397063.0,384974.0,169253489.0,107611890.0,738393.0,1100312.0,1.0314021206626942,1.5728140171127931,0.6710760220737391
2017-05-08,265297.0,275751.0,121114144.0,83164510.0,745189.0,1114526.0,0.9620889860780196,1.4563200576784496,0.6686151781115919
2017-05-09,165484.0,177972.0,68429060.0,54858879.0,762558.0,1130943.0,0.929831658912638,1.247365262421786,0.6742674033969882
2017-05-10,221859.0,278019.0,79469315.0,92148091.0,758747.0,1108971.0,0.7979994173060114,0.862408696019541,0.6841901185874112
2017-05-11,232984.0,295624.0,84486568.0,101045011.0,765760.0,1095471.0,0.7881092198197711,0.8361280499044134,0.6990235250408272
2017-05-12,412252.0,567503.0,123071975.0,214286711.0,771702.0,991170.0,0.7264314021247464,0.5743332119181203,0.7785768334392688
2017-05-15,276265.0,429075.0,80750873.0,172560444.0,789381.0,957073.0,0.6438617957233583,0.4679570307549742,0.8247866150230965
2017-05-16,233617.0,311648.0,69004869.0,123201803.0,797138.0,964991.0,0.7496181589485573,0.5600962593055557,0.8260574450953428
2017-05-17,186366.0,248580.0,52652810.0,95183138.0,806960.0,972439.0,0.7497224233647115,0.5531737144450942,0.8298309714028335
2017-05-18,254393.0,263562.0,87948766.0,86499752.0,801812.0,990907.0,0.9652112216480373,1.0167516549642825,0.8091697808169687
2017-05-19,166784.0,194544.0,49086626.0,70881764.0,808007.0,991055.0,0.8573073443539765,0.6925141704994814,0.8152998572228585
2017-05-22,241731.0,358630.0,74907929.0,150273865.0,815994.0,960067.0,0.6740400970359424,0.49847609229988193,0.8499344316594571
2017-05-23,377874.0,658939.0,102786164.0,296923295.0,841477.0,904908.0,0.5734582412029035,0.34617076440566913,0.9299033713924509
2017-05-24,310406.0,491958.0,98085335.0,233249878.0,837465.0,869110.0,0.6309603665353546,0.4205161256290132,0.9635891889404103
2017-05-25,642596.0,929700.0,180828432.0,563716205.0,776693.0,737548.0,0.6911864042164139,0.32077919775252867,1.0530745117605904
2017-05-26,424688.0,616745.0,103109729.0,428024441.0,799828.0,736247.0,0.6885957729693796,0.24089682532871995,1.0863582466210389
2017-05-31,387625.0,601114.0,100207292.0,395012985.0,835912.0,752537.0,0.6448444055536886,0.25368100747371636,1.1107918946178061
2017-06-01,261785.0,386648.0,82605721.0,238358352.0,865518.0,766471.0,0.6770628582069479,0.34656105106818325,1.1292247195262444
2017-06-02,280235.0,384807.0,97539018.0,228564746.0,885709.0,796813.0,0.7282481867533594,0.42674568019339254,1.1115644448572
2017-06-05,308038.0,351040.0,118488528.0,176059231.0,871787.0,830597.0,0.8775011394712853,0.6730037801880436,1.049590836470635
2017-06-06,230312.0,333931.0,85148512.0,175132155.0,890124.0,850913.0,0.6896993690313268,0.4861957645641944,1.0460810917214804
2017-06-07,301508.0,493440.0,94838609.0,279481945.0,904586.0,843328.0,0.6110327496757458,0.33933715825542865,1.0726384040373378
2017-06-08,274922.0,429446.0,87324942.0,273748255.0,932439.0,834101.0,0.6401782761977058,0.318997255343235,1.1178969932897815
2017-06-09,380919.0,583391.0,117577641.0,455238926.0,950681.0,782388.0,0.6529394522712898,0.2582767735463817,1.2151017142389708
2017-06-12,323443.0,430211.0,101432345.0,283807935.0,987352.0,792260.0,0.7518241049159599,0.35739784724482776,1.2462474440209022
2017-06-13,277138.0,341698.0,102996108.0,233495358.0,1003602.0,810968.0,0.8110612295067574,0.4411055914867481,1.237535883043474
2017-06-14,348658.0,404058.0,126442517.0,243640123.0,967298.0,842207.0,0.8628909710982087,0.5189724723624441,1.1485276185070892
2017-06-15,344355.0,402307.0,131026541.0,197102202.0,934584.0,882325.0,0.8559508037394328,0.6647644707693321,1.0592287422435043
2017-06-16,218474.0,321251.0,85335105.0,143550273.0,928529.0,904159.0,0.6800725912137239,0.594461460898789,1.0269532239351706
2017-06-19,340442.0,473013.0,103494373.0,255041111.0,935433.0,899720.0,0.719730747357895,0.40579486418564104,1.039693460187614
2017-06-20,280419.0,374605.0,96989418.0,188885469.0,942393.0,916742.0,0.7485724963628355,0.513482686166822,1.0279806095935389
2017-06-21,356800.0,493569.0,104789536.0,241932567.0,962826.0,901280.0,0.7228979129564458,0.4331353041858147,1.068287324693769
2017-06-22,578517.0,886530.0,150566119.0,555575796.0,988123.0,816873.0,0.6525633650299483,0.27100914057818315,1.2096409111330648
2017-06-23,397034.0,552981.0,119295937.0,331136751.0,1005372.0,806216.0,0.7179885023174395,0.3602618454150382,1.2470256110025104
2017-06-26,370336.0,647523.0,107267621.0,455730989.0,1029134.0,785321.0,0.5719271747876137,0.23537486716752545,1.3104628553164883
2017-06-27,314761.0,467327.0,98332350.0,336217127.0,1035514.0,762769.0,0.6735348053932257,0.2924668082123015,1.3575722138681567
2017-06-28,293734.0,472762.0,93454807.0,312215003.0,1040706.0,724492.0,0.6213147418785774,0.2993283669971491,1.436463066534896
2017-06-29,281269.0,365471.0,106243411.0,217800740.0,694148.0,674797.0,0.7696068908340197,0.4878009643126098,1.0286767724219283
2017-06-30,218495.0,283593.0,87282740.0,182694624.0,720877.0,707691.0,0.7704527262661631,0.4777520984963411,1.0186324257338302
2017-07-03,254944.0,301469.0,106526764.0,159255302.0,744788.0,727316.0,0.8456723576885186,0.6689056041600423,1.0240225706570458
2017-07-04,271182.0,333434.0,118760156.0,166322421.0,736535.0,761456.0,0.8133003832842481,0.7140357582938262,0.967271910655376
2017-07-05,341054.0,492743.0,126873792.0,269033745.0,775574.0,753115.0,0.6921539220242601,0.47159062518346906,1.0298214748079642
2017-07-06,323492.0,487366.0,109784693.0,299854123.0,798124.0,761904.0,0.6637557810762343,0.366127008365331,1.0475387975387975
2017-07-07,234314.0,309393.0,82818729.0,193061310.0,819668.0,793462.0,0.7573345227590799,0.428976313275819,1.0330274165618518
2017-07-10,255336.0,354357.0,76433939.0,205807729.0,843149.0,795546.0,0.720561467672432,0.3713851728085489,1.059836891895629
2017-07-11,535563.0,743787.0,146326141.0,474395792.0,855983.0,736607.0,0.7200488849630338,0.3084473839515001,1.1620619950665687
2017-07-12,542862.0,740646.0,173687112.0,493469552.0,879291.0,741134.0,0.7329574452572484,0.3519712843397479,1.186412983347141
2017-07-13,406459.0,574348.0,131198852.0,388757276.0,926778.0,742440.0,0.7076876736751935,0.337482691899508,1.2482867302408276
2017-07-14,479907.0,699917.0,153303313.0,480270766.0,957240.0,741770.0,0.6856627285806746,0.31920184165446375,1.2904808768216562
2017-07-17,676125.0,989590.0,199678749.0,908312690.0,994476.0,719074.0,0.6832375023999838,0.21983481151188144,1.3829953523559466
2017-07-18,496918.0,648189.0,164223777.0,494442153.0,966611.0,754484.0,0.7666251664252247,0.33213951521645446,1.2811550675693586
2017-07-19,512554.0,752410.0,144317504.0,597659475.0,967201.0,707839.0,0.6812163581026303,0.24147112199635085,1.366413831393862
2017-07-20,436805.0,602482.0,140707190.0,452905253.0,966566.0,757015.0,0.7250092118934673,0.310676877929698,1.2768122164025812
2017-07-21,351899.0,491255.0,125249006.0,341286833.0,963831.0,777192.0,0.7163265513837009,0.3669904429040777,1.240145292282988
2017-07-24,412615.0,555191.0,129899812.0,407811188.0,996122.0,770289.0,0.7431946843518717,0.3185292993972495,1.2931795728616142
2017-07-25,307386.0,447997.0,104318030.0,332336398.0,996266.0,762270.0,0.6861340589334304,0.3138928827169873,1.306972595012266
2017-07-26,419941.0,553069.0,170853987.0,380077777.0,986560.0,765935.0,0.7592922402087262,0.4495237483984758,1.2880466358111329
2017-07-27,356976.0,422857.0,152639371.0,290781594.0,710208.0,746596.0,0.8442002852027991,0.5249278982905637,0.9512614586737673
2017-07-28,258733.0,308462.0,102886594.0,218616395.0,741627.0,781675.0,0.8387840317445909,0.47062615774997113,0.9487664310615025
2017-07-31,259841.0,315858.0,102688913.0,245369248.0,769105.0,813790.0,0.8226513179973279,0.4185076729745693,0.9450902567001315
2017-08-01,377093.0,482922.0,118415631.0,397851980.0,802850.0,784690.0,0.7808569499836413,0.2976374052480523,1.0231428971950707
2017-08-02,393703.0,493147.0,118058775.0,457689284.0,832238.0,793755.0,0.7983481598793057,0.2579452461028124,1.0484822142852643
2017-08-03,366256.0,498832.0,137334600.0,357272221.0,835089.0,863194.0,0.7342271546332232,0.3843976439466868,0.9674406912003559
2017-08-04,340502.0,414168.0,139421724.0,245762170.0,831309.0,900946.0,0.822134979042321,0.567303438116615,0.9227067992976271
2017-08-07,292420.0,356726.0,115828969.0,179883981.0,829820.0,927856.0,0.8197327921149565,0.6439093039640923,0.8943413633149971
2017-08-08,258225.0,341305.0,103564193.0,211828522.0,834994.0,936359.0,0.7565813568509104,0.48890579994699673,0.8917455804878257
2017-08-09,272884.0,353952.0,107097430.0,200604079.0,832846.0,935648.0,0.7709632944580056,0.533874637713623,0.8901274838400766
2017-08-10,497007.0,613230.0,202026762.0,304176731.0,825115.0,937445.0,0.8104740472579619,0.6641755973108936,0.8801743035591422
2017-08-11,531621.0,618952.0,251604670.0,281853054.0,797998.0,977063.0,0.8589050524111724,0.8926803042552804,0.8167313673734446
2017-08-14,399417.0,514881.0,168724330.0,263917607.0,802164.0,947034.0,0.7757462403934113,0.6393068348789628,0.8470276674332706
2017-08-15,361691.0,498325.0,140294149.0,266808354.0,814945.0,930452.0,0.7258134751417248,0.5258236741717615,0.8758592598006131
2017-08-16,280537.0,332430.0,127104934.0,155365094.0,820890.0,952451.0,0.8438979634810336,0.818104831192005,0.8618711093799051
2017-08-17,278447.0,336569.0,105695966.0,157443020.0,824503.0,953209.0,0.827310298928303,0.6713283700985918,0.8649760965328694
2017-08-18,342198.0,429375.0,118193698.0,208234723.0,829538.0,930737.0,0.7969676855895197,0.5675984115290897,0.8912700365409347
2017-08-21,290143.0,374748.0,98574239.0,191388452.0,819611.0,929139.0,0.7742349525547835,0.5150479977757487,0.8821188218339775
2017-08-22,336027.0,489006.0,105439395.0,264086305.0,822642.0,878214.0,0.6871633476889855,0.39926112412379733,0.9367215735572423
2017-08-23,340107.0,608192.0,107849424.0,367576959.0,847201.0,792276.0,0.5592099205514048,0.29340637751997944,1.0693255885575228
2017-08-24,370893.0,472290.0,139907731.0,310033140.0,692158.0,685259.0,0.7853077558279871,0.4512670193902497,1.0100677262173865
2017-08-25,496290.0,644810.0,145584202.0,444007258.0,759242.0,665286.0,0.7696685845442843,0.32788698692848844,1.1412264800401632
2017-08-28,550614.0,746657.0,159404324.0,671809501.0,803650.0,665012.0,0.7374390114872023,0.23727607865432673,1.2084744335440563
2017-08-29,255981.0,379153.0,90621860.0,269813911.0,824847.0,707269.0,0.6751390599573259,0.3358680049673199,1.1662422642587191
2017-08-30,334944.0,497880.0,130108090.0,445148782.0,868925.0,739723.0,0.6727404193781634,0.2922800089791103,1.1746626777861442
2017-08-31,334250.0,442978.0,137049614.0,357647513.0,876346.0,797987.0,0.7545521448017735,0.38319744725863647,1.0981958352704995
2017-09-01,311032.0,436789.0,127264067.0,313792747.0,898753.0,836422.0,0.7120875296768004,0.40556726762075224,1.0745209953827135
2017-09-04,216493.0,289529.0,81778299.0,182616362.0,915873.0,871955.0,0.7477420223880855,0.44781474181377023,1.050367278127885
2017-09-05,277535.0,433979.0,102365339.0,329694938.0,932840.0,875947.0,0.6395125109740333,0.31048501872964757,1.0649502766719905
2017-09-06,251527.0,395599.0,96390730.0,274303507.0,936659.0,912324.0,0.6358130328944208,0.3514017412836067,1.026673637874264
2017-09-07,271515.0,400669.0,106968397.0,251185806.0,936139.0,926038.0,0.6776541234784822,0.42585366865833174,1.0109077597247629
2017-09-08,261229.0,376885.0,117559296.0,234477947.0,932420.0,955517.0,0.6931265505392892,0.5013661092827634,0.9758277456078751
2017-09-11,305033.0,442975.0,135732366.0,284098033.0,936725.0,1002622.0,0.6886009368474519,0.4777659477846508,0.9342753300845184
2017-09-12,276446.0,429357.0,130166852.0,279666259.0,946293.0,1028336.0,0.6438604704243788,0.46543638287091327,0.9202177109427269
2017-09-13,177498.0,326797.0,80765122.0,192096285.0,953962.0,1061414.0,0.5431445209105347,0.4204408325751849,0.8987652320395246
2017-09-14,304258.0,482492.0,138082134.0,237290173.0,935108.0,1048668.0,0.6305969839914444,0.5819125682882789,0.8917102457593824
2017-09-15,279245.0,424244.0,124977096.0,224722372.0,933397.0,1060719.0,0.6582179123334685,0.5561399823601008,0.8799663247287924
2017-09-18,342376.0,514703.0,132443517.0,259202454.0,943086.0,1062862.0,0.6651913822145975,0.5109655211829128,0.8873080418718516
2017-09-19,280419.0,455969.0,112734662.0,220254064.0,937484.0,1070408.0,0.6149957562904496,0.5118391913077255,0.8758193137569973
2017-09-20,214423.0,331333.0,86491925.0,146908057.0,941717.0,1080374.0,0.6471525625277289,0.5887486824497311,0.8716583331327855
2017-09-21,277266.0,409834.0,99249800.0,193914318.0,946340.0,1073277.0,0.6765324497235466,0.5118229588389651,0.881729506921326
2017-09-22,244048.0,377070.0,88805509.0,167275978.0,940253.0,1065841.0,0.6472220012199327,0.5308921822594276,0.8821700422483278
2017-09-25,238161.0,358020.0,86028315.0,179974254.0,936979.0,1059941.0,0.6652170269817329,0.47800345376066955,0.8839916561393512
2017-09-26,189599.0,329356.0,65881362.0,185188348.0,928056.0,1035032.0,0.57566584486088,0.3557532788186004,0.8966447414186228
2017-09-27,215275.0,380705.0,94726948.0,179360476.0,914571.0,1016336.0,0.5654640732325554,0.5281372469149781,0.8998707120479841
2017-09-28,219025.0,319118.0,81999843.0,124129807.0,608704.0,808448.0,0.6863448630287229,0.6605975227207113,0.7529290690310323
2017-09-29,200803.0,303022.0,67165779.0,144393337.0,642436.0,853042.0,0.6626680571047646,0.4651584373314954,0.7531118045770314
2017-10-09,380575.0,611421.0,106747146.0,334648560.0,669016.0,853245.0,0.6224434554913881,0.31898283381228354,0.7840842899753295
2017-10-10,289684.0,448081.0,99548995.0,211006179.0,693783.0,921492.0,0.646499182067528,0.47178236898929865,0.7528909637848186
2017-10-11,194406.0,363362.0,60187014.0,177020784.0,700309.0,911940.0,0.5350201727203174,0.33999970308571226,0.7679331973594754
2017-10-12,187453.0,305794.0,57516943.0,158267474.0,714941.0,901360.0,0.6130041792840932,0.36341606741003524,0.7931803053164107
2017-10-13,142289.0,241432.0,41619049.0,117309092.0,721547.0,913226.0,0.5893543523642267,0.35478110255938217,0.7901078155900073
2017-10-16,267279.0,430291.0,71172794.0,249512767.0,724440.0,879354.0,0.6211587042257449,0.2852471032073481,0.8238320403387032
2017-10-17,199481.0,312225.0,52000717.0,147398222.0,724341.0,884138.0,0.6389014332612699,0.3527906666336857,0.8192623775926382
2017-10-18,276386.0,444851.0,63955680.0,223543517.0,729212.0,816508.0,0.6213001656734503,0.2860994622358026,0.8930861669450881
2017-10-19,249264.0,426364.0,58147920.0,220937876.0,737797.0,820766.0,0.5846272199341408,0.263186743046267,0.8989127229929115
2017-10-20,248112.0,345830.0,57644466.0,149600132.0,739546.0,838021.0,0.7174392042332938,0.38532363059679653,0.8824910115617628
2017-10-23,184687.0,313052.0,50414143.0,142061652.0,744341.0,834736.0,0.5899563011895788,0.3548751002839246,0.8917082766287785
2017-10-24,319722.0,592148.0,88407050.0,309688959.0,780222.0,775119.0,0.5399359619554571,0.2854704613476388,1.0065835052424208
2017-10-25,259079.0,461486.0,71259103.0,238176088.0,798966.0,741457.0,0.5614016459870939,0.2991866379130385,1.077562151277822
2017-10-26,451094.0,599039.0,127295048.0,413913721.0,658753.0,599526.0,0.7530294354791591,0.3075400537398469,1.0987897105379916
2017-10-27,511376.0,675187.0,140071157.0,442793110.0,718737.0,623595.0,0.7573842505853934,0.31633544839936645,1.1525701777596036
2017-10-30,466059.0,661698.0,146905178.0,462554718.0,735679.0,642783.0,0.7043379305967374,0.317595242861624,1.144521557041801
2017-10-31,244351.0,311481.0,75010233.0,190901624.0,751136.0,677220.0,0.7844812364157043,0.39292611256151494,1.1091462154100589
2017-11-01,394275.0,591732.0,123728415.0,375144316.0,769127.0,694656.0,0.6663067064143903,0.3298155129185004,1.107205580891837
2017-11-02,287427.0,389116.0,97676920.0,206502878.0,779901.0,713440.0,0.7386666186946823,0.4730051268341161,1.093155696344472
2017-11-03,331074.0,406059.0,110986374.0,232292805.0,786939.0,732239.0,0.8153347173686583,0.4777865332505671,1.0747023854233386
2017-11-06,252485.0,336727.0,81646403.0,178182383.0,802851.0,762397.0,0.7498210716693345,0.4582181561686713,1.053061593893995
2017-11-07,482089.0,705961.0,123696524.0,454317411.0,813397.0,709556.0,0.6828833320820838,0.2722689489881778,1.1463464476376777
2017-11-08,485585.0,745447.0,146297992.0,449382019.0,843396.0,729524.0,0.6514011056453376,0.3255537289310189,1.1560908208640155
2017-11-09,335168.0,448214.0,100718231.0,231273714.0,853156.0,757955.0,0.7477856559589838,0.4354936376383872,1.1256024434168255
2017-11-10,551373.0,886673.0,142588613.0,541506717.0,904080.0,685694.0,0.6218448063716838,0.26331827200584845,1.3184890052997402
2017-11-13,464504.0,669791.0,115749089.0,485858278.0,940941.0,688608.0,0.6935058846714871,0.23823632166250752,1.3664392513592638
2017-11-14,439283.0,562933.0,136313673.0,306325888.0,952746.0,736423.0,0.7803468618823199,0.44499560219996814,1.293748294119005
2017-11-15,409068.0,532741.0,145921845.0,291279204.0,950607.0,787754.0,0.767855299291776,0.5009689775175299,1.2067307814368444
2017-11-16,457670.0,647352.0,122376384.0,373815307.0,961122.0,759297.0,0.7069878520495805,0.32737124913935106,1.2658050802255243
2017-11-17,666340.0,1066165.0,190176037.0,740749775.0,982198.0,670802.0,0.6249876895227287,0.2567345187516257,1.4642144775954753
2017-11-20,690981.0,1030607.0,262414950.0,714384769.0,1012623.0,673189.0,0.6704602239262881,0.36732998992591903,1.5042179833597995
2017-11-21,754956.0,1234967.0,275801150.0,1327164023.0,1048262.0,635393.0,0.6113167396375774,0.20781240692206437,1.6497852510178739
2017-11-22,608176.0,913299.0,257599422.0,1028978622.0,1108974.0,641385.0,0.6659111638138222,0.2503447753844589,1.7290301457003203
2017-11-23,632320.0,894317.0,368333681.0,760185829.0,823865.0,733374.0,0.7070423574638524,0.4845311066697088,1.123389975646805
2017-11-24,728058.0,873111.0,421179481.0,672850777.0,820139.0,782817.0,0.8338664843301711,0.6259626880092017,1.0476765323185369
2017-11-27,629313.0,826365.0,388591055.0,581147291.0,829752.0,834777.0,0.7615436278157957,0.6686619055409139,0.9939804283060026
2017-11-28,474875.0,580522.0,263240101.0,366235212.0,850925.0,898237.0,0.8180137875911679,0.7187733248325668,0.9473279323831015
2017-11-29,617392.0,758161.0,337855484.0,442137955.0,863109.0,954496.0,0.8143283550591497,0.7641404230948686,0.9042562776585759
2017-11-30,523404.0,686114.0,317761658.0,427560678.0,873138.0,1000452.0,0.7628528203767887,0.7431966369928902,0.8727435199289921
2017-12-01,591880.0,631920.0,363127957.0,334228214.0,847143.0,1029663.0,0.9366375490568426,1.0864670958029892,0.8227381191710298
2017-12-04,494929.0,651756.0,293127096.0,301090157.0,856833.0,1010660.0,0.7593777425907855,0.973552569504954,0.8477954999703164
2017-12-05,643232.0,877486.0,286330081.0,476127347.0,880347.0,953496.0,0.7330396154468561,0.6013728948864598,0.9232833698306023
2017-12-06,663016.0,746478.0,359992418.0,407917326.0,890097.0,997340.0,0.8881922843004081,0.8825131835660248,0.892470972787615
2017-12-07,543248.0,656493.0,306661793.0,298518056.0,888346.0,1029976.0,0.8275000647379332,1.0272805508287244,0.8624919415598034
2017-12-08,494748.0,632153.0,226609440.0,281806014.0,902907.0,1043461.0,0.7826396457819547,0.8041327322418321,0.8653001885072849
2017-12-11,383581.0,497031.0,131730352.0,248787499.0,913575.0,1039536.0,0.7717446195508932,0.5294894338722381,0.8788295932031214
2017-12-12,441813.0,559865.0,167712227.0,260735081.0,931484.0,1076835.0,0.7891420253096728,0.643228469129553,0.8650201748643014
2017-12-13,516816.0,630714.0,220786816.0,278725096.0,933242.0,1090505.0,0.8194141877300963,0.792131096799407,0.8557888317797717
2017-12-14,458800.0,505097.0,199414977.0,223628882.0,933396.0,1093646.0,0.9083403781847843,0.8917228187010299,0.8534717815453995
2017-12-15,572764.0,650354.0,285423175.0,253013027.0,935229.0,1122375.0,0.8806957441639476,1.1280967560614972,0.8332589375208821
2017-12-18,544519.0,592697.0,225823783.0,239210605.0,929164.0,1133505.0,0.9187139465865358,0.9440375061966839,0.8197264237916904
2017-12-19,501825.0,740515.0,151589712.0,292598653.0,936917.0,1083948.0,0.677670270014787,0.5180806898656503,0.8643560392195936
2017-12-20,488168.0,672038.0,149194988.0,301662047.0,942906.0,1074597.0,0.7263994000339267,0.49457659484754474,0.8774508024868858
2017-12-21,529209.0,783777.0,171483381.0,412586663.0,949537.0,1064103.0,0.6752035336581707,0.41562996669138574,0.8923356103685451
2017-12-22,299071.0,443917.0,105937726.0,206534694.0,944964.0,1102165.0,0.6737092744814909,0.5129294451614023,0.8573707203549378
2017-12-25,517634.0,773491.0,208872925.0,457175248.0,924836.0,1086430.0,0.6692178706668855,0.4568771514069371,0.8512614710565798
2017-12-26,463887.0,620833.0,189859363.0,329012171.0,922495.0,1072634.0,0.7472009380944634,0.5770587830320721,0.8600277447852669
2017-12-27,558138.0,678419.0,283031392.0,378966534.0,862772.0,1127488.0,0.8227039631849934,0.7468506229629237,0.7652161264687518
2017-12-28,465693.0,619301.0,238710266.0,342635219.0,604977.0,816607.0,0.7519655224196312,0.6966892273849992,0.7408422901101754
2017-12-29,290595.0,432873.0,141104413.0,229863122.0,627022.0,845421.0,0.6713169913577424,0.6138627709058959,0.7416683522174159
2018-01-02,442241.0,633006.0,176955913.0,395825304.0,659717.0,816327.0,0.6986363478387251,0.44705558541047696,0.8081528603121053
2018-01-03,561355.0,803843.0,222459410.0,510058988.0,693536.0,823816.0,0.6983391035314109,0.43614447590128536,0.8418578905969294
2018-01-04,337471.0,442119.0,145542664.0,267903183.0,722778.0,831621.0,0.763303544973186,0.5432659006518784,0.8691194666801343
2018-01-05,335530.0,421554.0,143818615.0,259647879.0,747358.0,832773.0,0.7959359892208353,0.5538986705914898,0.8974330339720428
2018-01-08,335490.0,435278.0,134202935.0,278044976.0,780010.0,844846.0,0.7707488088072451,0.48266628273837253,0.923257019622511
2018-01-09,458346.0,536268.0,146841541.0,364662341.0,804727.0,822730.0,0.8546957864351407,0.402678106539112,0.9781179730895919
2018-01-10,634436.0,764076.0,190380675.0,502661733.0,849773.0,804980.0,0.8303310141923055,0.3787451132668577,1.0556448607418818
2018-01-11,453762.0,650540.0,171223659.0,427940612.0,883188.0,827049.0,0.6975159098595013,0.40011079621487294,1.0678786867525383
2018-01-12,495435.0,665120.0,167963718.0,443260799.0,927940.0,814769.0,0.7448806230454654,0.37892752614020353,1.1388994917577866
2018-01-15,707267.0,1109116.0,236353440.0,898770829.0,979178.0,798765.0,0.637685327774552,0.26297408902664776,1.2258649289841193
2018-01-16,523308.0,798829.0,195210744.0,589754136.0,998773.0,827519.0,0.6550938936868842,0.33100360316930444,1.2069487226275166
2018-01-17,923379.0,1386398.0,347675911.0,1183088571.0,1036461.0,802264.0,0.6660273601087133,0.2938714137912165,1.2919201160715177
2018-01-18,544009.0,882066.0,227900755.0,723041715.0,1042515.0,815155.0,0.6167440985141701,0.3151972428036189,1.2789162797259417
2018-01-19,692865.0,1042081.0,291915142.0,906482826.0,1070141.0,800935.0,0.6648859349705061,0.32203052680889954,1.336114665984131
2018-01-22,594248.0,722730.0,239464855.0,612532283.0,1073109.0,808248.0,0.822226834364147,0.3909424231930646,1.327697686848591
2018-01-23,649676.0,969106.0,260063452.0,947159595.0,1090480.0,788056.0,0.6703869339370513,0.2745719447629098,1.3837595297796095
2018-01-24,651243.0,999390.0,307743379.0,1003339202.0,1105008.0,747335.0,0.6516405007054303,0.30671918169504553,1.4785979513872627
2018-01-25,618912.0,776237.0,403665363.0,796880735.0,805108.0,717502.0,0.7973234978492394,0.5065568099095783,1.122098614359263
2018-01-26,489101.0,633928.0,270827963.0,649087474.0,844075.0,756775.0,0.7715403011067503,0.4172441679255083,1.1153579333355357
2018-01-29,565385.0,676034.0,334462511.0,607423119.0,866780.0,831977.0,0.8363262794474834,0.550625256988284,1.0418316852509144
2018-01-30,486223.0,604152.0,325780471.0,445672247.0,863361.0,863142.0,0.8048024338246005,0.730986668326242,1.0002537241844331
2018-01-31,424829.0,554223.0,269257865.0,424990612.0,854390.0,888021.0,0.7665308007787479,0.633561912657026,0.9621281478703769
2018-02-01,420205.0,569279.0,242259760.0,459666130.0,875786.0,892065.0,0.738135430957404,0.5270341758702126,0.9817513297797806
2018-02-02,455973.0,573087.0,249755251.0,475823025.0,890556.0,909987.0,0.7956435933811097,0.524891057972657,0.9786469477036485
2018-02-05,438857.0,594009.0,222348229.0,546415257.0,929107.0,899658.0,0.7388053042967363,0.40692170679999884,1.0327335498600578
2018-02-06,725441.0,819963.0,444042951.0,732685843.0,896951.0,969961.0,0.884724066817649,0.6060482200418331,0.9247289324003749
2018-02-07,970611.0,1058222.0,649459849.0,832926924.0,840710.0,1025521.0,0.9172092434290725,0.7797320872773228,0.819788185712433
2018-02-08,934618.0,1063718.0,896644282.0,648903050.0,747980.0,1114271.0,0.8786332467815718,1.3817846625932795,0.67127296680969
2018-02-09,1049411.0,1234724.0,1932685367.0,640738616.0,566983.0,1049613.0,0.8499154466909205,3.0163397659179014,0.5401829055089828
2018-02-12,565457.0,822245.0,736490908.0,399046077.0,561472.0,1057866.0,0.6876989218541919,1.8456287392596018,0.5307590942520131
2018-02-13,476802.0,622626.0,417740615.0,358426026.0,568896.0,1031547.0,0.7657919842730628,1.1654862780528108,0.5514978958787142
2018-02-14,282596.0,358295.0,230047014.0,212671812.0,588887.0,1026837.0,0.7887243751657154,1.0816996001331856,0.5734960855520399
2018-02-22,388735.0,425346.0,215376280.0,307112379.0,631034.0,1014104.0,0.9139265445072953,0.701294687961764,0.6222576777135284
2018-02-23,415952.0,496721.0,223963258.0,321535372.0,654694.0,1008950.0,0.8373956406111278,0.69654314113845,0.648886466128153
2018-02-26,495132.0,554878.0,278447321.0,348117036.0,672472.0,1023658.0,0.8923258806440335,0.7998669763464262,0.6569303419696813
2018-02-27,540895.0,574343.0,328897294.0,317169157.0,685451.0,1044296.0,0.941763023141224,1.0369775457075734,0.6563761615480669
2018-02-28,553490.0,540996.0,371009546.0,255255568.0,656047.0,1075674.0,1.0230944406243299,1.453482675841179,0.6098938897844515
2018-03-01,425756.0,455895.0,295622226.0,271735058.0,565887.0,799562.0,0.9338904791673521,1.0879060956499769,0.7077462410669841
2018-03-02,342961.0,374976.0,252844250.0,220758403.0,585302.0,834491.0,0.9146212024236218,1.1453437176749282,0.701388031746298
2018-03-05,388089.0,425777.0,297085826.0,234297683.0,610050.0,860015.0,0.9114841806861338,1.2679844810927985,0.7093480927658239
2018-03-06,398394.0,480084.0,259174718.0,269463557.0,616159.0,885686.0,0.8298422776014197,0.9618173265633838,0.6956856041531649
2018-03-07,383471.0,530804.0,243054557.0,315659884.0,638601.0,912977.0,0.7224342695232139,0.7699887420601093,0.6994710710127419
2018-03-08,266816.0,340018.0,161514457.0,199728515.0,646473.0,917038.0,0.7847113976318901,0.8086699938664241,0.7049577007713966
2018-03-09,271223.0,313883.0,151643964.0,200014070.0,655334.0,936719.0,0.8640894855726496,0.7581664829879218,0.6996057515647702
2018-03-12,257545.0,357254.0,150742633.0,228006849.0,665224.0,980030.0,0.720901655404838,0.6611320390643177,0.6787792210442537
2018-03-13,299112.0,416033.0,180777069.0,211259474.0,676899.0,996560.0,0.7189621977102778,0.8557110626906134,0.6792355703620454
2018-03-14,314871.0,371080.0,198183342.0,160299059.0,673849.0,1000852.0,0.8485259243289857,1.236335030513186,0.6732753693852838
2018-03-15,286914.0,326183.0,159619874.0,168926816.0,687731.0,1007457.0,0.8796105253799248,0.9449054790685216,0.682640549422953
2018-03-16,354418.0,388307.0,185583658.0,197153434.0,693994.0,1014292.0,0.9127262707084858,0.9413158788804054,0.6842151964128673
2018-03-19,356616.0,388463.0,194459685.0,179275686.0,713244.0,1012919.0,0.91801793220976,1.08469636535096,0.7041471233139076
2018-03-20,351093.0,418485.0,179811868.0,200648245.0,724959.0,1011918.0,0.8389619699630811,0.8961547009793183,0.7164206981198081
2018-03-21,481122.0,515582.0,216860130.0,277192701.0,741804.0,1019332.0,0.9331629110403389,0.7823443013385839,0.7277354188821699
2018-03-22,553224.0,549494.0,314584322.0,246999180.0,722969.0,1029853.0,1.0067880631999622,1.2736249650707343,0.7020118405248128
2018-03-23,914006.0,818394.0,787330445.0,309106907.0,665392.0,1026436.0,1.1168288135054754,2.547113723990645,0.6482547377527679
2018-03-26,741874.0,728742.0,709362434.0,289588624.0,608986.0,1045913.0,1.0180200949032716,2.4495521412470955,0.5822530172203615
2018-03-27,550710.0,628316.0,521980567.0,234262267.0,604418.0,1097320.0,0.87648571737788,2.228188831622636,0.5508128895855356
2018-03-28,670867.0,618399.0,589908832.0,240736707.0,561265.0,1133577.0,1.0848448978733796,2.4504315912238512,0.4951273711446157
2018-03-29,616734.0,692441.0,550901011.0,380229043.0,446325.0,761187.0,0.8906664972178135,1.4488662061514328,0.5863539445628998
2018-03-30,320089.0,371732.0,283470020.0,231769501.0,478161.0,825171.0,0.8610746451744805,1.2230686901293368,0.5794689827926576
2018-04-02,314638.0,385647.0,237199794.0,246478057.0,498888.0,848192.0,0.8158704722194131,0.9623566368830958,0.5881781483437712
2018-04-03,371386.0,405451.0,325387459.0,204709789.0,520985.0,868463.0,0.9159824491738829,1.5895061031986115,0.5998931445553811
2018-04-04,304329.0,360573.0,228741636.0,199672883.0,538012.0,884958.0,0.8440149428825786,1.1455818765335302,0.6079520158018799
2018-04-09,274921.0,316182.0,223659734.0,170234756.0,546378.0,910760.0,0.8695023752142753,1.313831201426341,0.5999143572401071
2018-04-10,411807.0,520546.0,229950804.0,300488928.0,564873.0,879463.0,0.7911058772903835,0.7652554972008819,0.6422930811188191
2018-04-11,413640.0,511971.0,206749343.0,325082110.0,592319.0,883716.0,0.8079363870219212,0.6359911438989984,0.6702594498685098
2018-04-12,358056.0,408939.0,219544034.0,231913759.0,590866.0,942049.0,0.8755731294887501,0.9466623927215979,0.6272136587374967
2018-04-13,396712.0,406994.0,242425553.0,214927093.0,598853.0,980605.0,0.974736728305577,1.1279431997900795,0.6106974775776179
2018-04-16,617173.0,624614.0,475339798.0,258883736.0,583493.0,1015645.0,0.9880870425574835,1.8361130187027277,0.5745048712886884
2018-04-17,578035.0,583072.0,482036821.0,243844663.0,592169.0,1048929.0,0.9913612727073158,1.9768192384017853,0.5645463134301749
2018-04-18,555474.0,648408.0,452535065.0,277321143.0,592964.0,1085725.0,0.8566735758966577,1.6318087402373067,0.54614566303622
2018-04-19,493178.0,632070.0,325164745.0,296738236.0,593315.0,1045264.0,0.7802585156707327,1.0957965828171872,0.5676221509589922
2018-04-20,541602.0,580318.0,346314084.0,224427235.0,579270.0,1032666.0,0.933284854166164,1.5431018610553215,0.560946133599828
2018-04-23,511857.0,563026.0,370318452.0,230429238.0,569999.0,1037518.0,0.9091178737749234,1.6070810076627515,0.5493870949708825
2018-04-24,620654.0,814815.0,329684874.0,413188576.0,571644.0,997846.0,0.761711554156465,0.7979041366332451,0.572877979167126
2018-04-25,395753.0,451093.0,266525393.0,209750432.0,564187.0,1012213.0,0.8773201978306026,1.2706786367906027,0.5573797214617872
2018-04-26,385117.0,448625.0,301069030.0,239856880.0,464195.0,780013.0,0.8584385622736138,1.2552028109429256,0.5951118763405225
2018-04-27,465529.0,546821.0,378568145.0,290105987.0,495168.0,866857.0,0.8513370920282871,1.3049304804591986,0.5712222431150697
2018-05-02,260597.0,347051.0,189895607.0,185330275.0,511848.0,915152.0,0.7508896386986351,1.0246334928278718,0.5593038096403657
2018-05-03,312223.0,416879.0,224312902.0,219740564.0,525632.0,934497.0,0.7489535332794408,1.0208078923470862,0.5624758559952573
2018-05-04,256166.0,304832.0,188770950.0,166008145.0,553615.0,965847.0,0.8403514066764645,1.1371186034275607,0.5731911990201347
2018-05-07,306783.0,436116.0,200617900.0,235713049.0,556022.0,967822.0,0.7034435792312137,0.8511107079184232,0.574508535660483
2018-05-08,446211.0,582669.0,229788059.0,352837584.0,572903.0,925634.0,0.7658052856767736,0.6512573190048824,0.6189303763690617
2018-05-09,290747.0,338844.0,162465190.0,190235473.0,593083.0,946706.0,0.8580556244171359,0.8540215315153131,0.6264700973691938
2018-05-10,369011.0,379196.0,192681393.0,230608724.0,623110.0,972834.0,0.9731405394571673,0.8355338412956138,0.6405100973033426
2018-05-11,304023.0,363924.0,151131040.0,205493962.0,639796.0,982400.0,0.8354024466646882,0.7354524606421282,0.6512581433224756
2018-05-14,403540.0,511139.0,183254625.0,295720495.0,662086.0,969025.0,0.789491703822248,0.6196886184706272,0.6832496581615541
2018-05-15,377038.0,452715.0,182864703.0,221822014.0,672506.0,992663.0,0.8328374363562064,0.8243758124024606,0.6774766461528232
2018-05-16,444866.0,515508.0,229107609.0,227823582.0,656335.0,981398.0,0.8629662391272298,1.0056360583427224,0.6687755630233605
2018-05-17,427659.0,529524.0,236356021.0,206146753.0,653630.0,1001890.0,0.8076291159607496,1.1465425361320147,0.6523969697272156
2018-05-18,541858.0,766727.0,274528087.0,338540025.0,673447.0,1012541.0,0.7067156888957868,0.8109176662345907,0.6651059068225386
2018-05-21,492669.0,682052.0,221126019.0,357752511.0,682561.0,1035541.0,0.722333487769261,0.6180977413181594,0.6591346938460186
2018-05-22,473889.0,575677.0,241926526.0,265321809.0,676760.0,1056196.0,0.8231855710754469,0.9118229930356008,0.6407522846138406
2018-05-23,471763.0,554722.0,277237639.0,239474640.0,658730.0,1078077.0,0.8504494143012176,1.1576910147980597,0.6110231458420874
2018-05-24,331211.0,402138.0,189381183.0,191233085.0,545168.0,893841.0,0.8236252231820917,0.9903159957912094,0.609916081271725
2018-05-25,294204.0,395308.0,189665691.0,182046883.0,565279.0,928288.0,0.7442399344308741,1.0418508016970551,0.6089478696266676
2018-05-28,257115.0,363825.0,155448639.0,186063954.0,581066.0,974057.0,0.7066996495567924,0.835458108129853,0.5965420914792461
2018-05-29,335615.0,428644.0,219677434.0,208072822.0,594566.0,1001947.0,0.7829690839017927,1.0557718777899787,0.593410629504355
2018-05-30,559114.0,553958.0,378758667.0,228498429.0,597659.0,1023703.0,1.009307564833435,1.6575985605572807,0.5838206979954147
2018-05-31,432270.0,535835.0,257613920.0,259719139.0,617644.0,1032117.0,0.8067222185934103,0.9918942477319702,0.5984244034348819
2018-06-01,338338.0,406459.0,202126948.0,204850856.0,630038.0,1036081.0,0.8324037602808647,0.9867029698914219,0.6080972433622468
2018-06-04,371238.0,469698.0,211594838.0,275439237.0,648151.0,1003675.0,0.7903759436914783,0.7682087719405061,0.6457777667073505
2018-06-05,297509.0,367677.0,142498937.0,210400872.0,665992.0,1001807.0,0.8091585821250717,0.6772735095888766,0.6647907231632441
2018-06-06,219832.0,248343.0,110526687.0,133465171.0,677788.0,1023247.0,0.8851950729434693,0.8281313107522261,0.662389432854433
2018-06-07,363165.0,419087.0,157977484.0,234050225.0,689743.0,1007739.0,0.8665623128371913,0.6749725790693002,0.6844460718499532
2018-06-08,457572.0,441166.0,253106340.0,181778745.0,675414.0,1024758.0,1.0371878159241645,1.3923868821957155,0.65909609878625
2018-06-11,384046.0,409909.0,209598814.0,179934005.0,683553.0,1041951.0,0.9369055082957437,1.1648649403429885,0.6560318095572633
2018-06-12,408352.0,513322.0,200968128.84,245185021.0,703919.0,1011919.0,0.7955084722649721,0.8196590803970851,0.6956278121074908
2018-06-13,314344.0,366738.0,155313616.0,174003309.0,710292.0,1034407.0,0.8571350664507087,0.8925900139059999,0.686665886831779
2018-06-14,490147.0,531275.0,284153270.0,272748105.0,727227.0,1043342.0,0.9225862312361771,1.0418157442377098,0.6970168937893807
2018-06-15,388717.0,438673.0,225909049.0,240084992.0,730546.0,1056528.0,0.8861201851948945,0.940954480819859,0.6914591946451016
2018-06-19,679742.0,722961.0,468599463.0,317433399.0,705176.0,1117599.0,0.9402194585876693,1.476213481241147,0.630974079253829
2018-06-20,606837.0,695690.0,402872457.0,239935142.0,688179.0,1136689.0,0.8722807572338254,1.6790889973091145,0.6054241749502283
2018-06-21,608183.0,720847.0,409284510.27,249892403.0,676901.0,1100440.0,0.8437060846476436,1.6378429490311475,0.6151184980553234
2018-06-22,588595.0,561534.0,410346372.0,190199511.0,663958.0,1129437.0,1.0481912048068327,2.1574522975508597,0.5878663440280423
2018-06-25,666958.0,686762.0,524121042.0,235423085.0,638701.0,1156207.0,0.9711632268529709,2.2262941716187266,0.5524105977562841
2018-06-26,1014668.0,862474.0,786857251.76,287194641.0,594614.0,1225074.0,1.1764621310323558,2.7398047854242518,0.4853698633715188
2018-06-27,884068.0,818155.0,722490389.03,305689245.0,565916.0,1307041.0,1.0805629740085925,2.363479909245744,0.43297494110743273
2018-06-28,710714.0,702844.0,534714448.0,324077912.0,521270.0,829470.0,1.0111973638531453,1.6499564709612176,0.6284374359530784
2018-06-29,480961.0,565222.0,327388094.0,291006762.0,540320.0,846286.0,0.8509240616961123,1.1250188543728754,0.6384602841119905
2018-07-02,786375.0,768643.0,682183637.0,344936352.0,532978.0,916774.0,1.023069227196501,1.9777087368280628,0.5813624731940479
2018-07-03,916567.0,941595.0,758242781.0,438840661.0,588168.0,1016485.0,0.9734195699849723,1.7278316445704196,0.5786292960545409
2018-07-04,580695.0,556683.0,428376289.0,303036204.0,627911.0,1045476.0,1.0431340637310642,1.4136142261074522,0.6005981964196213
2018-07-05,560374.0,561998.0,444156688.0,285438971.0,646169.0,1058035.0,0.9971103100011032,1.5560478180115076,0.6107255431058519
2018-07-06,650031.0,798634.0,437483932.0,437111417.0,673921.0,1069330.0,0.8139285329700463,1.0008522197899947,0.6302273386138985
2018-07-09,625632.0,716342.0,325650708.0,398403923.0,700571.0,1035678.0,0.8733705408868948,0.8173883066909459,0.676437077933489
2018-07-10,511830.0,552937.0,245367782.0,301560355.0,723479.0,1044128.0,0.9256569916645115,0.8136606086698631,0.692902594317938
2018-07-11,659218.0,612377.0,359391198.0,314997582.0,739303.0,1058090.0,1.076490462574525,1.140933196115772,0.6987146651041026
2018-07-12,703277.0,782801.0,278096914.0,441039807.0,765536.0,1038910.0,0.8984109626840027,0.6305483305274528,0.7368645984734
2018-07-13,382415.0,406219.0,163033721.0,222242019.0,779261.0,1049000.0,0.9414010669121828,0.7335863925894229,0.742860819828408
2018-07-16,528126.0,554221.0,268843232.0,269563556.0,782368.0,1063058.0,0.9529158945619166,0.997327813853294,0.7359598441477323
2018-07-17,517556.0,527073.0,261163111.0,223838846.0,777226.0,1086391.0,0.9819436776309923,1.1667461464664628,0.7154201387898096
2018-07-18,653646.0,731133.0,300820049.0,321465142.0,772128.0,1086393.0,0.8940179146612176,0.9357781286283289,0.710726228906114
2018-07-19,618594.0,668127.0,293922225.0,293093072.0,787473.0,1085628.0,0.9258628973234131,1.0028289750908885,0.7253617261161281
2018-07-20,1079619.0,1326087.0,467984961.0,657202405.0,781939.0,994092.0,0.8141388913397085,0.7120865009616025,0.7865861509799897
2018-07-23,767681.0,996640.0,300199585.0,578498523.0,830481.0,949113.0,0.7702691041900787,0.5189288702816619,0.875007507009176
2018-07-24,725129.0,986214.0,288439442.0,614991730.0,893938.0,881209.0,0.7352653683683258,0.46901352966161025,1.0144449273668334
2018-07-25,542618.0,635259.0,288901920.0,386417935.0,907006.0,853832.0,0.8541681424426887,0.7476410741649453,1.0622768881934619
2018-07-26,474455.0,575427.0,250263679.0,344622750.0,599671.0,738880.0,0.8245268296412924,0.7261960477072393,0.8115945755738415
2018-07-27,419197.0,482858.0,218273399.0,271779599.0,616933.0,775482.0,0.8681579263468763,0.8031265032516293,0.7955478012384556
2018-07-30,455616.0,640927.0,242630671.0,374957393.0,646568.0,830058.0,0.7108703487292625,0.6470886440156148,0.7789431581889459
2018-07-31,326000.0,485664.0,170531887.0,287903745.0,664420.0,859940.0,0.6712459642880675,0.5923225729488166,0.7726353001372189
2018-08-01,682838.0,875475.0,356197098.0,469310780.0,665098.0,898992.0,0.7799628772951827,0.7589791523646655,0.7398263833271042
2018-08-02,1142597.0,1012898.0,725071072.0,447161412.0,672613.0,984944.0,1.1280474440664312,1.6214974113195617,0.6828946620315469
2018-08-03,693195.0,611250.0,415967915.0,279593540.0,695597.0,1032170.0,1.1340613496932515,1.487759391722713,0.6739170873015105
2018-08-06,789998.0,790146.0,529080531.0,395363157.0,703087.0,1105131.0,0.9998126928441073,1.3382140486094916,0.6362024049637555
2018-08-07,690474.0,920449.0,397358482.0,463547325.0,738716.0,1057988.0,0.750149112009465,0.8572123288598419,0.6982272010646624
2018-08-08,567841.0,732619.0,299717491.0,360217120.0,759942.0,1091885.0,0.7750836382894792,0.832046769459486,0.6959908781602459
2018-08-09,764934.0,1084878.0,335025910.0,601802721.0,788326.0,1039096.0,0.7050875766676069,0.5567038803734489,0.7586652243873521
2018-08-10,597341.0,744990.0,262391728.0,389098340.0,801410.0,1048209.0,0.8018107625605713,0.6743583845667396,0.7645517258485665
2018-08-13,936439.0,907956.0,475252537.0,422915297.0,791417.0,1121783.0,1.0313704628858666,1.1237534805935383,0.7054991919114482
2018-08-14,683347.0,769726.0,352368933.0,381320395.0,801349.0,1169486.0,0.8877795475273019,0.9240757578676063,0.6852147011593127
2018-08-15,908599.0,895342.0,508354658.0,358471203.0,775402.0,1235913.0,1.0148066325493499,1.418118537125561,0.6273920575315577
2018-08-16,1130181.0,1194598.0,692647716.0,531699637.0,772739.0,1243189.0,0.9460764206871265,1.3027048878726242,0.621578054503378
2018-08-17,989445.0,1026562.0,635718641.0,423123963.0,759668.0,1243070.0,0.9638433918263095,1.5024406476359269,0.6111224629345089
2018-08-20,1070126.0,1141101.0,668072543.0,469734000.0,757858.0,1237655.0,0.9378012989209544,1.4222358675335403,0.6123338086946686
2018-08-21,868197.0,1070757.0,419564622.0,514814477.0,761039.0,1128119.0,0.810825425376626,0.8149821746368644,0.6746087957032901
2018-08-22,564929.0,670090.0,305883802.0,301355046.0,754648.0,1093084.0,0.8430643644883523,1.0150279746767539,0.6903842705592617
2018-08-23,667646.0,800770.0,444655449.0,453612353.0,591717.0,816648.0,0.833755010802103,0.9802542767171951,0.7245679901254886
2018-08-24,614504.0,688536.0,381082102.0,448728594.0,647123.0,835284.0,0.8924791151079973,0.8492485370789632,0.7747341024130715
2018-08-27,558198.0,710251.0,339960800.0,483531752.0,702061.0,843179.0,0.7859165281006292,0.7030785436402944,0.8326357748473338
2018-08-28,358558.0,433975.0,194958097.0,280521997.0,708175.0,865372.0,0.8262181001209747,0.6949832779067233,0.8183474852433404
2018-08-29,284451.0,320092.0,173962955.0,207576348.0,718521.0,886750.0,0.8886538870074854,0.8380673264374031,0.8102858753876515
2018-08-30,433932.0,437175.0,240354508.0,270808864.0,730116.0,919133.0,0.9925819179962257,0.8875429867760901,0.7943529391285048
2018-08-31,563457.0,570593.0,345299455.0,341568062.0,732714.0,962668.0,0.9874937126813683,1.0109243029870867,0.7611284471905163
2018-09-03,536243.0,510399.0,347635929.0,278255268.0,750316.0,1007153.0,1.0506348954445444,1.2493417698744163,0.7449871072220408
2018-09-04,616408.0,698965.0,338973535.0,415853662.0,772173.0,994688.0,0.8818867897534212,0.8151269688710833,0.7762966880066915
2018-09-05,600482.0,640680.0,352695716.0,343123214.0,783831.0,1067887.0,0.937257289130299,1.0278981473984445,0.7340018185444714
2018-09-06,763992.0,714015.0,521950580.0,354499007.0,790015.0,1131508.0,1.0699943278502553,1.4723611905632221,0.6981965659986495
2018-09-07,722458.0,785608.0,445054845.0,415603623.0,809246.0,1132279.0,0.9196163990183399,1.0708637277688025,0.7147054745341034
2018-09-10,548249.0,512038.0,364456850.0,255661189.0,817124.0,1184882.0,1.07071936067245,1.42554625293556,0.6896247896415002
2018-09-11,669535.0,667137.0,416230560.0,302594232.0,825515.0,1276407.0,1.0035944641055736,1.3755402978071307,0.6467490385120107
2018-09-12,630710.0,744198.0,416619467.0,297008530.0,841146.0,1347658.0,0.847502949483874,1.402718861306778,0.6241539025479759
2018-09-13,704499.0,806429.0,414164623.0,345744116.0,859048.0,1352536.0,0.8736032558352936,1.1978934820108407,0.6351387319819953
2018-09-14,618882.0,718765.0,288731051.0,324220743.0,872302.0,1322374.0,0.8610352479600426,0.8905384903149148,0.6596484806870069
2018-09-17,522538.0,609527.0,282067593.0,230124479.0,875268.0,1318281.0,0.8572844189018698,1.2257174648508384,0.6639464575458495
2018-09-18,896803.0,1123490.0,438643391.0,474709115.0,871317.0,1222648.0,0.7982296237616712,0.9240256340980518,0.7126474668097441
2018-09-19,984676.0,1260229.0,379169478.0,652458382.0,884247.0,1116284.0,0.781346882193633,0.5811397147473538,0.7921344389062281
2018-09-20,617476.0,774529.0,263318469.0,376375070.0,891937.0,1112934.0,0.797227734532858,0.699617190373422,0.80142847644155
2018-09-21,1128711.0,1559461.0,492644195.0,916604459.0,944257.0,953691.0,0.7237827685334869,0.5374665049496558,0.990107907068432
2018-09-25,703458.0,861809.0,264114950.0,474045886.0,940723.0,970491.0,0.8162574305907689,0.5571506003956757,0.9693268665036564
2018-09-26,938689.0,1485658.0,387505084.0,966301967.0,987891.0,914837.0,0.631833840628193,0.4010186227841964,1.07985466263389
2018-09-27,607893.0,628019.0,267646767.0,402112689.0,687423.0,641383.0,0.9679531988681871,0.6656013956326556,1.0717823827572606
2018-09-28,708178.0,1012766.0,315694930.0,707271538.0,743438.0,692779.0,0.6992513571743127,0.44635605002954326,1.0731243296924415
2018-10-08,903965.0,986338.0,518498895.0,498790835.0,716639.0,885062.0,0.9164860321715274,1.0395116722623823,0.8097048568348884
2018-10-09,673076.0,746032.0,365233175.0,327347151.0,749848.0,943611.0,0.9022079481845283,1.1157365319486163,0.7946579681669671
2018-10-10,747808.0,881374.0,397494802.0,407940436.0,783075.0,1028393.0,0.848457068168564,0.9743942176891727,0.7614550079590195
2018-10-11,1429107.0,1300125.0,918631672.0,473163300.0,745176.0,1186255.0,1.0992073839053937,1.941468562756241,0.6281752237082247
2018-10-12,993432.0,1231722.0,565177479.0,547877700.0,798868.0,1172964.0,0.806539137889881,1.0315759867576286,0.6810677906568318
2018-10-15,843130.0,925979.0,458301420.0,420398077.0,819043.0,1287024.0,0.9105282085230875,1.0901606003302438,0.6363851800743421
2018-10-16,963582.0,1269387.0,521812385.0,579908319.0,840273.0,1331763.0,0.7590923808105802,0.8998187608341587,0.6309478488289583
2018-10-17,1270696.0,1660438.0,686837278.0,745473498.0,868167.0,1440931.0,0.7652775954296397,0.9213436558679649,0.6025042142892338
2018-10-18,1110937.0,1278273.0,724628959.0,513004301.0,871591.0,1590148.0,0.8690921266427437,1.4125202412289326,0.5481194203306862
2018-10-19,1386153.0,1940537.0,764715528.0,892345689.0,872359.0,1460784.0,0.7143141305731352,0.8569722893567988,0.5971854839592986
2018-10-22,1349686.0,2382291.0,500822281.0,1443119268.0,899503.0,1161966.0,0.5665495944869875,0.34704150384886967,0.7741216180163619
2018-10-23,1156238.0,1497194.0,588935703.0,768641488.0,856877.0,1306598.0,0.7722699930670307,0.7662033759489183,0.6558076776483662
2018-10-24,1145958.0,1606533.0,654901026.0,917005910.0,868576.0,1246534.0,0.7133112111609285,0.7141731791019754,0.696792867262345
2018-10-25,932939.0,907176.0,701765629.0,700160495.0,691330.0,893840.0,1.0283991199061704,1.0022925229450428,0.7734381992302873
2018-10-26,645012.0,815528.0,465019956.0,616824613.0,727373.0,971754.0,0.7909133714599621,0.7538933210500794,0.7485155708131893
2018-10-29,787263.0,831386.0,674875558.0,560787398.0,769164.0,1120371.0,0.9469283822436269,1.2034428027571333,0.6865261596381913
2018-10-30,684304.0,948917.0,555343869.0,676116194.0,792357.0,1137742.0,0.7211421019962757,0.8213734176584446,0.6964294189719638
2018-10-31,592333.0,770294.0,445276217.0,570672456.0,801521.0,1124721.0,0.7689700296250522,0.780265829055538,0.7126398457928678
2018-11-01,696551.0,865053.0,455549060.0,676016821.0,809623.0,1101580.0,0.8052119349912664,0.6738723739538428,0.7349652317580203
2018-11-02,891709.0,1164763.0,542409013.0,944083380.0,872285.0,998023.0,0.7655711934530888,0.5745350723153287,0.874012923549858
2018-11-05,583683.0,642066.0,378556254.0,507524342.0,858315.0,1070010.0,0.9090700955976488,0.745887877039009,0.802156054616312
2018-11-06,489632.0,534586.0,325205460.0,387010059.0,875080.0,1128348.0,0.9159087593015904,0.8403023446995211,0.7755408792322935
2018-11-07,633631.0,750314.0,407909386.0,555681752.0,921530.0,1174765.0,0.8444877744517628,0.7340701481232013,0.7844377386115521
2018-11-08,491354.0,572516.0,317748497.0,411440994.0,947517.0,1194322.0,0.8582362763660754,0.7722820565614325,0.7933513742525048
2018-11-09,606334.0,688443.0,429756074.0,394530861.0,941358.0,1336980.0,0.8807323191607729,1.089283796230075,0.704092806175111
2018-11-12,434547.0,534495.0,313552818.0,303162750.0,974127.0,1377196.0,0.8130047989223472,1.0342722448585784,0.7073263355397489
2018-11-13,657127.0,751182.0,418621967.0,442272664.0,988691.0,1374342.0,0.8747906632480544,0.946524624004345,0.7193922618969659
2018-11-14,504672.0,652046.0,339360469.0,338828209.0,1007590.0,1418784.0,0.7739822037095543,1.001570884554066,0.7101785754561653
2018-11-15,522128.0,691295.0,320418264.0,365546919.0,1039128.0,1408642.0,0.7552897098923036,0.8765448355481831,0.7376806882089275
2018-11-16,673235.0,852185.0,401086003.0,515177154.0,1044361.0,1399161.0,0.7900103850689698,0.7785399641382389,0.746419461377211
2018-11-19,669623.0,750292.0,331618994.0,440662134.0,1080092.0,1336756.0,0.8924831932101102,0.7525470613728749,0.807994877150355
2018-11-20,642169.0,765012.0,347634813.0,365310859.0,1072521.0,1393174.0,0.8394234338807757,0.9516136858116226,0.7698399482046033
2018-11-21,550551.0,609412.0,285199370.0,282014155.0,1092560.0,1411527.0,0.9034134542805196,1.0112945217235638,0.7740269934616908
2018-11-22,608571.0,722038.0,329247556.0,286399080.0,1073427.0,1429048.0,0.8428517612646426,1.1496110811529143,0.751148316921475
2018-11-23,780743.0,906487.0,423330568.0,314917206.0,1049344.0,1487760.0,0.8612842765533317,1.3442598877877763,0.7053180620530193
2018-11-26,822469.0,981490.0,456900407.0,349899732.0,1011209.0,1463542.0,0.837980009984819,1.305803820964344,0.6909326824922004
2018-11-27,690832.0,861285.0,422181533.0,314784273.0,981052.0,1486716.0,0.8020945447790221,1.3411773370266182,0.6598785511153441
2018-11-28,708820.0,850832.0,406807597.0,366015682.0,934112.0,1400617.0,0.8330904338341765,1.1114485444369566,0.6669289320349532
2018-11-29,488039.0,593687.0,263548639.0,308403125.0,735600.0,928471.0,0.8220476446342938,0.8545589121381308,0.7922703024650204
2018-11-30,532452.0,581372.0,327372652.0,348916053.0,778606.0,923243.0,0.9158542207055035,0.9382562057126101,0.843338102753013
2018-12-03,663182.0,736126.0,287207426.0,491181894.0,833925.0,966091.0,0.9009082684214387,0.5847272253076984,0.8631950820367853
2018-12-04,502614.0,520104.0,215430720.0,306549052.0,881835.0,1018857.0,0.9663721101933459,0.7027610054393514,0.865514002455693
2018-12-05,470988.0,474048.0,220198659.0,252412357.0,927982.0,1061249.0,0.993544957472661,0.8723766998459588,0.8744243810830447
2018-12-06,662309.0,657736.0,359287796.0,290900099.0,915948.0,1144984.0,1.0069526375323838,1.2350899749951614,0.7999657637137287
2018-12-07,347015.0,415632.0,177913067.0,169094921.0,926626.0,1198611.0,0.8349092466412595,1.0521490884992342,0.7730831771108392
2018-12-10,516988.0,655256.0,265638874.0,230829161.0,965396.0,1267032.0,0.7889862893281404,1.1508029264985284,0.7619349787534964
2018-12-11,295360.0,385468.0,146054879.0,159218830.0,1003765.0,1334863.0,0.7662374049207716,0.9173216446823532,0.7519610626708508
2018-12-12,357955.0,448640.0,171637472.0,204321056.0,1036854.0,1358023.0,0.7978668865905849,0.8400381016041734,0.7635025327258816
2018-12-13,696659.0,823032.0,256456571.0,395856849.0,1044643.0,1290547.0,0.8464543298437971,0.6478517970520197,0.8094575400973386
2018-12-14,522288.0,593487.0,246421515.0,251198765.0,1036949.0,1365021.0,0.8800327555616214,0.9809821915326694,0.7596579100248274
2018-12-17,485542.0,560830.0,224671226.0,225111923.0,1073010.0,1440605.0,0.8657561114776313,0.9980423204860632,0.7448329000662915
2018-12-18,710070.0,826601.0,350643289.0,298201137.0,1087807.0,1532277.0,0.8590238821390248,1.175861676878851,0.7099284267792312
2018-12-19,668136.0,828521.0,348393408.0,260698935.0,1084941.0,1584820.0,0.8064201148794056,1.336382168189525,0.6845831072298432
2018-12-20,1298060.0,1222255.0,776333533.0,385988068.0,1042908.0,1688990.0,1.0620206094472922,2.011288942227095,0.617474348575184
2018-12-21,1260916.0,1186728.0,809047793.0,358702821.0,994514.0,1779872.0,1.0625147464288363,2.255482102829629,0.5587559105373869
2018-12-24,796505.0,1078213.0,542098923.0,319463628.0,992561.0,1762948.0,0.7387269491278625,1.6969034202541518,0.5630120684217572
2018-12-25,1281469.0,1339389.0,938506029.0,437616229.0,924927.0,1738027.0,0.9567564016129743,2.1445868932799566,0.5321706739883788
2018-12-26,743744.0,788142.0,525036379.0,283683804.0,888504.0,1793833.0,0.9436675116920555,1.8507802405244114,0.49531032152937315
2018-12-27,588297.0,851224.0,381047377.0,382545048.0,760320.0,1115526.0,0.6911189064218114,0.9960849813431646,0.6815798107798473
2018-12-28,512536.0,669499.0,334755902.0,326392794.0,788427.0,1170223.0,0.7655515542218883,1.0256228328374186,0.6737408169212193
2019-01-02,628206.0,800027.0,436759442.72,301237846.60999995,798890.0,1291596.0,0.7852309984538022,1.4498823691481708,0.618529323410726
2019-01-03,588185.0,698394.0,346307075.1,295894050.84,836616.0,1336472.0,0.8421965251706057,1.1703752546456572,0.6259884232516656
2019-01-04,902197.0,1170437.0,520685932.96,569249560.27,882980.0,1327876.0,0.7708206422045782,0.9146883358382115,0.6649566676406532
2019-01-07,561322.0,767922.0,272903834.99,382180858.68,916236.0,1406029.0,0.7309622591877821,0.7140698671633431,0.6516480101050547
2019-01-08,377110.0,494184.0,185420034.13,204524032.66,942100.0,1432753.0,0.7630963365871821,0.9065928913999147,0.6575452991548438
2019-01-09,946415.0,1136035.0,359106911.24,563639369.05,975830.0,1362926.0,0.8330861285083646,0.6371217678517839,0.7159816453717956
2019-01-10,651210.0,723970.0,272391917.95,323196889.79,1008980.0,1359487.0,0.8994985980082048,0.8428048862938904,0.7421770123583381
2019-01-11,711597.0,816801.0,298989124.91999996,406929883.48999995,1055157.0,1356637.0,0.8711999618022015,0.7347435935541151,0.7777740102916255
2019-01-14,515548.0,615865.0,205043223.98999998,243303959.34,1046198.0,1418864.0,0.8371120294220324,0.8427451182718594,0.737349034156903
2019-01-15,972513.0,1088612.0,374953864.98,510480281.78,1145456.0,1347538.0,0.8933513501596528,0.734511945637878,0.8500361399826943
2019-01-16,619762.0,663396.0,208894625.12,303828302.67,1166343.0,1364052.0,0.9342263142979457,0.6875416914232929,0.8550575784500885
2019-01-17,913170.0,976909.0,352716830.47,445849654.05,1163626.0,1362052.0,0.934754414177779,0.7911115939330625,0.8543183373322017
2019-01-18,1164841.0,1419893.0,409602132.51,750627322.19,1270059.0,1276641.0,0.8203723801723087,0.5456797539889187,0.9948442827701758
2019-01-21,989108.0,1173893.0,327173477.01,656359529.4399999,1323764.0,1262812.0,0.8425878678891517,0.49846686508709864,1.048266883748333
2019-01-22,818687.0,829124.0,296795395.83000004,358985550.1,1258350.0,1281705.0,0.9874120155730627,0.8267613995809132,0.981778178285955
2019-01-23,665622.0,782307.0,276080389.14,350884360.99,1242855.0,1281846.0,0.8508450007477882,0.7868130353859462,0.969582149493777
2019-01-24,706883.0,724164.0,291710004.05,384180424.07,890655.0,931758.0,0.9761366209864064,0.7593047062617867,0.9558866143354819
2019-01-25,749455.0,812765.0,298279507.52,498282061.58,998769.0,949318.0,0.9221054056215511,0.5986157851522631,1.052091080122783
2019-01-28,752326.0,843970.0,315845120.42,486327071.31,1014259.0,997091.0,0.8914132018910624,0.6494500081379811,1.017218087416294
2019-01-29,759884.0,790742.0,360103462.84,468690803.74,1081118.0,1009574.0,0.9609758935278511,0.7683177480046367,1.0708655333833874
2019-01-30,538061.0,629325.0,253554697.68,371957253.74,1091192.0,1029589.0,0.8549811305764112,0.681676980702831,1.05983261281929
2019-01-31,690076.0,839992.0,290149939.05,529920606.21,1163337.0,1003285.0,0.8215268716844922,0.5475347356751357,1.1595279506820095
2019-02-01,676791.0,766975.0,261238411.2,478305716.32,1175118.0,978531.0,0.8824159848756479,0.5461745538186797,1.2009001247788778
2019-02-11,816980.0,848453.0,265973297.16,530826911.61,1251967.0,1011313.0,0.962905429057355,0.5010546589533338,1.2379619366111183
2019-02-12,665494.0,677002.0,210707824.99,450072891.44,1314660.0,1065121.0,0.9830015273219281,0.4681637774624554,1.2342823021985296
2019-02-13,1180430.0,1322784.0,361879899.68,859013256.34,1421308.0,1004818.0,0.892383034569514,0.4212739407792874,1.414492972856776
2019-02-14,820253.0,1069900.0,270447964.9,716896520.62,1415720.0,1022736.0,0.7666632395550986,0.3772482598550012,1.384247743308146
2019-02-15,1067594.0,1238359.0,442419862.2,618276018.98,1309597.0,1120935.0,0.8621038002711653,0.715570147666218,1.1683077074049788
2019-02-18,959193.0,1173909.0,307078240.62,662308195.17,1377647.0,1086302.0,0.8170931477652867,0.46364855947642286,1.2681988986488104
2019-02-19,1275546.0,1600875.0,464100726.12,935155360.88,1444227.0,1128257.0,0.7967805106582337,0.49628195007434045,1.2800514421802833
2019-02-20,894163.0,1035477.0,357308168.42,627263042.31,1492400.0,1161918.0,0.8635276302612226,0.5696305127497286,1.284427988894225
2019-02-21,1444879.0,1468242.0,532678494.2,875545115.04,1522419.0,1150848.0,0.9840877729965496,0.6083963979122471,1.3228671379713046
2019-02-22,1426539.0,1541319.0,523904361.14,881173606.91,1535697.0,1083866.0,0.9255313144131747,0.5945529428385499,1.4168697975580007
2019-02-25,2434363.0,2876122.0,834322518.16,2991041075.29,1612974.0,794635.0,0.8464046379117437,0.2789405083910816,2.0298300477577755
2019-02-26,1943857.0,2234679.0,908076399.62,2420077419.14,1682399.0,968491.0,0.8698596084717313,0.37522617765785965,1.7371343667623138
2019-02-27,1435747.0,1768470.0,770134438.14,1473109891.3,1709632.0,1054570.0,0.8118582729704208,0.5227949677673853,1.6211650246071858
2019-02-28,941456.0,959695.0,577062649.0,902501397.0,1240211.0,997416.0,0.980995003620942,0.6394036074827262,1.2434240076357308
2019-03-01,1016009.0,1308502.0,620189651.0,1284094052.0,1298225.0,996728.0,0.7764672885482788,0.48297836909535036,1.3024867366021622
2019-03-04,1594898.0,2194844.0,975957975.0,2625123679.0,1467029.0,974997.0,0.7266566553249343,0.37177599775861836,1.5046497578966909
2019-03-05,865484.0,1105234.0,615901079.0,1114641687.0,1517989.0,1079410.0,0.7830776107141112,0.5525552167868991,1.4063136343002196
2019-03-06,1014588.0,1353458.0,761476432.0,1406830485.0,1577974.0,1140712.0,0.7496265122375426,0.5412709207819022,1.3833237486762653
2019-03-07,1258455.0,1311853.0,996758606.0,1336593073.0,1590073.0,1231068.0,0.9592957442640296,0.7457457517438443,1.2916207715577044
2019-03-08,1845197.0,1566475.0,1368778666.0,1177805236.0,1451507.0,1444905.0,1.1779294275363474,1.1621434717411971,1.004569158525993
2019-03-11,1281224.0,1506409.0,943665144.0,1001372843.0,1477061.0,1495746.0,0.8505153646851552,0.9423714159981469,0.9875079057540518
2019-03-12,1215411.0,1492229.0,822884010.0,1113176690.0,1518574.0,1479885.0,0.8144936199470725,0.7392213809292036,1.0261432476172134
2019-03-13,1190391.0,1347404.0,862749813.0,968546396.0,1595728.0,1462572.0,0.8834699911830454,0.8907676664360847,1.0910423555216426
2019-03-14,999717.0,1069642.0,664090957.0,846952149.0,1635584.0,1491114.0,0.9346276604695777,0.7840950138494778,1.096887293660981
2019-03-15,1350505.0,1473630.0,720826945.0,1089186267.0,1623015.0,1450330.0,0.9164478193304968,0.661803189077484,1.1190660056676756
2019-03-18,1456979.0,1746724.0,663115266.0,1214040199.0,1688722.0,1289764.0,0.8341209029016605,0.5462053616891808,1.30932635738011
2019-03-19,1041334.0,1291415.0,526506054.0,962451521.0,1691516.0,1379512.0,0.8063511729382112,0.5470468304241997,1.2261698339702736
2019-03-20,1231262.0,1359584.0,624524356.0,1025628444.0,1720354.0,1415311.0,0.9056167180549345,0.6089187167667904,1.2155307208097725
2019-03-21,990758.0,1178026.0,526744284.0,868655608.0,1706691.0,1481675.0,0.8410323711021658,0.6063902415973351,1.1518659625086474
2019-03-22,1257689.0,1369326.0,656283842.0,855582244.0,1676965.0,1497001.0,0.9184730297971411,0.7670610822073114,1.1202163525608868
2019-03-25,1518051.0,1556914.0,885330129.27,742698777.22,1577082.0,1545842.0,0.9750384414296487,1.1920446840964034,1.0202090511190665
2019-03-26,1239879.0,1293228.0,766528738.0,577082965.0,1489206.0,1581069.0,0.9587474134491366,1.3282816934303372,0.9418981714270535
2019-03-27,1045851.0,1252660.0,543044557.0,708588048.0,1507512.0,1541761.0,0.8349041240240768,0.7663755528092113,0.9777857917018267
2019-03-28,778621.0,823287.0,519953864.0,559402400.0,968893.0,1001162.0,0.9457467444524206,0.9294809317943576,0.9677684530575471
2019-03-29,1198408.0,1770754.0,647402186.0,1486024150.0,1083953.0,930756.0,0.676778366729653,0.43566060888041425,1.164594157867368
2019-04-01,952060.0,1481790.0,504270593.0,1552037970.0,1219067.0,911749.0,0.6425066979801456,0.32490867024342196,1.3370642578165701
2019-04-02,577920.0,1007695.0,339723738.0,817197646.0,1291417.0,1024266.0,0.5735068646763157,0.41571795961830266,1.2608218958747044
2019-04-03,824778.0,1128165.0,492943607.0,1037815729.0,1383662.0,1047545.0,0.7310792304317187,0.4749818230978074,1.3208616336291041
2019-04-04,1063374.0,1700929.0,641814706.0,1643076879.0,1522340.0,1107549.0,0.6251724792745611,0.39061757499175426,1.3745125497833504
2019-04-08,1184101.0,1687768.0,684719556.0,1630898639.0,1630528.0,1233158.0,0.7015780604917263,0.41984188325758975,1.3222377019003242
2019-04-09,992001.0,1165286.0,575060707.0,1074085067.0,1698431.0,1263142.0,0.8512940170910832,0.5353958682306119,1.3446081279856106
2019-04-10,1197785.0,1186170.0,687906265.0,1075928709.0,1773251.0,1305490.0,1.0097920196936359,0.6393604513438074,1.3583030126619124
2019-04-11,1566654.0,1552660.0,1011587657.0,1268130123.0,1737948.0,1435920.0,1.0090129197635027,0.7977002033568128,1.2103376232659202
2019-04-12,1231897.0,1255520.0,738022433.0,874954688.0,1667329.0,1500715.0,0.9811846884159552,0.8434978898015802,1.1110230789990105
2019-04-15,1477673.0,2091145.0,740400994.0,1636162296.0,1666874.0,1514596.0,0.7066334472262803,0.4525229531386292,1.1005403421110316
2019-04-16,1777071.0,2356628.0,831673906.0,1769595655.0,1720761.0,1396577.0,0.7540736170494452,0.4699796270691001,1.2321275518643082
2019-04-17,1316665.0,1796704.0,630870713.0,1401802068.0,1724331.0,1504508.0,0.7328224348584964,0.450042646819665,1.1461095587394683
2019-04-18,940643.0,1171598.0,503484236.0,926646193.0,1752458.0,1555367.0,0.8028718041512533,0.5433403167286308,1.1267167170191987
2019-04-19,1504245.0,2238447.0,790314401.0,1799078669.0,1758005.0,1535583.0,0.6720038490971643,0.43928840612583575,1.1448453128225566
2019-04-22,1783282.0,2267754.0,1043855855.16,1582785242.0700002,1726956.0,1707165.0,0.7863648349865109,0.6595056786066713,1.0115929040250942
2019-04-23,1314945.0,1653292.0,729224308.0,1048493270.0,1730232.0,1614630.0,0.795349520834795,0.6954973664256329,1.0715965886921461
2019-04-24,1535936.0,1719652.0,958810818.0,1138886029.0,1713864.0,1633207.0,0.8931667569950199,0.8418847835387749,1.0493856565640485
2019-04-25,1040181.0,1153785.0,809722958.0,950237078.0,1277636.0,1426143.0,0.9015379815130202,0.8521273024877692,0.8958680861596628
2019-04-26,1154072.0,1305321.0,922821128.0,967785812.0,1343938.0,1593238.0,0.8841288847724046,0.9535385997165249,0.8435262026137965
2019-04-29,1250911.0,1531344.0,849043494.0,1170528258.0,1374551.0,1507887.0,0.8168713234909988,0.7253507022980389,0.9115742757912231
2019-04-30,849165.0,1008520.0,587858104.0,815794539.0,1402975.0,1580210.0,0.841991234680522,0.7205957822671819,0.8878408565950096
2019-05-06,2181464.0,1961605.0,1813959692.0,1096880944.0,1322346.0,1827519.0,1.112081178422771,1.6537434640673272,0.7235744197461148
2019-05-07,1360753.0,870800.0,1028600476.0,646452866.0,1354598.0,1739577.0,1.5626469912723933,1.5911453566051634,0.7786939008736031
2019-05-08,1394164.0,1421658.0,1019869120.0,759864458.0,1369042.0,1915852.0,0.9806606089509573,1.3421724220189806,0.7145865129456764
2019-05-09,1891476.0,916302.0,1541540256.0,702502653.0,1352472.0,1953146.0,2.0642495596429997,2.1943550667274137,0.6924582186892326
2019-05-10,2136875.0,2596744.0,1548795570.0,1605540375.0,1403091.0,1962432.0,0.8229055309264217,0.9646568807090884,0.7149756017023775
2019-05-13,1078409.0,1378374.0,768062323.0,668576792.0,1424333.0,2084119.0,0.782377642062314,1.148801950935802,0.6834221078546858
2019-05-14,1126253.0,1412600.0,739140885.0,693534721.0,1442468.0,2138110.0,0.7972908112699986,1.0657590205927123,0.6746462997694225
2019-05-15,1342877.0,1658373.0,754491560.0,869533000.0,1474369.0,1991232.0,0.8097557063459185,0.8676974421902331,0.7404305475203291
2019-05-16,938287.0,1084566.0,515080736.0,554508117.0,1496208.0,1980809.0,0.8651266958396262,0.928896656710257,0.7553519799233546
2019-05-17,1481301.0,1547651.0,833439129.0,695093656.0,1446335.0,2051013.0,0.9571285774376781,1.199031413689093,0.7051808057774378
2019-05-20,1576289.0,1693651.0,1002166831.0,742275977.0,1435115.0,2161279.0,0.9307047319666212,1.350126990570786,0.664011911465387
2019-05-21,1227385.0,1688154.0,645453377.0,799669993.0,1400827.0,2073973.0,0.7270574840920911,0.8071496775545509,0.6754316473743872
2019-05-22,1115975.0,1284905.0,718895179.0,595535358.0,1359694.0,2084026.0,0.8685272452048984,1.2071410527399786,0.6524361980128847
2019-05-23,1100854.0,1154875.0,758611819.0,628049723.0,1156255.0,1373922.0,0.9532235090377746,1.2078849670951928,0.841572520128508
2019-05-24,869914.0,1020338.0,586815989.0,633027221.0,1191244.0,1433024.0,0.8525743430118254,0.9269996131809315,0.8312798669108123
2019-05-27,1181991.0,1442998.0,786750397.0,881859724.0,1241840.0,1526240.0,0.8191217174244178,0.8921491429854664,0.8136597127581507
2019-05-28,967926.0,1232222.0,563428086.0,817575471.0,1282760.0,1514622.0,0.7855126754756854,0.6891450465250076,0.8469175807561227
2019-05-29,1019883.0,1195332.0,561343890.0,803055405.0,1360721.0,1536721.0,0.8532215317585408,0.6990101635639947,0.8854704269675497
2019-05-30,1093442.0,1082873.0,667596028.0,689745938.0,1330056.0,1614981.0,1.009760147311827,0.9678868569139729,0.8235737757905511
2019-05-31,966650.0,1139577.0,534580081.0,739811385.0,1350654.0,1661487.0,0.8482533431264407,0.7225896922362177,0.812918789012493
2019-06-03,1138919.0,1342604.0,636617824.0,880925918.0,1406444.0,1703640.0,0.8482910821061161,0.7226689679483355,0.8255523467399216
2019-06-04,820341.0,892329.0,472503788.0,535693987.0,1430970.0,1836935.0,0.919325719549628,0.8820404922708233,0.7789987125292948
2019-06-05,803573.0,1000561.0,441351944.0,624629943.0,1458502.0,1872625.0,0.8031224483065,0.7065814710711043,0.7788542820906481
2019-06-06,861464.0,977260.0,504206383.0,557233685.0,1476445.0,1933026.0,0.8815095266356957,0.9048383049563847,0.7637998661166482
2019-06-10,1084739.0,1173802.0,553243567.0,678134178.0,1570570.0,1878871.0,0.924124341243242,0.8158320063319386,0.8359115660415217
2019-06-11,1658954.0,2131586.0,642021641.0,1281813330.0,1679683.0,1708019.0,0.7782721410255087,0.5008698427250714,0.9834100206145248
2019-06-12,884202.0,1032714.0,335484907.0,641746808.0,1651403.0,1802489.0,0.8561925179672204,0.5227683298426317,0.9161792388192106
2019-06-13,1027984.0,1345080.0,435740262.0,768851084.0,1636906.0,1890833.0,0.7642549142058465,0.5667420792763036,0.8657062786613096
2019-06-14,853411.0,1117659.0,341104311.0,634796003.0,1648615.0,1920272.0,0.7635701050141411,0.537344768064017,0.8585320204637676
2019-06-17,1025078.0,1202108.0,395784813.0,657654175.0,1667362.0,1917826.0,0.8527336978041906,0.6018129710801273,0.8694021251145828
2019-06-18,942335.0,1097287.0,354748247.0,621226529.0,1710700.0,1922236.0,0.8587862610237795,0.5710449094488043,0.8899531587172439
2019-06-19,1496505.0,2370989.0,432993510.0,1605534942.0,1656950.0,1702782.0,0.6311733205004325,0.26968800159567,0.9730840471651685
2019-06-20,2433482.0,3833208.0,872721449.0,2827958304.0,1851340.0,1507865.0,0.6348421478824003,0.308604779556184,1.2277889598869924
2019-06-21,1246281.0,2098687.0,446870710.0,1439840156.0,1821176.0,1660374.0,0.5938384332680385,0.3103613329145128,1.096846854985684
2019-06-24,1053708.0,1470669.0,410544196.0,1005835176.0,1827428.0,1681425.0,0.7164820908035731,0.4081624959992451,1.0868328947172785
2019-06-25,2037753.0,2260119.0,959256964.0,1358075648.0,1715275.0,1812409.0,0.901613145148552,0.7063354426630585,0.9464061368046617
2019-06-26,933662.0,1095262.0,414156341.0,658580740.0,1758931.0,1821795.0,0.8524553942344388,0.6288619084123231,0.9654933732939217
2019-06-27,971252.0,1485758.0,513862600.0,1174191137.0,1151817.0,1429381.0,0.6537080735893732,0.4376311350065999,0.8058152445009413
2019-06-28,848149.0,988970.0,506155137.0,766705886.0,1246460.0,1553288.0,0.8576084208823321,0.6601685812543768,0.8024654796792353
2019-07-01,1341081.0,1997931.0,615809205.0,1702894807.0,1354241.0,1613523.0,0.6712348924962874,0.36162492390523804,0.8393069079275598
2019-07-02,647023.0,869589.0,306584498.0,668454080.0,1446033.0,1685686.0,0.7440561000656633,0.45864705919664667,0.8578305805470295
2019-07-03,850423.0,1036662.0,453888898.0,720600264.0,1459719.0,1787562.0,0.8203474227858261,0.6298761195013939,0.8165976900381637
2019-07-04,874484.0,1088972.0,468151027.0,674118992.0,1481544.0,1901054.0,0.8030362580488755,0.6944634887248511,0.7793276782248163
2019-07-05,705049.0,973583.0,375026034.0,638290774.0,1518293.0,1921109.0,0.7241796539175397,0.5875473205570726,0.7903211113997176
2019-07-08,1697606.0,1783365.0,930346531.0,917405768.0,1464629.0,2070510.0,0.9519116950259762,1.0141058225829684,0.7073759605121444
2019-07-09,932569.0,1193176.0,505125398.0,517115995.0,1461728.0,2130335.0,0.781585449254762,0.9768125582733135,0.6861493614854002
2019-07-10,819076.0,1008294.0,447125195.0,462225259.0,1491469.0,2137907.0,0.8123384647731713,0.9673318069361502,0.6976304394905859
2019-07-11,1162582.0,1622254.0,566428975.0,825123215.0,1536204.0,2181029.0,0.7166460985764251,0.6864780492208064,0.7043482686383354
2019-07-12,1181435.0,1499785.0,534630797.0,849302474.0,1593294.0,2117878.0,0.7877362421947146,0.6294939828469168,0.752306790098391
2019-07-15,1649385.0,2006890.0,803193529.0,1059286820.0,1592898.0,2211382.0,0.8218611882066281,0.7582398967259878,0.7203178826634205
2019-07-16,783405.0,1007714.0,364589299.0,530458659.0,1603716.0,2338534.0,0.7774080741162671,0.6873095439469488,0.6857783551575474
2019-07-17,819623.0,1203805.0,402016654.0,563877082.0,1641936.0,2371042.0,0.6808602722201685,0.7129508661251106,0.6924955357180513
2019-07-18,848845.0,1108785.0,405635839.0,421532530.0,1647876.0,2400933.0,0.7655632065729605,0.9622883410682445,0.6863481821441915
2019-07-19,1227439.0,1938586.0,505890185.0,908928620.0,1682603.0,2345706.0,0.6331620057093159,0.5565785627918725,0.7173119734527685
2019-07-22,1209953.0,1839480.0,575537245.0,856654413.0,1678769.0,2307636.0,0.6577690434253158,0.6718429698908234,0.7274843172840084
2019-07-23,895977.0,1304195.0,386678330.0,521363797.0,1614534.0,2227682.0,0.6869961930539529,0.7416670129859438,0.7247596380452865
2019-07-24,1176347.0,1876333.0,507322769.0,1049232844.0,1601462.0,2061696.0,0.6269393545815162,0.48351781199102456,0.7767692230086298
2019-07-25,810931.0,966129.0,401687385.0,637621854.0,1205239.0,1333151.0,0.8393609963058764,0.6299774427116797,0.9040528792312349
2019-07-26,590545.0,688008.0,309587978.0,475357211.0,1302378.0,1370329.0,0.8583403099963954,0.6512743907865111,0.9504126381328863
2019-07-29,538290.0,570678.0,289606033.0,384482062.0,1325227.0,1417548.0,0.9432464542176149,0.7532367868959254,0.934872752104338
2019-07-30,707524.0,902678.0,371032285.0,643480549.0,1380102.0,1479267.0,0.7838055209055721,0.5766021763619773,0.9329634203967235
2019-07-31,857916.0,911859.0,507113204.0,565152441.0,1397343.0,1634911.0,0.9408428276740154,0.8973033949967492,0.8546905611375788
2019-08-01,1007668.0,1246409.0,580636876.0,591439579.0,1453592.0,1718994.0,0.8084569350831068,0.981734900091967,0.845606209213063
2019-08-02,1281935.0,1267360.0,776560721.0,534851086.0,1432524.0,1776505.0,1.0115002840550436,1.4519194993277063,0.8063720619981368
2019-08-05,1566642.0,1623721.0,983167218.0,665503920.0,1445497.0,1981738.0,0.9648467932606648,1.4773274633754223,0.7294087311238923
2019-08-06,2054067.0,1883995.0,1507219688.0,836160679.0,1503044.0,2097085.0,1.0902720017834442,1.8025479143584555,0.7167301277725986
2019-08-07,926940.0,1262801.0,595975403.0,505078452.0,1561058.0,2188785.0,0.7340348954427499,1.1799660045683358,0.7132075557900844
2019-08-08,1075738.0,1263496.0,669916633.0,582414449.0,1646318.0,2186951.0,0.8513980257950955,1.150240407239622,0.7527914434296882
2019-08-09,936876.0,1071517.0,544709195.0,467023982.0,1678630.0,2216026.0,0.8743454373565702,1.1663409503454578,0.7574956250513306
2019-08-12,1144584.0,1244098.0,568162482.0,567240741.0,1830873.0,2152305.0,0.9200111245255599,1.0016249555671461,0.8506568539310181
2019-08-13,791615.0,830169.0,421367293.0,378641295.0,1836797.0,2218399.0,0.9535588536791906,1.1128403017953972,0.8279831536166398
2019-08-14,990692.0,1172147.0,373732382.0,514642824.0,1841582.0,2260174.0,0.8451943314277134,0.7261975968016218,0.8147965599108741
2019-08-15,1555724.0,1519768.0,764131348.0,614505566.0,1910174.0,2220703.0,1.0236588742492274,1.243489709904434,0.8601663527270419
2019-08-16,1483379.0,1807600.0,644725732.0,840625580.0,1939461.0,2153000.0,0.8206345430404957,0.766959449413852,0.9008179284718997
2019-08-19,1799810.0,2209940.0,637871108.0,1078077805.0,2013655.0,2033159.0,0.8144157759939183,0.5916744645345889,0.9904070463746318
2019-08-20,1080929.0,1345632.0,376087523.0,685823654.0,1990975.0,2076158.0,0.8032872286033625,0.5483735079805223,0.9589708490394276
2019-08-21,812097.0,840026.0,263090855.0,411092889.0,1979004.0,2093979.0,0.966752219574156,0.6399790948463718,0.9450925725616159
2019-08-22,992807.0,1135261.0,360745403.0,542913017.0,1982391.0,2125147.0,0.8745187230073085,0.6644626150122314,0.9328253527873601
2019-08-23,1720133.0,2450795.0,603301104.0,1291960047.0,2050461.0,1907981.0,0.7018673532465995,0.4669657590425472,1.0746757960378013
2019-08-26,1705462.0,1710242.0,731503142.0,761335396.0,1942414.0,1999704.0,0.9972050739018221,0.9608158846196612,0.971350759912467
2019-08-27,1576833.0,2058760.0,578970199.0,1047211407.0,1964994.0,1922945.0,0.7659139482018302,0.5528684992637786,1.0218669800748332
2019-08-28,1132777.0,1307217.0,505303822.0,599801968.0,1943277.0,1985258.0,0.8665562029869562,0.8424510904572424,0.9788536301075226
2019-08-29,1140671.0,1238220.0,649647620.0,665539460.0,1480186.0,1572455.0,0.921218361841999,0.9761218666132884,0.9413216912407668
2019-08-30,1059174.0,1217445.0,552897753.0,738853010.0,1562257.0,1612095.0,0.8699974126141222,0.7483190100288013,0.9690849484676771
2019-09-02,1150451.0,1220255.0,517187252.0,715501686.0,1681299.0,1609070.0,0.9427955632224412,0.7228316328523648,1.044888662395048
2019-09-03,692198.0,775088.0,311610570.0,417041383.0,1737797.0,1680763.0,0.8930573044609128,0.7471934026269043,1.0339333981055032
2019-09-04,1391720.0,1489125.0,558991569.0,926236286.0,1861518.0,1665130.0,0.9345891043397968,0.6035086051465706,1.117941542101818
2019-09-05,1978117.0,2923494.0,748105822.0,1957526810.0,1934250.0,1644413.0,0.6766276927539444,0.38216887665512994,1.176255600022622
2019-09-06,1089237.0,1454336.0,440633002.0,943788065.0,1999011.0,1685397.0,0.7489582874933991,0.46687706524451544,1.1860772269085562
2019-09-09,1184142.0,1825595.0,524164576.0,1194431093.0,2098469.0,1946500.0,0.6486334592283611,0.4388403643139253,1.078072951451323
2019-09-10,821554.0,1075830.0,391489919.0,647646369.0,2121407.0,2066385.0,0.7636466728014649,0.6044809910761655,1.026627177413696
2019-09-11,1023121.0,1474322.0,494650361.0,868400017.0,2123449.0,2195659.0,0.6939603424489359,0.5696111829993205,0.9671123794724044
2019-09-12,1176709.0,1519132.0,441688026.0,940770855.0,2118808.0,2103982.0,0.774592991260799,0.46949586464389353,1.0070466382316958
2019-09-16,985138.0,1312261.0,397456830.0,754219616.0,2148188.0,2227298.0,0.7507180355127524,0.5269775826143456,0.9644816275145939
2019-09-17,1469740.0,1829521.0,652667329.0,852063687.0,2068546.0,2363108.0,0.8033468869720545,0.7659842086428452,0.8753497512597816
2019-09-18,1100530.0,1467160.0,448606285.0,682486103.0,2077096.0,2294326.0,0.7501090542272145,0.6573119702043222,0.9053185990133922
2019-09-19,1028132.0,1254973.0,432527291.0,609645710.0,2052265.0,2301224.0,0.8192463104783928,0.7094731971459293,0.8918145300066399
2019-09-20,976326.0,1195797.0,355043764.0,639627174.0,2062119.0,2255151.0,0.8164646674979115,0.5550792374559121,0.914403957872444
2019-09-23,1445625.0,1528865.0,644108687.0,717860861.0,1968505.0,2321790.0,0.9455543818453559,0.8972611852702749,0.8478393825453637
2019-09-24,1164813.0,1592134.0,484213885.0,833929751.0,1931133.0,2235230.0,0.7316048774789057,0.5806410964704868,0.8639527028538451
2019-09-25,989048.0,1219178.0,461541277.0,606976038.0,1869700.0,2223362.0,0.811241672667978,0.760394559430697,0.8409336851129056
2019-09-26,931105.0,1099057.0,450323386.0,606392187.0,1216933.0,1593708.0,0.8471853598130034,0.7426272891606369,0.763585926656577
2019-09-27,759391.0,850537.0,399197281.0,480356369.0,1281274.0,1709445.0,0.8928371134941807,0.8310440055807816,0.7495263082462437
2019-09-30,876730.0,1184482.0,523842348.0,617245632.0,1370558.0,1870570.0,0.7401800956029725,0.8486772863870181,0.7326953816216447
2019-10-08,1149231.0,1391166.0,509231607.0,608028032.0,1423296.0,1879180.0,0.8260919257658683,0.8375133714229807,0.7574026969209975
2019-10-09,961697.0,1224468.0,447606146.0,505941116.0,1442054.0,1943223.0,0.7853998634509027,0.8847000803943359,0.7420939336349971
2019-10-10,892952.0,1165987.0,359285700.0,533383529.0,1502771.0,1932390.0,0.7658335813349548,0.6735972906279977,0.7776747964955314
2019-10-11,1578118.0,2119136.0,555372514.0,1117509601.0,1601130.0,1833249.0,0.7446987829002009,0.4969733714171463,0.8733838120189893
2019-10-14,1808560.0,2342476.0,587986042.0,1338446141.0,1688387.0,1885073.0,0.7720719443870503,0.4393049701355148,0.8956613351313185
2019-10-15,856044.0,970420.0,303084159.0,538731373.0,1733963.0,1911644.0,0.8821376311287896,0.5625886558494525,0.9070533007191716
2019-10-16,1449770.0,1880041.0,571189487.0,1016870324.0,1785452.0,1939239.0,0.7711374379601296,0.5617132032658276,0.9206972425781453
2019-10-17,890068.0,1206520.0,384608066.0,645598418.0,1808954.0,1968683.0,0.7377150813911083,0.5957388606859938,0.918865048359741
2019-10-18,1901315.0,2323674.0,915814797.0,1154918946.0,1722583.0,2116064.0,0.818236551254608,0.7929688920351299,0.8140505202111089
2019-10-21,1115475.0,1455349.0,514601667.0,688226928.0,1752824.0,2120485.0,0.7664656381390306,0.7477209130648838,0.8266146659844328
2019-10-22,1143496.0,1453570.0,601921228.0,778066478.0,1778865.0,2118750.0,0.7866810679912216,0.7736115679308317,0.8395823008849558
2019-10-23,1148391.0,1275389.0,503392672.0,583391093.0,1714692.0,2132360.0,0.900424105900239,0.8628734275173447,0.804128758746178
2019-10-24,1123481.0,1404390.0,614669633.0,760779544.0,1454105.0,1634705.0,0.7999779263594871,0.8079471087881932,0.8895213509471128
2019-10-25,1221627.0,1398747.0,682910709.0,778017466.0,1525679.0,1699496.0,0.8733723825681128,0.8777575553811539,0.8977243841703658
2019-10-28,924688.0,1221496.0,438544909.0,738596003.0,1599060.0,1820337.0,0.7570127122806788,0.5937547823420865,0.8784417390845761
2019-10-29,601661.0,706260.0,281191231.0,414418248.0,1654157.0,1883209.0,0.8518973182680599,0.6785203893820815,0.8783714393888304
2019-10-30,913868.0,1039341.0,453096543.0,523837834.0,1698744.0,1991922.0,0.8792763876340873,0.864955743154665,0.8528165259483053
2019-10-31,648502.0,785429.0,314267371.0,417207099.0,1725037.0,2016431.0,0.8256659736271516,0.7532646777901543,0.8554902200967948
2019-11-01,1476298.0,1760642.0,600242913.0,1003866498.0,1800772.0,1882481.0,0.8384998199520403,0.5979310139304997,0.956595046643233
2019-11-04,968344.0,1113773.0,356408160.0,693373147.0,1885666.0,1907371.0,0.8694267144202634,0.5140207138711127,0.9886204624061077
2019-11-05,1794162.0,2512825.0,663035370.0,1556294787.0,1933831.0,1889767.0,0.7140019698944415,0.42603456333494744,1.0233171602636728
2019-11-06,688758.0,984486.0,299127676.0,568447263.0,1947636.0,1935033.0,0.6996117771100858,0.526218869313124,1.0065130672190086
2019-11-07,1003393.0,1435654.0,454957802.0,842737121.0,1953704.0,2005569.0,0.6989100437849232,0.5398573180924351,0.9741395085384746
2019-11-08,1178914.0,1721292.0,505864369.0,928451798.0,1970348.0,2121912.0,0.6849006443996719,0.5448472070275424,0.9285719671692323
2019-11-11,1534172.0,1774170.0,716688977.0,734425579.0,1925960.0,2291426.0,0.864726604553115,0.9758496946359762,0.8405071776265085
2019-11-12,1112568.0,1359262.0,545860732.0,577704688.0,1958238.0,2401584.0,0.8185088673118207,0.9448784878131368,0.8153943397357744
2019-11-13,829398.0,1014679.0,411597114.0,446326187.0,1999342.0,2462366.0,0.8173993942911995,0.922189031225273,0.8119597167927107
2019-11-14,721800.0,883707.0,349143032.0,421261329.0,2037002.0,2485565.0,0.8167865593460276,0.8288038990638041,0.8195327822849131
2019-11-15,1038479.0,1278678.0,478793916.0,562237138.0,2032530.0,2544238.0,0.8121505179568272,0.851587139375343,0.7988757341097806
2019-11-18,1174973.0,1473295.0,476021419.0,656160271.0,2173041.0,2571077.0,0.7975137362171187,0.7254651645923866,0.8451870558524696
2019-11-19,1063142.0,1347570.0,359816455.0,645573447.0,2265427.0,2545274.0,0.7889326714011146,0.5573594401567759,0.890052308710182
2019-11-20,1109629.0,1456453.0,423228171.0,605767017.0,2233443.0,2618243.0,0.7618707915737755,0.6986649307781642,0.8530312121525772
2019-11-21,1556899.0,1610447.0,621621507.0,564608158.0,2188206.0,2696226.0,0.966749604302408,1.100978613560876,0.8115810766604876
2019-11-22,2280005.0,2506189.0,1032307845.0,874591529.0,2132083.0,2833069.0,0.9097498233373461,1.1803314013118003,0.7525700927157086
2019-11-25,1434685.0,1523612.0,625990695.0,584846796.0,2178408.0,2676444.0,0.9416340905689901,1.0703498750123956,0.8139187668413761
2019-11-26,1248410.0,1475818.0,480273245.0,577828698.0,2192206.0,2644679.0,0.8459105391044153,0.8311689029332358,0.8289119397855089
2019-11-27,1244297.0,1292870.0,530079275.0,497696140.0,2125912.0,2573516.0,0.9624300973802471,1.065066076260909,0.8260729678774097
2019-11-28,1063992.0,1079649.0,481478147.0,457122811.0,1814911.0,1987185.0,0.9854980646487886,1.0532796338618946,0.9133075179210793
2019-11-29,1919487.0,1844475.0,969344104.0,712427773.0,1885859.0,2329322.0,1.0406684829016386,1.3606208807920799,0.8096171332258915
2019-12-02,1009774.0,1202116.0,463413691.0,441685422.0,1930815.0,2422713.0,0.8399971383793244,1.0491939917364987,0.7969639821142661
2019-12-03,1232165.0,1301010.0,574938965.0,457525808.0,2017493.0,2480312.0,0.9470834198046133,1.2566263037996754,0.8134029106015694
2019-12-04,981769.0,970783.0,424364615.0,386247147.0,2057426.0,2573879.0,1.0113166382188399,1.098686730234929,0.799348376516534
2019-12-05,1365800.0,1539918.0,506998186.0,661823495.0,2154765.0,2615079.0,0.88693034304424,0.7660625375652461,0.8239770194323002
2019-12-06,1021832.0,1142360.0,357038093.0,507498684.0,2234523.0,2546638.0,0.8944921040652684,0.7035251602741102,0.8774403743288209
2019-12-09,886397.0,981105.0,308543734.0,425048542.0,2253527.0,2612760.0,0.9034680283965528,0.7259023464665831,0.8625082288461244
2019-12-10,641356.0,667581.0,206819589.0,274385317.0,2277302.0,2626078.0,0.9607163774882749,0.7537560364427226,0.8671874940500625
2019-12-11,996458.0,1089966.0,338563360.0,453730846.0,2433238.0,2565788.0,0.9142101680235897,0.7461766441155733,0.948339457507791
2019-12-12,730433.0,779684.0,232565648.0,318360432.0,2404651.0,2613838.0,0.9368321012102339,0.7305105302784612,0.9199694089687273
2019-12-13,2205987.0,2928261.0,554574376.0,1329122147.0,2559763.0,2450583.0,0.7533437080915943,0.41724861575119027,1.044552663590664
2019-12-16,1389172.0,1809633.0,374006401.0,802915805.0,2497648.0,2584253.0,0.7676539939313662,0.46581023647927816,0.9664874143514586
2019-12-17,2323596.0,3538651.0,671874971.0,1824786968.0,2615686.0,2477812.0,0.6566332763530509,0.3681936482352169,1.0556434467183144
2019-12-18,1358600.0,2162017.0,471574076.0,1098417890.0,2584375.0,2611439.0,0.6283946888484225,0.4293211903167382,0.9896363652377099
2019-12-19,1164464.0,1620555.0,399780354.0,792780399.0,2527027.0,2767837.0,0.7185587653612497,0.5042762844594496,0.9129970442623608
2019-12-20,1096864.0,1910167.0,410375452.0,947860073.0,2481527.0,2800035.0,0.5742241385177317,0.43294940222679895,0.8862485647500835
2019-12-23,1512902.0,2101910.0,600785421.0,885041092.0,2343325.0,2813321.0,0.7197748714264645,0.6788220642302109,0.8329390780504606
2019-12-24,904683.0,1136568.0,374774340.0,421587869.0,2261996.0,2723727.0,0.7959778913360221,0.8889590226800382,0.830478238090675
2019-12-25,983553.0,1230071.0,390522847.0,481330993.0,2181586.0,2688687.0,0.7995904301459021,0.8113394995946168,0.8113945580128888
2019-12-26,923734.0,1211804.0,358203390.0,580920359.0,1644540.0,2039539.0,0.7622800386861242,0.6166135933273428,0.8063292734289464
2019-12-27,1376309.0,2298927.0,515910436.0,1240353482.0,1770867.0,2118093.0,0.5986745120658463,0.4159382333237163,0.836066688289891
2019-12-30,1361928.0,2281260.0,493031564.0,1343655501.0,1884178.0,2021591.0,0.5970069172299519,0.36693301492314584,0.9320272992905093
2019-12-31,866889.0,1201623.0,330783102.0,673989655.0,1853795.0,2042646.0,0.7214317635398124,0.4907836486006599,0.9075458987998899
2020-01-02,1453727.0,2395400.0,545806459.0,1513648830.0,2002693.0,2096635.0,0.6068827753193621,0.36058988596450076,0.9551939178731634
2020-01-03,825792.0,1247683.0,307623868.0,657247416.0,1975785.0,2102121.0,0.6618604244828213,0.46804880553535716,0.9399007002927043
2020-01-06,1336553.0,1751380.0,568233140.0,876832146.0,1971878.0,2221114.0,0.7631427788372598,0.6480523582446304,0.8877878397957061
2020-01-07,930489.0,1214790.0,406003049.0,669235546.0,1987938.0,2214951.0,0.7659669572518707,0.6066668924367027,0.8975087936482568
2020-01-08,1182155.0,1337894.0,499101230.0,589585753.0,1937501.0,2321773.0,0.883593917006878,0.8465286473772713,0.834492002448129
2020-01-09,799206.0,1084234.0,300142960.0,539000671.0,1961390.0,2261740.0,0.7371157886581678,0.5568508095604949,0.8672040110711222
2020-01-10,635251.0,830025.0,220236759.0,397423312.0,1973107.0,2261323.0,0.7653395982048733,0.5541616516949565,0.8725454081526611
2020-01-13,957651.0,1193169.0,331905269.0,566649577.0,2035015.0,2206606.0,0.8026113651963804,0.585732845257202,0.9222375902177371
2020-01-14,1068298.0,1439242.0,330811623.0,710430155.0,2016852.0,2190368.0,0.7422643308074667,0.46564974849638807,0.9207822612455989
2020-01-15,1076866.0,1330227.0,433521870.0,592456182.0,1917405.0,2285863.0,0.8095355153669261,0.7317365961758164,0.8388101124170608
2020-01-16,827025.0,1181069.0,364732509.0,465232565.0,1877285.0,2280091.0,0.7002342792842755,0.7839788880642953,0.8233377527475877
2020-01-17,861437.0,1227235.0,322620579.0,498729106.0,1848763.0,2244658.0,0.701933207576381,0.6468854035561341,0.8236279201553198
2020-01-20,824757.0,1040365.0,318740841.0,498643163.0,1822368.0,2150288.0,0.7927573495840402,0.6392163066717913,0.8474994977416979
2020-01-21,1386694.0,1411779.0,621445501.0,535475496.0,1756774.0,2264845.0,0.9822316382379962,1.1605489058644058,0.7756707412648548
2020-01-22,1566640.0,1592216.0,737560004.0,641946818.0,1664587.0,2278755.0,0.9839368527888176,1.1489425343642719,0.730480898560837
2020-01-23,1605730.0,1554362.0,1041505681.0,733729282.0,1399620.0,1966283.0,1.033047642698419,1.419468605861092,0.7118100497232596
2020-02-03,1614790.0,1918562.0,2964082741.0,650501356.0,1177574.0,2020831.0,0.8416668317208409,4.55661270135769,0.5827177037565239
2020-02-04,1286940.0,1696487.0,1231540795.0,784928884.0,1252013.0,2138522.0,0.7585911356821479,1.5689839170194175,0.5854571521826757
2020-02-05,1163377.0,1464713.0,788101075.0,716860382.0,1367009.0,2180339.0,0.7942695941116109,1.0993787560155612,0.6269708517803882
2020-02-06,1373524.0,1572516.0,853452118.0,815026834.0,1477761.0,2101990.0,0.87345629551623,1.0471460354396136,0.703029510130876
2020-02-07,961682.0,1009625.0,598980159.0,524864173.0,1416880.0,2101532.0,0.9525140522471215,1.1412098402075541,0.6742129075360261
2020-02-10,914310.0,938293.0,557870643.0,504168492.0,1480064.0,2165955.0,0.9744397538935066,1.1065162774987534,0.6833309094602612
2020-02-11,1196844.0,1216403.0,536583854.0,674909315.0,1594898.0,2139276.0,0.9839206249902376,0.7950458559013962,0.7455316658533074
2020-02-12,764492.0,757626.0,320561458.0,419224177.0,1604657.0,2131654.0,1.0090625189737417,0.7646540337772552,0.7527755442487383
2020-02-13,871174.0,912398.0,397374063.0,468125958.0,1632476.0,2150937.0,0.9548179632134222,0.848861414773329,0.758960397259427
2020-02-14,861704.0,862850.0,368572654.0,444942218.0,1666411.0,2141684.0,0.9986718433099612,0.8283607153682144,0.778084441962493
2020-02-17,1376422.0,1523478.0,452572820.0,790526118.0,1749349.0,2034526.0,0.9034734994532247,0.5724957211344155,0.8598312334175134
2020-02-18,1065637.0,1030205.0,400355822.0,488254734.0,1712936.0,2087397.0,1.0343931547604603,0.8199732519132114,0.8206086336235991
2020-02-19,836786.0,1020322.0,329165832.0,459990088.0,1717175.0,2056711.0,0.8201195308931887,0.7155933151324774,0.8349131209975539
2020-02-20,1428673.0,1838742.0,568463770.0,998968500.0,1782691.0,1906144.0,0.776983937931477,0.5690507458443385,0.9352341690869105
2020-02-21,1191485.0,1495991.0,449959663.0,743855299.0,1714428.0,1881740.0,0.7964519840025776,0.6049021410547214,0.9110865475570482
2020-02-24,1314110.0,1388179.0,647982810.0,616127045.0,1652112.0,1924485.0,0.9466430481947933,1.0517032408470237,0.8584696685087179
2020-02-25,1586308.0,1473588.0,877710000.0,628165638.0,1566186.0,1955915.0,1.0764935653656247,1.397258854837265,0.8007433860878412
2020-02-26,1419115.0,1596816.0,792736219.0,868209384.0,1523889.0,1924531.0,0.8887154186831795,0.9130703187608025,0.7918235663650001
2020-02-27,796638.0,910254.0,473431631.0,521612079.0,1219768.0,1517581.0,0.8751820920314549,0.9076316482310602,0.8037580860593273
2020-02-28,1831257.0,1611600.0,1404221096.0,804100025.0,1256299.0,1746922.0,1.1362974683544305,1.7463263926648926,0.7191500250154271
2020-03-02,1384921.0,1619354.0,769603644.0,927857870.0,1384135.0,1653869.0,0.8552305425496833,0.8294413065656273,0.8369072762111147
2020-03-03,1004312.0,1153740.0,479859618.0,693976200.0,1385802.0,1663341.0,0.8704838178445751,0.6914640847913804,0.8331436548488854
2020-03-04,753167.0,898957.0,416176873.0,555270616.0,1423319.0,1649193.0,0.8378231661803623,0.7495027847826905,0.8630396806195515
2020-03-05,1453683.0,2137904.0,571587346.0,1425116398.0,1599385.0,1587116.0,0.6799570981671769,0.4010811655820972,1.0077303738353087
2020-03-06,1231169.0,1210560.0,598079458.0,730607297.0,1517303.0,1673138.0,1.0170243523658473,0.818605919289087,0.9068606415011792
2020-03-09,1867821.0,1686705.0,1440454222.0,781716270.0,1436551.0,1875268.0,1.1073785872455468,1.8426816445818635,0.7660510391048106
2020-03-10,1648649.0,1984417.0,963545878.0,1202099076.0,1498762.0,1921820.0,0.8307976599676379,0.8015527981322564,0.7798659603917121
2020-03-11,1101630.0,1310011.0,694428707.0,740701749.0,1510243.0,1977998.0,0.8409318700377325,0.937528104851282,0.7635209944600551
2020-03-12,1697278.0,1478407.0,1300220110.0,768516941.0,1512597.0,2090750.0,1.1480451594182117,1.691856146083317,0.7234710032285065
2020-03-13,2295649.0,2380320.0,2190483492.0,1282872175.0,1423258.0,2189433.0,0.9644287322712912,1.7074838278412268,0.6500578003528767
2020-03-16,1581337.0,1958327.0,1553818414.0,892173104.0,1391562.0,2375949.0,0.807493845512011,1.7416109127629564,0.5856868139846436
2020-03-17,1781022.0,2083387.0,1899258854.0,1071372055.0,1328041.0,2482483.0,0.854868538586446,1.7727351064798866,0.5349647912996786
2020-03-18,1801426.0,2457869.0,1696687434.0,851159787.0,1305294.0,2432502.0,0.7329218929080435,1.9933829815670085,0.5366055197488019
2020-03-19,2364158.0,2303790.0,2943107329.0,913555802.0,1213699.0,2499061.0,1.0262037772540031,3.22159557473863,0.48566201465270353
2020-03-20,1621479.0,1953335.0,1495228668.0,823735127.0,1212379.0,2391768.0,0.8301079947884004,1.815181384148985,0.5068965719083122
2020-03-23,1465771.0,1595274.0,1459482825.0,714836717.0,1185586.0,2421405.0,0.9188208420622413,2.041700979106254,0.4896273031566384
2020-03-24,1395568.0,1906242.0,1168547679.0,1018622965.0,1127989.0,2322862.0,0.7321043183394343,1.1471837167935832,0.4856031051349585
2020-03-25,1219797.0,1840863.0,1029905174.0,1243974948.0,1141425.0,2215817.0,0.6626223678785439,0.8279147226042047,0.5151260234938174
2020-03-26,805824.0,947008.0,713810623.0,742689260.0,944527.0,1396406.0,0.8509157261607082,0.9611161241243747,0.6763985545751021
2020-03-27,815072.0,1052273.0,699994058.0,864548356.0,985630.0,1425916.0,0.7745822614473621,0.8096644370925159,0.691225850611116
2020-03-30,800546.0,831477.0,737802624.0,627481182.0,1009986.0,1487947.0,0.9627999331310427,1.1758163354769737,0.6787782091700847
2020-03-31,683982.0,810925.0,534993185.0,564405422.0,1045128.0,1561879.0,0.8434590128556895,0.9478881033853711,0.6691478661279139
2020-04-01,821930.0,907799.0,614984997.0,577416631.0,1095386.0,1606133.0,0.9054096776929694,1.0650628402145903,0.6820020508886873
2020-04-02,752577.0,839385.0,529538682.0,509474597.0,1121163.0,1616137.0,0.8965814256866634,1.0393819144627539,0.6937301726276919
2020-04-03,667935.0,706133.0,439536723.0,448812759.0,1149011.0,1612475.0,0.94590537476651,0.979332058160138,0.712576008930371
2020-04-07,827785.0,891276.0,414388973.0,596241623.0,1206206.0,1645393.0,0.9287639294674153,0.6950017526703264,0.7330807898173871
2020-04-08,603168.0,667943.0,328185023.0,368561005.0,1217404.0,1680390.0,0.9030231621560523,0.8904496638215972,0.724477055921542
2020-04-09,559576.0,598372.0,254100095.0,296271690.0,1248967.0,1689705.0,0.9351640785330865,0.8576590459925483,0.739162753261664
2020-04-10,974685.0,1072199.0,454519980.0,583896991.0,1295371.0,1723113.0,0.9090523307706871,0.7784249396825543,0.7517620724816074
2020-04-13,597351.0,672202.0,320260387.0,277618640.0,1288999.0,1752616.0,0.8886480551976935,1.1535982850431081,0.7354714324187386
2020-04-14,854857.0,964657.0,358644984.0,467140465.0,1364013.0,1715235.0,0.8861771593426472,0.7677454874306382,0.7952338892338368
2020-04-15,655656.0,777003.0,300749052.0,378852461.0,1359661.0,1739456.0,0.8438268578113598,0.7938421495432756,0.7816587484822841
2020-04-16,658674.0,751204.0,331490431.0,336973017.0,1351547.0,1719828.0,0.8768244045558863,0.9837298960943214,0.7858617257074545
2020-04-17,1183077.0,1616935.0,492753352.0,906232286.0,1415520.0,1623560.0,0.7316787625971359,0.5437384648641839,0.8718618344871764
2020-04-20,682878.0,789017.0,312215414.0,399825772.0,1401074.0,1573104.0,0.8654794510130961,0.7808786623189463,0.8906429581260997
2020-04-21,1009159.0,1052329.0,555212390.0,487230787.0,1317673.0,1592229.0,0.9589767078546728,1.139526493016953,0.8275650047826035
2020-04-22,754794.0,832690.0,436538392.0,407806748.0,1353879.0,1532924.0,0.9064525813928352,1.0704540671308362,0.8832003413085059
2020-04-23,564546.0,690559.0,368999520.0,413917321.0,939528.0,1120695.0,0.8175202987724438,0.8914812240969254,0.8383440632821597
2020-04-24,460693.0,504648.0,316928789.0,277546575.0,971658.0,1178383.0,0.9128996845325851,1.1418940730938583,0.824568921988861
2020-04-27,622518.0,740485.0,359498723.0,458292112.0,1040100.0,1195602.0,0.8406895480664699,0.7844313999451947,0.8699383239573035
2020-04-28,803952.0,922291.0,463453871.0,565381930.0,1098253.0,1210624.0,0.8716901715402189,0.8197182230426077,0.9071792728378093
2020-04-29,536889.0,785093.0,278549498.0,458602201.0,1118261.0,1202699.0,0.6838540147472975,0.6073880530721657,0.9297929074523218
2020-04-30,755804.0,1124297.0,369914708.0,739446394.0,1136307.0,1228358.0,0.6722458567442589,0.5002589924050668,0.925061749099204
2020-05-06,752550.0,863413.0,373629647.0,485431182.0,1179954.0,1316606.0,0.871599107263847,0.7696861282388736,0.8962088886120829
2020-05-07,530254.0,589886.0,252543122.0,329107462.0,1199562.0,1348063.0,0.8989092807762856,0.7673576298309517,0.8898412017835962
2020-05-08,699900.0,820217.0,289085966.0,470777610.0,1243243.0,1337020.0,0.8533107701986181,0.6140605667291611,0.9298611838267191
2020-05-11,636228.0,764865.0,250675255.0,424314678.0,1261789.0,1373548.0,0.8318173795375654,0.5907767701592449,0.9186348056274699
2020-05-12,534888.0,594790.0,247082436.0,302815127.0,1259930.0,1392896.0,0.8992888246271793,0.8159514303260021,0.9045398938614225
2020-05-13,585501.0,624757.0,262572566.0,299399204.0,1283751.0,1424071.0,0.9371659701291862,0.8769982100553614,0.9014655870388485
2020-05-14,613772.0,708822.0,289962189.0,293262770.0,1261738.0,1495221.0,0.8659042749801784,0.9887453119262292,0.8438471637303114
2020-05-15,651413.0,769536.0,309739280.0,328706679.0,1254741.0,1534692.0,0.846501008399867,0.9422968859114663,0.8175848965134372
2020-05-18,742355.0,844268.0,293330580.0,378907053.0,1304078.0,1500358.0,0.8792883302458461,0.774149168450554,0.8691778895436956
2020-05-19,566723.0,682307.0,196206832.0,318591604.0,1328134.0,1483535.0,0.830598249761471,0.6158568824054761,0.895249522255963
2020-05-20,504908.0,603291.0,199792920.0,269976372.0,1345644.0,1472479.0,0.836922811711098,0.7400385393726233,0.9138629481303299
2020-05-21,547543.0,612405.0,220314786.0,277599883.0,1319459.0,1488856.0,0.8940864297319584,0.793641494438238,0.8862233822478467
2020-05-22,1507264.0,1517479.0,776012739.0,530052693.0,1300900.0,1658620.0,0.9932684406176296,1.4640294243349878,0.7843267294497835
2020-05-25,877743.0,888869.0,466505069.0,310615896.0,1301808.0,1652249.0,0.9874829699314522,1.5018712017236877,0.7879006130431915
2020-05-26,661877.0,719028.0,295971921.0,247897525.0,1324223.0,1587886.0,0.9205163081270826,1.1939285033200715,0.8339534450206123
2020-05-27,642182.0,713540.0,297401870.0,249084795.0,1277089.0,1539120.0,0.8999943941474899,1.1939784200797965,0.8297527158376214
2020-05-28,1013778.0,947261.0,536369139.0,461254332.0,1076642.0,1225052.0,1.0702203510964772,1.1628490006246706,0.8788541221107349
2020-05-29,625679.0,546700.0,345074085.0,275040564.0,1113310.0,1225196.0,1.1444649716480702,1.2546297898080228,0.908679101139736
2020-06-01,940779.0,995809.0,360659028.0,520756344.0,1244220.0,1241775.0,0.9447383986286527,0.6925677087862803,1.0019689557286948
2020-06-02,638618.0,730285.0,251505095.0,381132137.0,1281514.0,1236232.0,0.8744777723765379,0.6598894991633834,1.0366290469750015
2020-06-03,728637.0,1045869.0,316171515.0,578611665.0,1347718.0,1291767.0,0.696680941877042,0.5464312839251175,1.043313538741894
2020-06-04,485949.0,561338.0,216590147.0,284054461.0,1327369.0,1312727.0,0.865697672347142,0.7624951434929234,1.0111538804336317
2020-06-05,486848.0,533140.0,199720197.0,266429209.0,1323953.0,1316096.0,0.91317102449638,0.7496182485006739,1.005969929245283
2020-06-08,700565.0,885544.0,246949503.0,487097561.0,1408388.0,1333417.0,0.7911125816447291,0.5069816044511051,1.0562247218987009
2020-06-09,625304.0,750006.0,216739702.0,413317409.0,1453925.0,1298775.0,0.8337319968106922,0.5243904497620617,1.1194587207175992
2020-06-10,494119.0,518519.0,197434748.0,253650600.0,1460201.0,1332552.0,0.9529429008387349,0.7783728798591448,1.0957928846303935
2020-06-11,1026152.0,991399.0,470218039.0,412859539.0,1468678.0,1423063.0,1.0350545037870726,1.1389298165156359,1.0320540973941421
2020-06-12,1083659.0,875972.0,494181898.0,350174182.0,1479699.0,1420538.0,1.23709319475965,1.4112459553057513,1.041646897161498
2020-06-15,1067342.0,983969.0,487427661.0,351518179.0,1452285.0,1493940.0,1.084731327917851,1.3866357136539444,0.9721173541106068
2020-06-16,867580.0,871881.0,316350927.0,383935945.0,1475367.0,1434866.0,0.9950669873526319,0.8239679850762606,1.0282263291485059
2020-06-17,658601.0,614804.0,262926300.0,248888738.0,1466344.0,1412446.0,1.0712373374278632,1.0564009529430778,1.0381593349409464
2020-06-18,911204.0,941855.0,355688791.0,415629312.0,1484902.0,1385814.0,0.9674567741318992,0.8557837013189291,1.0715016589527888
2020-06-19,1175668.0,1292009.0,405967404.0,691310726.0,1563169.0,1340291.0,0.9099534136372115,0.5872430279636657,1.1662907532767137
2020-06-22,960537.0,1145255.0,347319345.0,601482397.0,1538878.0,1261685.0,0.8387101562534108,0.5774389187984832,1.2197006384319382
2020-06-23,805733.0,845021.0,324782984.0,397160527.0,1500595.0,1221374.0,0.9535064809040249,0.8177624963217959,1.2286122023229575
2020-06-24,805287.0,1022594.0,318202562.0,552528305.0,1530332.0,1096791.0,0.7874943525974141,0.5759027349739123,1.395281325247928
2020-06-29,744443.0,717324.0,347222641.0,381514162.0,1008296.0,894767.0,1.0378057892946562,0.9101173051604832,1.1268810763025459
2020-06-30,741181.0,741617.0,297729927.0,426169177.0,1068821.0,938649.0,0.9994120954616736,0.6986191002734109,1.1386801669207554
2020-07-01,1122855.0,1350930.0,453271377.0,866127921.0,1257809.0,937127.0,0.8311718593857564,0.5233307528946408,1.3421969487593464
2020-07-02,1289610.0,1964790.0,528506313.0,1530991686.0,1380140.0,1015416.0,0.6563602217030827,0.34520521426267237,1.3591867766511458
2020-07-03,1326880.0,2141455.0,590724484.0,1917249054.0,1417814.0,1086929.0,0.6196161021361645,0.30811045793323416,1.3044219079627095
2020-07-06,1859808.0,3241395.0,910357774.0,4890180621.0,1589542.0,1046148.0,0.5737677759112975,0.18616035777709977,1.5194236379556239
2020-07-07,1357097.0,2640104.0,939239333.0,3568803941.0,1651773.0,1167186.0,0.5140316442079554,0.2631804236174486,1.4151754733178774
2020-07-08,1280083.0,2312619.0,843255696.0,2359442266.0,1642456.0,1274639.0,0.5535209215179846,0.35739619830985936,1.2885656252476192
2020-07-09,861088.0,1759300.0,596358155.0,1778415220.0,1656717.0,1295382.0,0.489449212755073,0.33533122540415505,1.2789408838473901
2020-07-10,1043929.0,1764151.0,752527856.0,1557890987.0,1614725.0,1395141.0,0.5917458312808824,0.48304269186968474,1.1573919768682879
2020-07-13,1130381.0,1920953.0,690315951.0,1612160386.0,1628763.0,1395567.0,0.5884480255373244,0.42819309852462784,1.1670976742786265
2020-07-14,1143588.0,1741755.0,741038361.0,1291962563.0,1590491.0,1425082.0,0.6565722504026111,0.573575722874874,1.1160698121230919
2020-07-15,1071937.0,1510416.0,746776688.0,1158471828.0,1556298.0,1444207.0,0.7096965339350219,0.6446222255479829,1.0776142201221848
2020-07-16,2025916.0,2174600.0,1666711052.0,1329506313.0,1463911.0,1625676.0,0.9316269658787824,1.2536315440572112,0.9004937023121459
2020-07-17,1630713.0,1810481.0,1280962904.0,1086904029.0,1407460.0,1553055.0,0.9007070496735398,1.1785427874239667,0.9062525152039046
2020-07-20,1292797.0,2037855.0,728415284.0,1388882854.0,1476743.0,1504791.0,0.634391063152187,0.5244612833272114,0.9813608667250137
2020-07-21,780441.0,1153301.0,445909123.0,831592089.0,1458203.0,1432375.0,0.6767019191000442,0.5362113575854376,1.0180315908892574
2020-07-22,1197308.0,1871961.0,771853223.0,1561878407.0,1469921.0,1423353.0,0.6396009318570205,0.49418265822788854,1.0327171123396655
2020-07-23,1351953.0,1350984.0,1169563195.0,1269717433.0,1005717.0,1098026.0,1.0007172549785934,0.9211208451605153,0.9159318631799247
2020-07-24,1716477.0,1400742.0,1712662480.0,1123259266.0,1014353.0,1254336.0,1.2254055350664148,1.5247258863921092,0.808677260319404
2020-07-27,999509.0,918054.0,993779728.0,719809193.0,1031044.0,1303823.0,1.0887257176593097,1.3806154987520423,0.7907852522926808
2020-07-28,655462.0,762395.0,540443838.0,590569871.0,1063560.0,1346903.0,0.8597406856026075,0.9151226036724112,0.7896337004223764
2020-07-29,867288.0,1225919.0,690056113.0,1004774378.0,1123849.0,1316654.0,0.7074594651033225,0.6867771791449881,0.8535644140374009
2020-07-30,537828.0,798249.0,407403166.0,661844269.0,1137906.0,1306698.0,0.673759691524825,0.6155574431664377,0.8708255465302618
2020-07-31,1134796.0,1455096.0,957754000.0,1226462246.0,1184941.0,1350995.0,0.7798770665303183,0.7809078535630685,0.8770876280075056
2020-08-03,618576.0,906400.0,491942266.0,825711795.0,1193648.0,1352879.0,0.6824536628420124,0.5957796279269573,0.8823021127536166
2020-08-04,826345.0,1221636.0,571745703.0,1151907329.0,1263766.0,1339574.0,0.6764248925211765,0.4963469617789019,0.943408874761678
2020-08-05,775195.0,816346.0,593313360.0,677689719.0,1248024.0,1373689.0,0.9495912272492301,0.8754941138482876,0.908520050753846
2020-08-06,887577.0,1171438.0,710685535.0,914830353.0,1259613.0,1433235.0,0.7576815845140759,0.7768495357302602,0.8788600613297889
2020-08-07,1101479.0,1163915.0,849792680.0,874489716.0,1269448.0,1441384.0,0.9463569075061323,0.9717583459837965,0.8807146464786622
2020-08-10,970199.0,1162993.0,653123139.0,910578371.0,1320223.0,1445237.0,0.8342260013602834,0.7172618632295626,0.9134993084179273
2020-08-11,1054688.0,1318831.0,670604048.0,962192458.0,1322807.0,1447719.0,0.7997142924301901,0.6969541721350719,0.9137180626903425
2020-08-12,1237117.0,1391453.0,925662263.0,855880702.0,1303471.0,1558421.0,0.8890828508041594,1.081531878025683,0.8364049252416388
2020-08-13,675602.0,806054.0,468854653.0,492934371.0,1295981.0,1566127.0,0.8381597262714409,0.9511502556594902,0.8275069646331364
2020-08-14,966039.0,1060526.0,565339029.0,647202915.0,1327756.0,1487601.0,0.9109055317832849,0.8735112526494105,0.892548472339021
2020-08-17,1323264.0,2247532.0,643638065.0,1683520070.0,1410682.0,1462810.0,0.5887631410809724,0.38231683510610004,0.9643644765895776
2020-08-18,628765.0,1060425.0,338510156.0,730678456.0,1400891.0,1478092.0,0.5929367942098687,0.46328197200876553,0.9477698275885398
2020-08-19,903277.0,1354903.0,558463209.0,796952416.0,1360564.0,1564278.0,0.6666728171684615,0.7007484986406014,0.8697712299220471
2020-08-20,1066585.0,1254018.0,692405348.0,608592980.0,1324910.0,1632116.0,0.8505340433709883,1.1377149766006174,0.8117744081915746
2020-08-21,862801.0,1123789.0,489876324.0,604924988.0,1306416.0,1587491.0,0.7677606739343418,0.8098133383770881,0.8229438781070255
2020-08-24,749894.0,1107666.0,406186425.0,643636237.0,1331022.0,1559388.0,0.6770037177271849,0.6310807279795839,0.8535540866032059
2020-08-25,720291.0,1015784.0,400207935.0,632433989.0,1318834.0,1448505.0,0.7090985878887638,0.6328058611030787,0.9104794253385387
2020-08-26,823190.0,988826.0,545099244.0,653036906.0,1320491.0,1480766.0,0.8324922686094419,0.8347143002052628,0.8917621015069228
2020-08-27,621795.0,586120.0,445957287.0,428575511.0,998807.0,1037400.0,1.0608663754862486,1.0405570910000035,0.9627983420088684
2020-08-28,842437.0,1131292.0,552076493.0,947332921.0,1127632.0,1037293.0,0.7446680432638081,0.5827692469688805,1.0870911111903772
2020-08-31,719173.0,1190709.0,468331116.0,1011195488.0,1161104.0,1100766.0,0.6039872042623344,0.463145970841199,1.0548145564089006
2020-09-01,559580.0,680666.0,397757783.0,502428603.0,1166237.0,1150117.0,0.8221065838458216,0.7916702604608679,1.0140159653322227
2020-09-02,754335.0,979248.0,537453756.0,729977196.0,1205587.0,1228472.0,0.7703206950639675,0.7362610215018278,0.9813711667828001
2020-09-03,698152.0,950452.0,492569551.0,727355943.0,1221625.0,1266752.0,0.7345473522071604,0.677205645654565,0.9643758209973223
2020-09-04,800287.0,802342.0,575521607.0,529048753.0,1236203.0,1363573.0,0.9974387480650396,1.087842290028042,0.906590992928138
2020-09-07,871801.0,1045340.0,632837724.0,618366461.0,1253188.0,1454892.0,0.8339879847705053,1.0234024060370246,0.8613615306153309
2020-09-08,757187.0,984305.0,520257192.0,583335146.0,1260765.0,1470060.0,0.7692605442418763,0.8918667005879327,0.8576282600710176
2020-09-09,1057492.0,1086735.0,785434911.0,673028050.0,1257969.0,1584220.0,0.9730909559368199,1.167016606514394,0.7940620620873363
2020-09-10,722251.0,970840.0,499748374.0,567346745.0,1269203.0,1562576.0,0.7439444192657905,0.8808517514276036,0.8122504121399535
2020-09-11,660128.0,801631.0,414016438.0,430441391.0,1266609.0,1533585.0,0.8234811278505946,0.9618416041221277,0.8259137902366025
2020-09-14,626635.0,819116.0,330712761.0,472192405.0,1288153.0,1474478.0,0.7650137465267435,0.7003771291069368,0.8736332451213243
2020-09-15,701480.0,840663.0,347492974.0,548736363.0,1298579.0,1399742.0,0.8344366291843461,0.6332603367129144,0.9277273954771665
2020-09-16,673192.0,778647.0,380132659.0,477714076.0,1281584.0,1452215.0,0.864566356770141,0.7957325900524648,0.882502935171445
2020-09-17,936630.0,951389.0,565835918.0,527249370.0,1260869.0,1514482.0,0.9844868923226987,1.0731846260906865,0.8325414234041738
2020-09-18,1186120.0,1660582.0,600525168.0,1025599606.0,1291418.0,1374890.0,0.7142796923006512,0.5855356851609399,0.9392882339678084
2020-09-21,767363.0,1185020.0,434411973.0,728549527.0,1253173.0,1435893.0,0.6475527839192587,0.5962696520973789,0.8727481783113366
2020-09-22,923210.0,1093835.0,579096966.0,613478774.0,1196347.0,1457350.0,0.844012122486481,0.9439559941482181,0.8209057535938519
2020-09-23,629300.0,795781.0,443736919.0,450692741.0,1187978.0,1462653.0,0.7907954575442239,0.984566376674791,0.8122076801538027
2020-09-24,907556.0,828035.0,815652217.0,546850500.0,832270.0,1085646.0,1.0960357955883506,1.4915451608803503,0.766612689587582
2020-09-25,496539.0,601143.0,412011949.0,394183660.0,838318.0,1124272.0,0.8259914862187533,1.045228381612774,0.7456540765935645
2020-09-28,430859.0,645527.0,356878425.0,461067182.0,824984.0,1109037.0,0.6674531042078797,0.7740269508056203,0.7438741899503803
2020-09-29,398952.0,602938.0,322701323.0,438315541.0,850562.0,1127168.0,0.6616799737286421,0.7362306211268926,0.7546009113104701
2020-09-30,634536.0,864129.0,511253365.0,597303096.0,894952.0,1197584.0,0.7343070305475224,0.8559362381071602,0.747297893091424
2020-10-09,691321.0,891389.0,385995059.0,538689868.0,980054.0,1305038.0,0.775554780236238,0.7165441229349426,0.7509773661763106
2020-10-12,941000.0,1561007.0,450568405.0,1132701008.0,985234.0,1169026.0,0.6028160027469448,0.39778229366597334,0.8427819398370952
2020-10-13,573924.0,838859.0,283275209.0,564101356.0,1015954.0,1197041.0,0.6841721910356806,0.5021707641489874,0.8487211382066279
2020-10-14,467834.0,630672.0,260273207.0,392676471.0,1029137.0,1232008.0,0.7418023949057513,0.6628184427174401,0.835333049785391
2020-10-15,577568.0,882059.0,332200731.0,593935949.0,1061593.0,1266813.0,0.6547952007745513,0.5593208014421771,0.838002925451507
2020-10-16,730381.0,1009564.0,386113850.0,689467935.0,1082890.0,1313691.0,0.7234618112373262,0.5600171239290482,0.8243110442257731
2020-10-19,1157387.0,1749002.0,609142748.0,1085236471.0,1105806.0,1400743.0,0.6617413816565104,0.5612995547769423,0.7894424601800616
2020-10-20,573900.0,758782.0,338340032.0,403726223.0,1129834.0,1433005.0,0.7563437192764193,0.8380432400101987,0.7884368861239144
2020-10-21,639608.0,922899.0,356443112.0,520630291.0,1151069.0,1407883.0,0.6930422505604622,0.6846376750675846,0.8175885354109681
2020-10-22,917784.0,1138810.0,517818034.0,663850456.0,1154031.0,1434274.0,0.8059149463035976,0.7800221108833584,0.8046098583673691
2020-10-23,1023411.0,1385515.0,523953251.0,836052180.0,1139624.0,1429666.0,0.738650249185321,0.6266992222901685,0.7971260420265992
2020-10-26,1096693.0,1243401.0,709805045.0,613592173.0,1096857.0,1519388.0,0.882010710945222,1.1568026390062833,0.7219071099679608
2020-10-27,687268.0,801994.0,481258199.0,423030337.0,1104726.0,1536598.0,0.8569490544817043,1.1376446484026037,0.7189427553595671
2020-10-28,640831.0,846214.0,456463725.0,526387136.0,1096267.0,1505932.0,0.75729189070377,0.86716352619985,0.7279658045648808
2020-10-29,816738.0,944500.0,617641775.0,707257611.0,905950.0,1057876.0,0.8647305452620434,0.8732910970398875,0.8563858145945271
2020-10-30,885367.0,890478.0,688316585.0,629329655.0,948413.0,1185294.0,0.9942603859949376,1.0937297798242163,0.800150004977668
2020-11-02,722164.0,725466.0,603873502.0,474286739.0,984243.0,1284778.0,0.995448442794011,1.2732245123977628,0.7660802099662354
2020-11-03,684351.0,1000553.0,498834601.0,702586047.0,1013588.0,1244186.0,0.6839727630620267,0.7099978758900687,0.814659544473254
2020-11-04,806074.0,964725.0,554269247.0,708679425.0,1047219.0,1255555.0,0.8355479540801782,0.7821156187792527,0.8340685991453979
2020-11-05,807189.0,1190158.0,466000429.0,892039322.0,1070916.0,1270467.0,0.6782200346508614,0.5223989767123741,0.8429309852203953
2020-11-06,558306.0,812958.0,338082177.0,555655405.0,1090740.0,1320040.0,0.686758725543017,0.6084385645452328,0.8262931426320415
2020-11-09,1027154.0,1635884.0,523629382.0,1185756491.0,1141230.0,1237271.0,0.6278892635419138,0.4415994227941359,0.9223767468889192
2020-11-10,682803.0,1156031.0,369531864.0,807510675.0,1168088.0,1287831.0,0.5906441955276286,0.4576185497485838,0.9070196322343538
2020-11-11,568819.0,803576.0,321203390.0,563781088.0,1198319.0,1313004.0,0.7078596175097315,0.56973069305936,0.9126544930556191
2020-11-12,623406.0,758826.0,350476757.0,451380179.0,1180958.0,1383166.0,0.8215401159159017,0.7764557978076392,0.8538078582035706
2020-11-13,1147588.0,1365440.0,727608605.0,637962887.0,1161027.0,1534955.0,0.8404528943051324,1.1405187038725029,0.7563915554527657
2020-11-16,677994.0,940493.0,359492420.0,490444631.0,1187768.0,1501304.0,0.7208921278520946,0.7329928747859001,0.7911575536999835
2020-11-17,617165.0,758675.0,292174289.0,449427883.0,1215811.0,1492694.0,0.8134774442284246,0.6501027195947253,0.814507862964546
2020-11-18,910873.0,1364811.0,431844928.0,785700917.0,1228011.0,1486754.0,0.6673986361481553,0.5496301692619763,0.8259678467318736
2020-11-19,846047.0,1116933.0,411811654.0,673487968.0,1283229.0,1428113.0,0.7574733667999781,0.6114610409788346,0.898548644259943
2020-11-20,653962.0,865528.0,312780315.0,485873391.0,1276730.0,1394580.0,0.7555642336238689,0.6437485995194168,0.915494270676476
2020-11-23,1134408.0,1879879.0,462233563.0,1230427017.0,1315577.0,1308753.0,0.6034473495368585,0.37566922427224303,1.005214123673451
2020-11-24,730729.0,1057486.0,335155399.0,603044922.0,1294832.0,1371213.0,0.6910058383751653,0.5557718617187859,0.9442967649810788
2020-11-25,919844.0,1316986.0,432422675.0,808801731.0,1258845.0,1422919.0,0.6984463008718392,0.5346460800292229,0.8846919606808258
2020-11-26,650685.0,849316.0,362817027.0,562679217.0,993483.0,1174844.0,0.7661282726335075,0.6448026087304376,0.8456297176476196
2020-11-27,809726.0,1274200.0,443325251.0,999901377.0,1090155.0,1205061.0,0.635477946947104,0.443368977378656,0.9046471506421666
2020-11-30,1570062.0,2665011.0,863923804.0,2096118240.0,1196165.0,1371263.0,0.5891390316963044,0.4121541368773166,0.8723089589670253
2020-12-01,1246673.0,2289665.0,702589153.0,1721860571.0,1300539.0,1377348.0,0.5444783407179653,0.4080406769474716,0.944234136906577
2020-12-02,1032118.0,2361884.0,629443495.0,1761376670.0,1353299.0,1475484.0,0.43698928482516497,0.357358823765958,0.9171898848106791
2020-12-03,651267.0,1252207.0,417455810.0,954534531.0,1359926.0,1580675.0,0.5200953197035314,0.43733966288538595,0.8603451057301469
2020-12-04,825840.0,1476593.0,529226253.0,1067040042.0,1373514.0,1639507.0,0.5592874949292053,0.49597600105807466,0.8377603755275214
2020-12-07,826405.0,1455697.0,534363491.0,946521489.0,1394790.0,1733345.0,0.5677039933447688,0.5645550547030422,0.8046811223385997
2020-12-08,740284.0,1361922.0,425705903.0,765580789.0,1410924.0,1827235.0,0.543558294821583,0.5560561460222325,0.7721634053638421
2020-12-09,875019.0,1405659.0,494483192.0,756125525.0,1403892.0,1896626.0,0.6224973482188781,0.653969712237925,0.740204974517907
2020-12-10,899566.0,1260342.0,559115297.0,548027942.0,1401837.0,1920750.0,0.7137475383665703,1.020231368056777,0.72983834439672
2020-12-11,1525219.0,1655021.0,904402029.0,727206274.0,1393660.0,1991379.0,0.9215707836939834,1.2436664277184166,0.6998466891535966
2020-12-14,834081.0,1058221.0,408294124.0,529273857.0,1394133.0,1873896.0,0.7881916915275732,0.7714231840474222,0.7439756528644066
2020-12-15,786877.0,983715.0,379893759.0,523011905.0,1420716.0,1830896.0,0.7999034273138054,0.7263577661774258,0.7759676136711205
2020-12-16,697175.0,926867.0,288455462.0,512678121.0,1442237.0,1767627.0,0.7521845097516688,0.5626443770164321,0.8159170458473423
2020-12-17,1288942.0,1946559.0,498575874.0,1170480076.0,1467551.0,1646909.0,0.6621643628577403,0.4259584457890422,0.8910941648870703
2020-12-18,1054695.0,1467384.0,467631553.0,796954842.0,1414222.0,1744341.0,0.7187586889321405,0.5867729617232189,0.810748586428915
2020-12-21,1048904.0,1678784.0,480345815.0,948110398.0,1376862.0,1699128.0,0.6247998551332393,0.5066348982283813,0.8103344774496094
2020-12-22,1182244.0,1488201.0,540982657.0,784791218.0,1328439.0,1765317.0,0.7944115075853329,0.6893332195773882,0.7525215018039253
2020-12-23,1177160.0,1387937.0,586169218.0,767363227.0,1310819.0,1675561.0,0.8481364788171221,0.7638745217067849,0.7823164898204243
2020-12-24,774975.0,925729.0,498758025.0,635200858.0,890404.0,1221842.0,0.8371510452843111,0.7851973414683265,0.7287390677354355
2020-12-25,833296.0,1008839.0,517074801.0,717417316.0,958580.0,1229219.0,0.8259950299304448,0.7207448014817641,0.7798284927258691
2020-12-28,732774.0,998614.0,433662286.0,742245409.0,998735.0,1288769.0,0.7337910343736419,0.5842572830248385,0.7749526874094582
2020-12-29,537349.0,801594.0,338405063.0,599571349.0,1033436.0,1360161.0,0.6703505764763709,0.5644116643739092,0.759789466099969
2020-12-30,746470.0,1042703.0,423242970.0,828919225.0,1083670.0,1288897.0,0.7158989664362719,0.5105961560971155,0.8407731572034073
2020-12-31,1216739.0,2150141.0,608060543.0,1941619414.0,1158704.0,1295484.0,0.5658880045541199,0.31317184954764776,0.8944178392014105
2021-01-04,885876.0,1618374.0,458843441.87,1371327811.85,1218895.0,1386537.0,0.5473864508451075,0.33459792611585254,0.8790930209579694
2021-01-05,939541.0,1568153.0,498251334.19,1380212799.07,1296981.0,1355639.0,0.5991386044601515,0.36099602505188066,0.9567303684830548
2021-01-06,1166083.0,2263525.0,639981681.37,2060683101.29,1393948.0,1361132.0,0.5151624126086525,0.31056773405351246,1.0241093442810836
2021-01-07,1308890.0,2324311.0,721516529.96,2339846237.29,1466209.0,1339365.0,0.5631303212005623,0.30836065997039935,1.0947045801555215
2021-01-08,1272257.0,2466863.0,814713116.97,2489408988.85,1475897.0,1449720.0,0.5157388148429808,0.3272717020863504,1.018056590238115
2021-01-11,1221685.0,2315351.0,736934225.4300001,2188627834.59,1526749.0,1441754.0,0.5276457003711317,0.33671061556614595,1.058952498137685
2021-01-12,1443747.0,2526844.0,685859027.59,2402071409.13,1590509.0,1407724.0,0.5713637248678589,0.2855281591476123,1.129844344487982
2021-01-13,1357561.0,2631070.0,758549344.4,2475817291.59,1607166.0,1542690.0,0.5159729691722379,0.30638341002653324,1.0417945277405052
2021-01-14,1199552.0,1762881.0,810071945.47,1379332292.13,1575772.0,1629911.0,0.6804497864575091,0.5872928155833039,0.9667840759403428
2021-01-15,1458007.0,2425080.0,815517422.83,1798369915.73,1608704.0,1638323.0,0.6012201659326702,0.453475903759746,0.9819211474172065
2021-01-18,1264888.0,1918792.0,628277287.06,1440697729.45,1639482.0,1609877.0,0.659210586660774,0.4360923698407234,1.0183896036777964
2021-01-19,1286947.0,1854208.0,679674831.3199999,1171561376.37,1577643.0,1656028.0,0.6940683030167057,0.5801444508404027,0.9526668631206718
2021-01-20,1085833.0,1516900.0,570712201.82,918285065.8,1583518.0,1607164.0,0.7158237194277803,0.6214978584267858,0.9852871268893529
2021-01-21,1342553.0,2251800.0,642494309.5,1524827540.74,1599491.0,1531480.0,0.5962132516209255,0.42135539418982226,1.0444086765742941
2021-01-22,1027118.0,1573030.0,498861397.46,1014640619.79,1570653.0,1529282.0,0.6529551248227943,0.4916631442995543,1.0270525645368218
2021-01-25,1240017.0,1935318.0,610965708.75,1448429329.21,1575998.0,1337173.0,0.6407303605919027,0.4218125775478683,1.1786044139389593
2021-01-26,1359271.0,1673084.0,773511152.46,1039150184.9200001,1553091.0,1499453.0,0.8124344025763202,0.7443689696495117,1.0357717114174303
2021-01-27,958983.0,1299000.0,549645137.34,796195584.13,1509157.0,1440090.0,0.7382471131639723,0.6903393441205722,1.0479601969321362
2021-01-28,1164388.0,1144182.0,994118283.83,850731128.59,1108495.0,1233925.0,1.0176597779024665,1.1685457959880339,0.898348765119436
2021-01-29,1160775.0,1202974.0,987677582.61,937238791.38,1171584.0,1346570.0,0.9649211038642564,1.053816371765549,0.8700505729371663
2021-02-01,843411.0,872339.0,691870181.7,702422702.27,1212141.0,1372829.0,0.9668385799557282,0.9849769653858031,0.882951190570712
2021-02-02,725790.0,878997.0,546157212.76,712651733.89,1236386.0,1328796.0,0.8257024768002621,0.7663732322361838,0.9304558412276979
2021-02-03,849067.0,945146.0,576436446.02,715988790.44,1284278.0,1299882.0,0.8983448059876463,0.8050914395821193,0.9879958334679609
2021-02-04,1123864.0,1163528.0,751755068.06,959011783.81,1276417.0,1276049.0,0.9659105754223362,0.7838851208620166,1.000288390179374
2021-02-05,1129535.0,1661466.0,678477297.01,1439257873.08,1251885.0,1161679.0,0.6798423801630609,0.47140773707081707,1.0776513993969075
2021-02-08,1007277.0,1337498.0,608258174.04,1195489457.74,1260712.0,1152393.0,0.7531054252043742,0.5087942600429743,1.0939948437729143
2021-02-09,1117457.0,1533886.0,588543269.37,1383289633.82,1282860.0,1095133.0,0.7285137226625708,0.4254664062975144,1.1714193618492001
2021-02-10,1378267.0,2283645.0,675916898.16,2252983185.33,1329566.0,1087796.0,0.603538203179566,0.3000097393363354,1.2222567466694123
2021-02-18,1582194.0,2350333.0,761452413.46,2066810750.71,1393260.0,1284908.0,0.6731786517059497,0.3684190307208449,1.0843266599632035
2021-02-19,1356157.0,1667392.0,759229956.67,1254639434.56,1402369.0,1305956.0,0.8133402343300196,0.6051379669380954,1.0738256112763371
2021-02-22,1983237.0,2139815.0,1342712735.25,1324801803.71,1365845.0,1417966.0,0.9268263845238958,1.0135197064872963,0.9632424190706971
2021-02-23,1595794.0,1738255.0,1057898087.17,1043699131.07,1391554.0,1391470.0,0.9180436702325033,1.0136044533116007,1.0000603678124573
2021-02-24,2226365.0,2026562.0,1844528267.08,1210665482.76,1325220.0,1556692.0,1.0985920983419208,1.5235655871471274,0.8513052035983997
2021-02-25,1309381.0,1418702.0,1126920927.02,1265940623.68,1158642.0,1145549.0,0.9229429436202952,0.8901846626456463,1.0114294543489628
2021-02-26,1896934.0,1468823.0,1768378160.05,1212213186.4,1208091.0,1336872.0,1.2914653433395311,1.4588012899791039,0.9036699100587042
2021-03-01,989786.0,922920.0,853831346.67,709435111.75,1226973.0,1383047.0,1.0724504832488189,1.2035369162428546,0.8871520635235101
2021-03-02,1745347.0,1543975.0,1606607585.35,1029335943.91,1255661.0,1517315.0,1.1304243915866514,1.5608194728410978,0.8275545947940935
2021-03-03,1191567.0,1423846.0,834843416.59,1096292405.81,1340374.0,1443315.0,0.8368650823192958,0.7615152783742698,0.9286773850476161
2021-03-04,1913918.0,1602067.0,1597825396.1100001,1108259016.1,1332943.0,1649153.0,1.194655404549248,1.4417436473765857,0.8082591487872866
2021-03-05,2109880.0,1612951.0,1853031485.4,1110125596.15,1362358.0,1745426.0,1.3080868544673707,1.6692088641379443,0.7805303690904112
2021-03-08,2169996.0,2033244.0,2080854593.57,1222517714.12,1335332.0,1905370.0,1.067258036910474,1.7021058832410074,0.7008255614395105
2021-03-09,2286825.0,2260584.0,2306896262.55,1305035347.6,1337848.0,1996456.0,1.0116080623414128,1.7676887195373314,0.6701114374671918
2021-03-10,1455652.0,1489802.0,1258605543.47,823025837.17,1377275.0,2018344.0,0.9770774908343525,1.5292418374102987,0.6823787223585276
2021-03-11,1501107.0,1861558.0,1028909597.13,1164844610.16,1407499.0,1909682.0,0.8063713298215796,0.8833020199910369,0.7370331814406796
2021-03-12,1164665.0,1466476.0,766833004.11,884062065.97,1437651.0,1895565.0,0.7941930178195893,0.8673972491610356,0.7584287534323539
2021-03-15,1606627.0,1596468.0,1170436469.76,827115840.01,1385746.0,1965372.0,1.0063634222546272,1.4150816767647072,0.7050807684245018
2021-03-16,1152027.0,1327484.0,760873640.62,714202069.95,1400401.0,1936891.0,0.8678274088425925,1.065347851306658,0.7230148728038903
2021-03-17,1308183.0,1451937.0,869733112.36,778507813.8,1413130.0,1922984.0,0.9009915719483697,1.1171796826479072,0.7348631085854068
2021-03-18,1159133.0,1248174.0,773860398.38,708689474.2,1429061.0,1861654.0,0.9286629908971025,1.0919597744182215,0.7676297528971548
2021-03-19,1869992.0,1806776.0,1537232743.01,738594144.76,1357319.0,1951981.0,1.0349882885316166,2.081295599099978,0.6953546166689123
2021-03-22,1243446.0,1307492.0,962699822.11,594747146.19,1281187.0,1868558.0,0.951016143884628,1.6186707717340647,0.6856554626615818
2021-03-23,1436782.0,1467342.0,1121266662.69,660716441.26,1247929.0,1911496.0,0.9791732261463244,1.6970467097076034,0.6528546227666707
2021-03-24,1367626.0,1393148.0,1245520350.45,647840775.31,1204546.0,2016775.0,0.981680338341655,1.9225717150236536,0.5972634527897261
2021-03-25,838584.0,912274.0,734445130.02,539696901.63,1001783.0,1239173.0,0.9192238296827488,1.3608474086136473,0.808428685905842
2021-03-26,887037.0,1065460.0,675136326.45,724791022.55,1052937.0,1218022.0,0.8325389972406284,0.9314910166446295,0.8644646812619148
2021-03-29,757838.0,889859.0,539902295.93,694929459.83,1108790.0,1262230.0,0.8516382932576959,0.7769166903099427,0.8784373687838191
2021-03-30,702027.0,824681.0,497185539.27,618775831.91,1170155.0,1258531.0,0.8512709762926514,0.8034986397825488,0.9297784480477637
2021-03-31,809645.0,903369.0,663249713.47,614670500.57,1159423.0,1363875.0,0.8962505908438302,1.0790329336692606,0.8500947667491522
2021-04-01,849543.0,1073254.0,529922418.01,766911879.01,1224746.0,1322849.0,0.7915581959163441,0.6909821486845038,0.9258396082999647
2021-04-02,869508.0,1194255.0,552564385.46,898523857.73,1268476.0,1344726.0,0.7280756622329402,0.6149690747844803,0.9432969987938064
2021-04-06,769067.0,866967.0,507753564.94,625402402.66,1274558.0,1401408.0,0.8870775934954849,0.8118829777122558,0.9094838904872814
2021-04-07,959885.0,1039534.0,709981238.98,601530581.43,1263009.0,1490914.0,0.9233800914640599,1.1802911786998156,0.8471373935719968
2021-04-08,858066.0,921755.0,592099934.17,624766728.78,1299229.0,1493994.0,0.9309046330098562,0.9477136135693567,0.869634683941167
2021-04-09,1117371.0,1154058.0,827474929.72,587029935.78,1282131.0,1604665.0,0.9682104365638469,1.4095957962016288,0.7990022839658122
2021-04-12,1081793.0,1103742.0,813592064.48,538932280.25,1283132.0,1696766.0,0.9801140121513905,1.5096369141269304,0.7562221308064871
2021-04-13,997181.0,1078622.0,734099598.77,523088878.03,1276387.0,1750600.0,0.9244953282985142,1.4033936288890054,0.729114018050954
2021-04-14,962696.0,987785.0,667251727.08,508773715.46,1279722.0,1789456.0,0.9746007481385119,1.311490170982427,0.7151458320293989
2021-04-15,1443175.0,1389726.0,1124175922.47,610650766.75,1283845.0,1863427.0,1.0384600993289326,1.840947369071653,0.6889698389043413
2021-04-16,1139722.0,1185371.0,745322417.69,602680227.21,1342085.0,1827804.0,0.9614896939439214,1.236679725068029,0.734260894494158
2021-04-19,1378189.0,1845720.0,742677557.17,1087901170.44,1402093.0,1712905.0,0.7466945148776629,0.682670059882025,0.8185468546124858
2021-04-20,940190.0,1210548.0,537814684.82,711952197.46,1407808.0,1726297.0,0.776664783222144,0.7554084203107139,0.8155074126873881
2021-04-21,1018116.0,1102710.0,611773930.21,606044774.71,1402968.0,1716474.0,0.9232853606115842,1.009453353512934,0.8173546467933682
2021-04-22,980328.0,1146828.0,641327066.47,584682972.05,1374775.0,1794722.0,0.8548169385470183,1.0968800138327888,0.7660100004346077
2021-04-23,1246398.0,1564040.0,668196833.94,857592594.52,1373616.0,1655314.0,0.7969092862075139,0.779154155725883,0.8298220156417453
2021-04-26,1590794.0,1894014.0,909334803.49,972098227.64,1313066.0,1734406.0,0.8399061464170804,0.9354351007280682,0.7570695673331388
2021-04-27,1033070.0,1139526.0,666642941.23,455779477.65,1336524.0,1735405.0,0.906578700266602,1.4626436114833703,0.7701510598390577
2021-04-28,1133391.0,1146013.0,833342057.92,527781135.05,1317584.0,1798966.0,0.9889861633332258,1.5789538552586808,0.7324118410242328
2021-04-29,888098.0,1239104.0,614147775.3,834291506.14,1097200.0,1224515.0,0.7167259568204122,0.7361309216025287,0.896028223419068
2021-04-30,957884.0,1132582.0,704008705.8,758586515.44,1133935.0,1331056.0,0.8457524488293121,0.928053282612935,0.8519063059705978
2021-05-06,1140335.0,1349135.0,803721349.44,720144205.36,1166129.0,1521180.0,0.845234168559855,1.1160561224515024,0.7665950117671807
2021-05-07,1000205.0,1195746.0,802186970.89,615568615.78,1196703.0,1655765.0,0.8364694508700008,1.3031641807689172,0.72274930319218
2021-05-10,913715.0,1172526.0,775652942.72,543673113.8,1228547.0,1748945.0,0.7792705662816859,1.4266899043408243,0.7024503343444191
2021-05-11,1049533.0,1335606.0,709241305.41,700310462.5,1286766.0,1743785.0,0.7858103362818076,1.0127526909681146,0.7379155113732484
2021-05-12,753554.0,1020517.0,469529849.59,582225664.1,1333069.0,1764421.0,0.7384041618121011,0.8064396307843894,0.7555277340271964
2021-05-13,1007059.0,1180453.0,679806603.01,583565781.21,1329028.0,1823230.0,0.8531123221339605,1.16491854885742,0.7289414939420699
2021-05-14,1394497.0,1996833.0,754045453.39,1153149726.67,1424998.0,1623771.0,0.6983543441038885,0.6539007346144801,0.8775855708717547
2021-05-17,1203394.0,1805475.0,548801203.61,1226032282.59,1494707.0,1577144.0,0.6665248757252247,0.4476237790824353,0.9477302009201443
2021-05-18,828607.0,1003547.0,404732381.91,608474847.05,1483123.0,1632963.0,0.8256783190024981,0.6651587717589617,0.9082404194093804
2021-05-19,905710.0,1064367.0,513737525.08,575266184.83,1451757.0,1669424.0,0.8509376934835446,0.8930431487674133,0.8696155081033937
2021-05-20,862637.0,1077213.0,454924820.74,625413785.68,1473427.0,1675197.0,0.8008044834215703,0.7273981340935255,0.8795544643406119
2021-05-21,1428767.0,1684561.0,799517781.34,854972600.37,1393821.0,1787847.0,0.8481539107221406,0.9351384839631104,0.7796086577878308
2021-05-24,1098222.0,1304322.0,637742480.12,627284339.02,1372360.0,1738684.0,0.8419868713400526,1.0166720902299884,0.7893096157783703
2021-05-25,2229886.0,3339090.0,911949282.57,2396675794.01,1517183.0,1444807.0,0.6678124878335115,0.3805059010689849,1.0500938879725805
2021-05-26,1104551.0,1963782.0,557718018.22,1592909873.29,1589725.0,1459432.0,0.5624611082085486,0.35012528177007773,1.0892765130543938
2021-05-27,1278828.0,1878535.0,793756851.83,1677583669.6,1231951.0,1390094.0,0.6807581439792179,0.4731548513578831,0.8862357509636039
2021-05-28,1161411.0,1701356.0,802980243.36,1396081559.72,1275788.0,1523630.0,0.6826384366352486,0.5751671439031447,0.8373345234735468
2021-05-31,836637.0,1124021.0,635524340.39,816878375.17,1321788.0,1669219.0,0.7443250615424445,0.7779913873442194,0.7918601453733752
2021-06-01,939728.0,1240615.0,690980278.55,947845388.51,1362084.0,1751623.0,0.7574694808623142,0.7290010448183026,0.7776125342039926
2021-06-02,956939.0,1509373.0,728395471.56,1027089772.05,1384337.0,1826483.0,0.6339976930818293,0.7091838429139189,0.7579249300431485
2021-06-03,940814.0,1343416.0,693566190.7,852710604.01,1384237.0,1899824.0,0.7003147200867044,0.8133664427748414,0.7286132820724446
2021-06-04,1354147.0,2191740.0,910889561.6,1320221894.59,1391525.0,1922014.0,0.6178410760400412,0.6899518674342848,0.7239931655024365
2021-06-07,720878.0,1041185.0,495008419.06,620664728.45,1420384.0,2058803.0,0.6923630286644544,0.79754559324838,0.6899076793651456
2021-06-08,1275952.0,1960537.0,842284364.77,1212764001.39,1436436.0,2211088.0,0.6508176076248497,0.6945162981459065,0.6496512124347832
2021-06-09,827932.0,1199424.0,522479383.58,683119614.18,1458958.0,2219750.0,0.6902746651726162,0.7648431881247788,0.6572623043135488
2021-06-10,1215281.0,1870016.0,676282938.02,1120202397.68,1485324.0,2175930.0,0.649877327252815,0.6037149531375925,0.6826157091450552
2021-06-11,1019031.0,1376585.0,625848963.76,736893567.18,1469503.0,2368769.0,0.7402601364972015,0.8493071342107736,0.6203656836103478
2021-06-15,1164679.0,1824921.0,823700751.04,679732103.75,1415570.0,2552966.0,0.6382079005063781,1.2118020415627602,0.5544805532075241
2021-06-16,1229295.0,1743424.0,823932921.74,648823368.21,1411926.0,2700578.0,0.7051038645791271,1.269887864879311,0.522823632570509
2021-06-17,1106368.0,1536228.0,807469538.05,600673527.3,1392914.0,2661583.0,0.7201847642407246,1.344273555186523,0.5233404331181857
2021-06-18,1564655.0,1964961.0,1170318416.97,739694287.38,1368832.0,2747288.0,0.7962778905026614,1.5821650064586443,0.49824845447583216
2021-06-21,1406134.0,1685805.0,1122480822.17,601150090.78,1248225.0,2686302.0,0.8341024021164962,1.867222245136097,0.4646629455660607
2021-06-22,1229160.0,1697026.0,850353443.34,712026915.34,1265560.0,2653357.0,0.7243023972526055,1.194271487523681,0.47696559490486956
2021-06-23,1249030.0,1702530.0,893407935.87,879163422.44,1231411.0,2547186.0,0.733631712803886,1.0162023499458908,0.4834397645087559
2021-06-24,678962.0,812632.0,497075714.0,520551216.0,993424.0,1359446.0,0.8355098002539895,0.9549026084687889,0.7307564993387012
2021-06-25,1037208.0,1558251.0,631197505.0,1091715030.0,1057670.0,1392940.0,0.6656231890754442,0.5781705735057985,0.7593076514422732
2021-06-28,563892.0,908802.0,375141985.0,608881419.0,1086463.0,1546328.0,0.6204783880317165,0.6161166580121901,0.702608372867852
2021-06-29,668268.0,936414.0,440418055.0,579990592.0,1122713.0,1682588.0,0.7136458873959595,0.7593537913801195,0.6672536592439742
2021-06-30,500738.0,803020.0,345513531.0,528176352.0,1143939.0,1734399.0,0.6235685288037658,0.6541631969922046,0.6595593055577177
2021-07-01,964458.0,1515608.0,648067475.0,956650309.0,1176565.0,1721348.0,0.6363505603031918,0.6774340309129613,0.6835137345847556
2021-07-02,1378366.0,1597002.0,1119642906.0,788303851.0,1186724.0,1857715.0,0.8630959760851896,1.420318960233013,0.6388084286341016
2021-07-05,878346.0,993227.0,689113114.0,458192020.0,1190002.0,1920884.0,0.8843356050530241,1.5039832295638846,0.6195074767659057
2021-07-06,1006073.0,1135031.0,804105409.0,581636410.0,1220005.0,2002896.0,0.8863837199160199,1.3824880890795677,0.6091204935253752
2021-07-07,956194.0,1164797.0,653936503.0,683559495.0,1251434.0,1981212.0,0.8209104247349538,0.9566636229667178,0.6316507269287689
2021-07-08,1012770.0,1166232.0,729703209.0,583324710.0,1269911.0,2153691.0,0.8684121169715803,1.2509382792990202,0.5896440111418026
2021-07-09,1183515.0,1288956.0,876761030.0,591251443.0,1282483.0,2274734.0,0.9181965870052973,1.4828903005315794,0.5637947118212503
2021-07-12,1085372.0,1637609.0,750183954.0,842656272.0,1262264.0,2250440.0,0.6627784776463734,0.8902609271743485,0.5608965357885569
2021-07-13,773042.0,1094390.0,502163185.0,604675417.0,1278339.0,2213487.0,0.7063679309935215,0.8304673398025705,0.5775227051254423
2021-07-14,1190570.0,1371314.0,868927311.0,545123111.0,1283798.0,2365814.0,0.8681964889150114,1.5940019666493281,0.5426453643439425
2021-07-15,1372959.0,1851429.0,801715588.0,983561574.0,1317199.0,2142072.0,0.7415671894520395,0.8151147921929696,0.6149181726851385
2021-07-16,1017869.0,1318171.0,589140504.0,613844926.0,1266920.0,2284519.0,0.7721828199831433,0.9597546205016607,0.5545675041441984
2021-07-19,1413081.0,1656890.0,857317192.0,727600603.0,1294057.0,2303714.0,0.8528514264676593,1.1782799360874086,0.5617264122195724
2021-07-20,973318.0,1117480.0,529713695.0,536820657.0,1308908.0,2343676.0,0.8709936643161399,0.9867610124399516,0.5584850465678703
2021-07-21,1029235.0,1615742.0,547371450.0,758043260.0,1333480.0,2289989.0,0.6370045465179466,0.7220847132128053,0.5823084739708356
2021-07-22,856638.0,1255921.0,429701846.0,592542653.0,1350556.0,2206219.0,0.6820795257026517,0.7251829785154724,0.6121586297643162
2021-07-23,1203466.0,1505831.0,710819810.0,592622178.0,1264312.0,2335719.0,0.7992038947265663,1.199448546456525,0.5412945649712144
2021-07-26,2399443.0,2713264.0,2070899634.0,836086921.0,1152386.0,2496183.0,0.8843381993053385,2.476895143298145,0.4616592613602448
2021-07-27,2020034.0,2095495.0,1750373800.0,734436875.0,1100488.0,2611076.0,0.9639889381745125,2.3832869230592486,0.42146915677674646
2021-07-28,2045477.0,2179836.0,2053081791.0,979749026.0,1056096.0,2672810.0,0.9383627942652567,2.095518073013119,0.3951257291015822
2021-07-29,996738.0,1237069.0,810481018.0,666416558.0,1022210.0,1725268.0,0.8057254688299521,1.216177791908946,0.592493456089141
2021-07-30,1225658.0,1207104.0,1066012146.0,594842969.0,1048549.0,1827927.0,1.0153706722867293,1.792090016281255,0.5736273932164687
2021-08-02,1572520.0,1963028.0,1161435077.0,1084941755.0,1115853.0,1762706.0,0.8010685532758575,1.0705045424304829,0.6330340964403594
2021-08-03,1018325.0,1181784.0,670331938.0,768482888.0,1196914.0,1763480.0,0.86168453795279,0.872279589392757,0.6787227527389026
2021-08-04,844196.0,959804.0,547090944.0,608989513.0,1241558.0,1774464.0,0.8795504082083425,0.898358563360023,0.6996805796003751
2021-08-05,1121387.0,1184269.0,701771827.0,694890605.0,1302133.0,1788729.0,0.9469022662925399,1.0099025975462714,0.7279654995250818
2021-08-06,892527.0,911488.0,614489472.0,447154212.0,1240186.0,1890925.0,0.9791977513691897,1.3742227077579223,0.6558620780834776
2021-08-09,1233598.0,1492058.0,718360775.0,835500424.0,1331813.0,1857958.0,0.8267761708995227,0.8597970202825415,0.7168154500801417
2021-08-10,1521186.0,1895863.0,841729245.0,1057525699.0,1446507.0,1767834.0,0.8023712683880639,0.7959421182822717,0.8182368932829666
2021-08-11,1077645.0,1306109.0,572276939.0,737576630.0,1434385.0,1840188.0,0.825080448875247,0.7758881121274138,0.7794774229589585
2021-08-12,984360.0,1083925.0,581319414.0,492367229.0,1403357.0,2016570.0,0.9081440136540813,1.1806622775863094,0.6959128619388367
2021-08-13,1157743.0,1351671.0,665381700.0,640513238.0,1432038.0,2145237.0,0.8565272170520785,1.0388258361023914,0.6675430267145308
2021-08-16,1025580.0,1225479.0,603642929.0,605635817.0,1430711.0,2089194.0,0.8368809257441376,0.9967094284319713,0.6848148137511404
2021-08-17,1889394.0,1984027.0,1141388572.0,809835806.0,1315850.0,2244720.0,0.9523025644308268,1.4094073928857622,0.5861978331373178
2021-08-18,1595831.0,1765936.0,929405768.0,757852716.0,1360246.0,2144287.0,0.9036743120928504,1.226367272133653,0.6343581805980263
2021-08-19,1652623.0,1623387.0,998343580.0,663255508.0,1338606.0,2253634.0,1.0180092608848044,1.505217171901722,0.5939766616939574
2021-08-20,2445372.0,2336696.0,1813778759.0,835639323.0,1236577.0,2488103.0,1.0465084033181895,2.1705282519357936,0.4969959041084714
2021-08-23,1278181.0,1528437.0,804404990.0,610586645.0,1228373.0,2317744.0,0.8362667221481814,1.3174297154828862,0.5299864868596359
2021-08-24,1506092.0,1919234.0,802895574.0,924973550.0,1296592.0,2174232.0,0.7847359936307923,0.8680200358161593,0.5963448242873806
2021-08-25,1122212.0,1346896.0,639525367.0,570595242.0,1292948.0,2097977.0,0.8331838538387523,1.1208038902644757,0.6162832099684601
2021-08-26,1202034.0,1242461.0,887428722.0,596738948.0,1003658.0,1689385.0,0.9674621577659178,1.4871305534426085,0.594096668314209
2021-08-27,1191124.0,1205490.0,848830936.0,705078146.0,1095962.0,1680975.0,0.9880828542750251,1.2038820672793906,0.651979952111126
2021-08-30,1223830.0,1249401.0,868535739.0,681637360.0,1120435.0,1854270.0,0.9795333924016388,1.274190339273657,0.6042458757354646
2021-08-31,1418885.0,1477722.0,1026953805.0,788093513.0,1129336.0,2018514.0,0.9601839858917983,1.303086230326578,0.5594888120666985
2021-09-01,1899128.0,2501616.0,1170535136.0,1505110062.0,1283972.0,1880805.0,0.7591604786665899,0.7777073355317188,0.6826715156542013
2021-09-02,937010.0,1349732.0,582089332.0,845592272.0,1361408.0,1948473.0,0.6942192968678227,0.6883806194482345,0.6987050885488277
2021-09-03,1354650.0,1898692.0,819385359.0,1243009231.0,1412606.0,1926252.0,0.7134648484324998,0.659194910677216,0.7333443391622695
2021-09-06,1227779.0,1505122.0,588952209.0,1076052817.0,1534354.0,1885135.0,0.8157338740646938,0.5473264877852181,0.813922610317033
2021-09-07,1426579.0,1673769.0,696144089.0,1146598327.0,1601854.0,1830996.0,0.8523153433956537,0.6071385877750369,0.874853904650802
2021-09-08,1109354.0,1300668.0,607063055.0,815120512.0,1572941.0,1996825.0,0.852910965749907,0.7447525194900261,0.7877210070987692
2021-09-09,929436.0,1093374.0,528967239.0,610752273.0,1561747.0,2043720.0,0.8500622842686949,0.8660913145713336,0.7641687706730863
2021-09-10,1470777.0,1972242.0,693488719.0,1289924156.0,1665588.0,1894143.0,0.7457386061142598,0.5376197629715526,0.8793359318699803
2021-09-13,1152067.0,1340805.0,578720886.0,834692559.0,1657042.0,1961280.0,0.8592353101308542,0.6933341860544847,0.8448778348833414
2021-09-14,1610297.0,1882635.0,889783993.0,978870088.0,1553782.0,2054334.0,0.8553421135801682,0.9089908905256078,0.7563434183535881
2021-09-15,1790203.0,1850163.0,1108577870.0,801797172.0,1414254.0,2169326.0,0.9675920445928278,1.3826163382876087,0.6519324435331527
2021-09-16,1728596.0,2008826.0,1162482875.0,879806767.0,1295455.0,2105864.0,0.8605006108045197,1.3212934005541697,0.6151655567501035
2021-09-17,1549371.0,1975581.0,1037779948.0,903783566.0,1263448.0,1970611.0,0.7842609338721116,1.1482615827958085,0.6411453097541828
2021-09-22,1386048.0,1327203.0,1066751273.0,701130750.0,1217567.0,2067469.0,1.0443376032151825,1.521472668257668,0.5889166899237667
2021-09-23,886632.0,1078194.0,625906302.0,680653217.0,946739.0,1268577.0,0.8223306751846142,0.9195670957946858,0.7462999880968991
2021-09-24,870459.0,1081879.0,579471770.0,736192588.0,1009483.0,1267244.0,0.8045807340746978,0.7871198100136265,0.7965971825473231
2021-09-27,1255227.0,1522831.0,765703237.0,1096852504.0,1065738.0,1202065.0,0.824272030185884,0.6980913424618485,0.886589327532205
2021-09-28,847718.0,1055761.0,512089632.0,785608314.0,1125789.0,1234080.0,0.8029449847077132,0.6518383561811439,0.9122496110462855
2021-09-29,1327831.0,1481424.0,870499120.0,1075011619.0,1137021.0,1299724.0,0.896320702243247,0.8097578710914379,0.8748172688970889
2021-09-30,815742.0,989941.0,494538361.0,669281832.0,1138076.0,1360650.0,0.8240309270956552,0.7389089877461368,0.8364208282806012
2021-10-08,1301583.0,1461207.0,563317471.0,1021983666.0,1284579.0,1318837.0,0.8907588041940669,0.5512000727025318,0.9740240833400944
2021-10-11,1152202.0,1290237.0,481193028.0,908759808.0,1361501.0,1342186.0,0.8930157792715602,0.5295051825179311,1.0143907029279102
2021-10-12,1278539.0,1334392.0,611243549.0,786080816.0,1295718.0,1407770.0,0.9581434840736456,0.7775835977149709,0.9204046115487615
2021-10-13,1147598.0,1306214.0,517094345.0,881744193.0,1390340.0,1366831.0,0.8785681366146741,0.5864448545339045,1.0171996391653393
2021-10-14,909185.0,1051541.0,424899228.0,681237852.0,1372169.0,1417813.0,0.8646215411477061,0.6237164108726008,0.9678067558979921
2021-10-15,984260.0,1205581.0,428838402.0,816680239.0,1458074.0,1394019.0,0.816419635014155,0.5250995206215587,1.045949875862524
2021-10-18,1507015.0,1571126.0,820792235.0,778882633.0,1356484.0,1634125.0,0.9591942339443177,1.0538073391604303,0.8300980647135318
2021-10-19,948321.0,1059995.0,427857613.0,567161676.0,1377710.0,1533529.0,0.8946466728616644,0.7543838575581048,0.898391879123251
2021-10-20,931367.0,1056679.0,394919514.0,534349217.0,1383149.0,1588193.0,0.8814095860710774,0.7390663286028545,0.8708947841981421
2021-10-21,1325709.0,1603136.0,523751064.0,847015563.0,1439161.0,1550026.0,0.8269473082757794,0.6183488083087323,0.928475393315983
2021-10-22,1624670.0,1931543.0,629844774.0,1199116877.0,1584492.0,1498523.0,0.8411254629071162,0.5252572005956346,1.0573691561624345
2021-10-25,1037183.0,1209766.0,420247876.0,710690804.0,1482104.0,1509428.0,0.8573418330487053,0.591323081197488,0.9818977784962251
2021-10-26,1202919.0,1531107.0,550874781.0,829866522.0,1424428.0,1564148.0,0.7856531254837187,0.6638113074767462,0.9106734145362203
2021-10-27,1482740.0,1514540.0,779467385.0,682704880.0,1278804.0,1721993.0,0.9790035258230222,1.1417340169005383,0.7426301965222856
2021-10-28,791920.0,908386.0,525403358.0,536887456.0,955946.0,1366239.0,0.8717879844031061,0.9786098597170428,0.6996916352117016
2021-10-29,621584.0,811538.0,398550309.0,531042333.0,996592.0,1385162.0,0.7659333265971525,0.7505057209817584,0.7194768554147457
2021-11-01,722345.0,767324.0,469492129.0,483693641.0,1046005.0,1450526.0,0.9413819976958886,0.9706394486174359,0.7211211657012697
2021-11-02,1337828.0,1530265.0,911746425.0,825154138.0,1092303.0,1656745.0,0.8742459639343513,1.1049407413866716,0.6593066525023464
2021-11-03,899385.0,998617.0,597846392.0,528382350.0,1149570.0,1797196.0,0.9006305720811882,1.1314654851737571,0.6396464269895994
2021-11-04,681969.0,777334.0,461022501.0,442723924.0,1170120.0,1769377.0,0.8773178582179604,1.0413318007183185,0.6613175145828164
2021-11-05,813681.0,910865.0,521612378.0,522061812.0,1184984.0,1731919.0,0.8933058137045555,0.9991391172660604,0.684202898634405
2021-11-08,683705.0,789668.0,451125151.0,424227397.0,1197806.0,1839431.0,0.8658132278375216,1.0634040945733638,0.6511828929707068
2021-11-09,721605.0,936766.0,467071684.0,465462177.0,1217966.0,1944668.0,0.7703151053731668,1.0034578685004518,0.6263105064720559
2021-11-10,1247735.0,1502964.0,857762847.0,622313287.0,1220903.0,2029839.0,0.8301828919388622,1.3783457061234174,0.601477752669054
2021-11-11,1195613.0,1539090.0,625475841.0,833440139.0,1272308.0,1744445.0,0.776831114489731,0.7504748232434243,0.7293483027553176
2021-11-12,683049.0,846394.0,352322311.0,466305225.0,1268873.0,1810797.0,0.8070106829679794,0.7555615766475703,0.7007262547927791
2021-11-15,658456.0,833562.0,343827121.0,428183064.0,1268722.0,1872423.0,0.7899304430864171,0.8029909398751932,0.6775830034132244
2021-11-16,885803.0,1077438.0,455404579.0,548150816.0,1274309.0,1858332.0,0.8221382576073983,0.8308016073445014,0.6857273081451538
2021-11-17,777136.0,939741.0,414782430.0,453400785.0,1258640.0,1930024.0,0.8269682816861241,0.9148251254130493,0.6521369682449545
2021-11-18,1024790.0,1214088.0,607524283.0,487736086.0,1244168.0,1990409.0,0.8440821423158783,1.2456004393326763,0.6250815787107072
2021-11-19,1232482.0,1657905.0,670185055.0,775209294.0,1219213.0,1826343.0,0.7433972392869314,0.8645214398061641,0.6675706589616518
2021-11-22,741061.0,998937.0,393289938.0,457718127.0,1202747.0,1758257.0,0.7418495861100349,0.859240468752508,0.6840564263358542
2021-11-23,864510.0,1048867.0,464624901.0,514845345.0,1218681.0,1689644.0,0.8242322429821893,0.9024552819837577,0.721264952853974
2021-11-24,938028.0,1037126.0,533228970.0,594155213.0,1220567.0,1648015.0,0.9044494111612282,0.8974573618695154,0.7406285743758401
2021-11-25,669150.0,708718.0,404687138.0,394397230.0,941732.0,1213577.0,0.9441696133017646,1.0260902136660544,0.7759969083131931
2021-11-26,801123.0,826035.0,527970423.0,419774249.0,973113.0,1397220.0,0.9698414716083459,1.2577484785161275,0.6964636921887749
2021-11-29,810571.0,864255.0,510197872.54,412334301.64,1062567.0,1520254.0,0.9378840735662507,1.2373403583227538,0.6989404402159113
2021-11-30,830043.0,929056.0,509295397.99,444371236.87,1100739.0,1637590.0,0.8934262304963317,1.1461034282445997,0.6721700792017538
2021-12-01,551499.0,644126.0,301317483.51,323357801.75,1128758.0,1642152.0,0.8561973899516554,0.9318392254007213,0.6873651160184928
2021-12-02,713429.0,803511.0,388824449.79,430674906.11,1157336.0,1622202.0,0.8878895248478241,0.9028258769520441,0.7134351948770868
2021-12-03,929203.0,1096327.0,461183093.15000004,599963089.33,1206023.0,1576829.0,0.8475600801585659,0.7686857764283791,0.7648407024477607
2021-12-06,982688.0,1228244.0,431079639.0,692277386.94,1293991.0,1547828.0,0.8000755550200123,0.6226978479037939,0.8360043880844642
2021-12-07,945211.0,1170962.0,408460602.40999997,637898171.99,1380919.0,1563550.0,0.807208944440554,0.6403225786582175,0.8831946531930542
2021-12-08,1404570.0,1804329.0,557971455.98,1094171778.22,1522526.0,1522780.0,0.7784445076258265,0.5099486818127485,0.9998331998056187
2021-12-09,2116448.0,3115634.0,810720276.8699999,2211649700.83,1658551.0,1541279.0,0.6792993015225793,0.3665681217806547,1.0760874572351924
2021-12-10,1009469.0,1356081.0,432425133.05,862386470.58,1636373.0,1586280.0,0.7444016987185869,0.5014284752857631,1.0315789141891722
2021-12-13,1644116.0,2333676.0,647433221.5699999,1557677033.8600001,1685667.0,1630002.0,0.7045176794036533,0.41564021777070737,1.0341502648463008
2021-12-14,1095829.0,1310812.0,494102171.85,684007076.64,1655095.0,1703503.0,0.8359924993057738,0.7223641227180624,0.9715832610802564
2021-12-15,1199880.0,1445910.0,562454501.69,669216806.83,1589295.0,1779063.0,0.8298441811731021,0.8404667903579406,0.8933326138534723
2021-12-16,1099360.0,1306154.0,532712566.6,650293000.52,1596033.0,1836944.0,0.8416771682359048,0.8191885291307488,0.8688522894546595
2021-12-17,1594084.0,1668961.0,756271299.2900001,704482251.3900001,1515817.0,1931721.0,0.9551355603875705,1.0735136304680721,0.7846976866742144
2021-12-20,1447938.0,1572545.0,710588122.1700001,625342216.77,1430116.0,1996201.0,0.9207609321195895,1.1363188077086972,0.716418837581987
2021-12-21,1090622.0,1206226.0,561056641.93,493417916.95,1416923.0,1973056.0,0.904160580189782,1.137082020446481,0.7181362313081838
2021-12-22,1129104.0,1139630.0,596433164.1800001,491626015.46999997,1374702.0,2012968.0,0.9907636689100848,1.2131847083189917,0.6829229277365562
2021-12-23,835019.0,961969.0,458936403.36,502461745.49,1048458.0,1373138.0,0.868031090398963,0.9133758091622395,0.7635488931192641
2021-12-24,660015.0,710967.0,331922742.82,414688953.65999997,1083756.0,1419089.0,0.9283342264830857,0.8004137556365697,0.7636984008754912
2021-12-27,621213.0,644613.0,376260686.05,366116449.72,1111271.0,1489633.0,0.9636991497223916,1.0277076769911817,0.7460032101866702
2021-12-28,720694.0,847420.0,391906215.7,528819868.56,1157163.0,1513328.0,0.8504566802766043,0.741095860802617,0.7646478489792035
2021-12-29,1052162.0,1151240.0,640739382.24,635463911.34,1186590.0,1743627.0,0.913938014662451,1.0083017631778264,0.68052972338694
2021-12-30,751449.0,845518.0,425043844.72,446545815.76,1201326.0,1759407.0,0.8887439415837391,0.9518482308396404,0.6828016485099809
2021-12-31,576300.0,694421.0,319114966.58,386979616.15999997,1229030.0,1791627.0,0.8299000174245883,0.8246299113802915,0.6859854199562744
2022-01-04,953637.0,1133972.0,563404185.3199999,544773491.24,1254947.0,1889520.0,0.840970500153443,1.0341989732973116,0.6641617977052373
2022-01-05,978867.0,1142278.0,542735548.8,592837310.62,1265668.0,1936609.0,0.8569428808048478,0.9154881770723865,0.6535485480032366
2022-01-06,1269721.0,1371495.0,780082861.92,569392201.36,1307510.0,2135541.0,0.9257933860495299,1.370027302897305,0.6122617172884998
2022-01-07,779861.0,921348.0,430238847.13,423154546.84000003,1314572.0,2136976.0,0.8464347890265134,1.0167416381152077,0.6151552474150388
2022-01-10,765104.0,849221.0,416581413.23,401485322.65,1335527.0,2158180.0,0.9009480453262461,1.037600603878514,0.6188209509864794
2022-01-11,882190.0,1028886.0,456799351.09000003,450740600.15,1344407.0,2196284.0,0.8574224938428553,1.0134417688088977,0.6121280308011168
2022-01-12,716178.0,833227.0,356295346.62,372717656.98,1369846.0,2159053.0,0.8595232751699117,0.9559390062358081,0.6344661293631977
2022-01-13,1185579.0,1371694.0,646369515.0,526577109.18,1354972.0,2283203.0,0.8643174060687004,1.2274926192795277,0.5934522685893457
2022-01-14,1477580.0,1540718.0,915119042.17,498575820.55,1352712.0,2392906.0,0.9590204047723204,1.8354661506859549,0.5653009353480664
2022-01-17,957899.0,1080842.0,566484270.3199999,341041383.96000004,1334033.0,2367003.0,0.8862525697558015,1.66104260938151,0.5635958213825669
2022-01-18,1135741.0,1426731.0,565936614.49,534132341.59000003,1358590.0,2209504.0,0.7960442437992866,1.0595438067002745,0.6148846075861369
2022-01-19,950972.0,1051847.0,489305281.44,412114883.26,1366399.0,2184884.0,0.9040972688993741,1.1873031072534723,0.6253874347562617
2022-01-20,1622204.0,2042922.0,715281833.04,991116808.55,1422970.0,2021788.0,0.7940606640880072,0.721692768066818,0.7038176109463504
2022-01-21,1078333.0,1249079.0,460763873.66999996,547691711.78,1366792.0,2088678.0,0.8633024812681984,0.841283268962599,0.654381383822686
2022-01-24,1141485.0,1297316.0,565531172.0,486064828.84000003,1321656.0,2044439.0,0.8798820025344635,1.163489185896555,0.6464638954745042
2022-01-25,1501475.0,1609056.0,827364963.71,533666492.3,1243964.0,2124288.0,0.9331403008969235,1.5503408507890688,0.5855910309713184
2022-01-26,1294181.0,1338075.0,832770514.14,527583165.3,1220510.0,2127876.0,0.9671961586607627,1.578463015715183,0.5735813553045385
2022-01-27,1101232.0,1096669.0,769273454.22,570450474.04,1045776.0,1352997.0,1.0041607814208298,1.3485367954415244,0.7729329776784427
2022-01-28,1400089.0,1442997.0,1074298286.6599998,680088413.8299999,1076064.0,1554493.0,0.9702646644449018,1.579645035577006,0.6922282699246636
2022-02-07,1019000.0,1155456.0,608004245.95,513024318.83,1119879.0,1598871.0,0.8819029024038995,1.1851372803079017,0.7004186078801855
2022-02-08,1059313.0,1234201.0,640197415.12,562939683.09,1163636.0,1670754.0,0.8582986077632412,1.1372398044599183,0.6964735682212941
2022-02-09,825770.0,976389.0,453536257.64,505465450.33,1216373.0,1648092.0,0.8457387373270284,0.8972646050168269,0.7380492108450256
2022-02-10,619966.0,685929.0,321385819.28,370452038.05,1221158.0,1651103.0,0.9038340702900738,0.8675504148167824,0.7396013452825172
2022-02-11,998892.0,1218101.0,477153566.46000004,638427030.21,1260562.0,1659326.0,0.820040374320356,0.7473893552142494,0.7596831484590731
2022-02-14,1132644.0,1089380.0,580601416.24,447024925.37,1224229.0,1775277.0,1.0397143329233143,1.2988121764338745,0.6895988626000337
2022-02-15,802421.0,759924.0,402415572.22,337438517.82,1292886.0,1782725.0,1.0559226975329112,1.1925596841160284,0.7252301953470109
2022-02-16,742885.0,909347.0,334097174.2,444832271.22,1335231.0,1755608.0,0.816943367053501,0.7510632564577718,0.7605518999685579
2022-02-17,946830.0,935395.0,415934057.85,468740696.46000004,1401756.0,1693819.0,1.0122247820439494,0.8873436016782762,0.8275713048442602
2022-02-18,917387.0,922923.0,416791126.21,449829199.98,1426029.0,1674595.0,0.9940016664445464,0.926554181517187,0.8515664981682138
2022-02-21,912500.0,1020683.0,423550618.1,419022728.58,1337630.0,1722104.0,0.8940092075600358,1.0108058327416851,0.7767417066565085
2022-02-22,1230345.0,1276975.0,691928565.09,423543288.58,1283813.0,1782151.0,0.9634840149572231,1.6336666965254172,0.7203727405814658
2022-02-23,864366.0,1000219.0,446462440.74,370446507.5,1258241.0,1713325.0,0.8641767452927809,1.205200836560728,0.734385478528592
2022-02-24,1444619.0,1277198.0,893620350.6800001,527876837.65,1070239.0,1394065.0,1.1310846086511253,1.6928576647882783,0.7677109747393415
2022-02-25,965465.0,910783.0,528207719.1,428571526.96000004,1096290.0,1397763.0,1.0600384504322105,1.232484394954449,0.7843175130547883
2022-02-28,692198.0,705598.0,409106317.2,319509040.59000003,1144844.0,1458172.0,0.9810090164654661,1.2804217259222184,0.7851227427217091
2022-03-01,891377.0,977894.0,433974575.92,520474365.6,1257215.0,1398142.0,0.9115272207417164,0.8338058598135116,0.8992040865663145
2022-03-02,588671.0,564392.0,311601595.53999996,302345503.03999996,1253505.0,1448489.0,1.0430179733235057,1.0306142886430676,0.865388000875395
2022-03-03,706667.0,773717.0,360427982.23,388385768.68,1269425.0,1545143.0,0.9133404074099445,0.9280154199650013,0.8215582635393617
2022-03-04,1022813.0,1066366.0,598819569.8199999,427422724.02,1257818.0,1702951.0,0.9591575500344159,1.4010007801830862,0.7386107997235387
2022-03-07,1565566.0,1699211.0,1101655197.3899999,574242784.72,1235013.0,2069950.0,0.92134879070345,1.9184484798135781,0.5966390492523974
2022-03-08,2011293.0,1879819.0,1478340254.26,719963255.28,1210369.0,2193326.0,1.06993971228081,2.0533551447497977,0.5518418146686812
2022-03-09,2542992.0,2364571.0,2167910942.71,926271216.13,1182105.0,2315209.0,1.075455970660217,2.3404710250714937,0.5105824139418946
2022-03-10,1285480.0,1504730.0,812299447.28,619973969.69,1209913.0,2225483.0,0.8542927967143608,1.3102154074084218,0.5436631059414967
2022-03-11,2168332.0,2279071.0,1632306972.8899999,844937169.51,1218283.0,2217109.0,0.951410465053524,1.9318678734853327,0.5494917029338657
2022-03-14,1710112.0,1653398.0,1283081553.06,630493107.22,1216007.0,2385748.0,1.0343014809501403,2.0350445363588885,0.5096963300398869
2022-03-15,2812020.0,2895351.0,3419533402.7200003,1014463762.19,1087257.0,2527258.0,0.9712190335472279,3.3707792532066336,0.43021211130798676
2022-03-16,2605274.0,3121998.0,2403565719.7,1420997011.04,1134629.0,2344554.0,0.8344893238240383,1.6914643036024946,0.48394236174556016
2022-03-17,1888550.0,2494832.0,1117056218.96,1332435287.7,1242643.0,2169909.0,0.7569848390593034,0.8383568262352318,0.572670558995792
2022-03-18,1720690.0,2161117.0,954390077.63,1003331931.19,1275040.0,2048963.0,0.7962040000610795,0.9512206757917565,0.6222855171128029
2022-03-21,1523182.0,1517903.0,953498918.5,647787192.53,1147727.0,2022120.0,1.003477824340554,1.4719323405824236,0.5675859988526892
2022-03-22,1336409.0,1469804.0,691476875.23,646197746.72,1202008.0,1990827.0,0.9092430011076307,1.0700700810855963,0.6037732058084404
2022-03-23,1262926.0,1349094.0,655200339.23,603007837.67,1207854.0,1934729.0,0.9361289873055547,1.0865536039492787,0.6243013879463222
2022-03-24,859590.0,849223.0,495794016.74,447120245.81,1001819.0,1167865.0,1.0122076297980624,1.1088605836710055,0.8578208953945876
2022-03-25,1166388.0,1072432.0,784392404.97,562012495.83,992703.0,1311994.0,1.0876102167783133,1.3956849906185473,0.7566368443758127
2022-03-28,1363351.0,1174283.0,960310922.81,588091346.85,1038470.0,1373139.0,1.1610071848097945,1.6329281632075079,0.7562744922400427
2022-03-29,734993.0,770322.0,489642213.48,402128836.49,1056186.0,1416139.0,0.9541373607400542,1.2176252211949397,0.7458208551561676
2022-03-30,1179335.0,1274554.0,649383957.27,723700193.59,1158473.0,1335481.0,0.925292298325532,0.8973107414116533,0.8674574928434025
2022-03-31,608588.0,722143.0,335412811.04,402288755.68,1165219.0,1393278.0,0.8427527511863994,0.8337613376069691,0.8363147914486556
2022-04-01,1194273.0,1410317.0,597955178.68,819943721.06,1217376.0,1358405.0,0.8468117451608397,0.7292636839842868,0.8961804469212054
2022-04-06,926115.0,1041311.0,458095386.93,536141264.06,1248563.0,1464191.0,0.8893740678817376,0.854430385493951,0.8527323279544814
2022-04-07,1058580.0,1018497.0,546762076.1,531722692.86,1239793.0,1523743.0,1.0393550496466852,1.0282842606530616,0.8136496771437178
2022-04-08,913095.0,887992.0,462644556.25,482590501.66,1282014.0,1507090.0,1.0282693988234128,0.9586690054168273,0.8506552362499917
2022-04-11,1506965.0,1365327.0,925889715.33,576607444.29,1217728.0,1743326.0,1.1037392507435948,1.6057540090729931,0.6985084832096808
2022-04-12,1241726.0,1376548.0,693458385.74,667558787.57,1235897.0,1654284.0,0.9020579013590517,1.0387974791917245,0.7470887707310232
2022-04-13,873410.0,928984.0,430765756.0,481830947.06,1291046.0,1640946.0,0.9401776564504879,0.8940184490606389,0.7867693391494907
2022-04-14,1328585.0,1445294.0,571665522.96,784647594.82,1399276.0,1578898.0,0.9192489555758205,0.7285634044301651,0.8862358429740237
2022-04-15,934222.0,1065811.0,374905946.08,616386476.74,1427004.0,1631670.0,0.8765362714402459,0.6082319457474734,0.8745665483829451
2022-04-18,1303596.0,1281197.0,628559814.59,532841622.2,1335116.0,1804752.0,1.0174828695352862,1.1796372287787844,0.7397780969352021
2022-04-19,1212655.0,1313685.0,625338210.22,500746352.7,1329399.0,1922548.0,0.9230941968584554,1.2488123115589496,0.6914776640167112
2022-04-20,1325247.0,1429219.0,701545411.51,535867054.81,1314855.0,2001052.0,0.9272525764071147,1.3091780978376135,0.6570818749337848
2022-04-21,1875474.0,2049086.0,1088598540.04,754108726.17,1255449.0,2098706.0,0.9152734438671681,1.4435564823242681,0.5982014631873164
2022-04-22,1416785.0,1600237.0,788473507.83,581991266.46,1261233.0,1937350.0,0.8853594811268581,1.3547858073986947,0.6510093684672362
2022-04-25,2304093.0,2345137.0,1652799384.04,777353824.25,1132708.0,2125513.0,0.9824982506352508,2.1261867279480358,0.5329104079815085
2022-04-26,2029836.0,2109747.0,1518096217.34,812999822.89,1130214.0,2136265.0,0.9621229464954802,1.86727742688008,0.5290607672737231
2022-04-27,1419560.0,1684641.0,974627337.96,708944600.38,1158393.0,2083804.0,0.8426483743420705,1.3747581086555873,0.5559030503828575
2022-04-28,1049444.0,1092908.0,705101674.04,653343068.28,998968.0,1387494.0,0.9602308703019833,1.0792211753256378,0.7199800503641818
2022-04-29,1254740.0,1428338.0,708739871.45,903754225.7,1044889.0,1393288.0,0.8784615406157366,0.7842174911005786,0.749944735044011
2022-05-05,761032.0,787976.0,388759385.68,452496202.31,1103433.0,1454027.0,0.965806065159345,0.8591439744585202,0.7588806810327456
2022-05-06,1263270.0,1194696.0,882839258.46,499444720.22,1076508.0,1641519.0,1.057398702264007,1.7676415881844119,0.6557999024074653
2022-05-09,979077.0,994963.0,719051006.26,382429249.56,1096801.0,1806027.0,0.9840335771279937,1.8802196931518618,0.607300444566997
2022-05-10,1338273.0,1422134.0,845700119.77,644723033.83,1118680.0,1777622.0,0.9410315764899791,1.3117262380810073,0.6293126435203885
2022-05-11,1052567.0,1267604.0,545013960.97,614342686.63,1178532.0,1684955.0,0.8303594813522204,0.8871497501820925,0.6994441988064963
2022-05-12,850574.0,838101.0,489242399.51,370421489.09,1187498.0,1746394.0,1.014882454501307,1.3207721849828495,0.6799714153850734
2022-05-13,858108.0,1020429.0,420860343.29,471036497.24,1223205.0,1704921.0,0.8409286682365946,0.8934771419115014,0.7174555301975869
2022-05-16,1013308.0,1122259.0,547228113.31,416121999.15,1200939.0,1774501.0,0.9029181320889385,1.3150665295942212,0.6767756118480632
2022-05-17,1005499.0,1018064.0,457540924.86,429784930.65,1255595.0,1678292.0,0.9876579468481352,1.0645811247221308,0.7481385837506227
2022-05-18,1090288.0,1098123.0,496297613.87,445758446.55,1255220.0,1685632.0,0.9928650979899337,1.1133779241002697,0.7446583833244741
2022-05-19,1093520.0,1119460.0,534715951.11,412138083.82,1263069.0,1654304.0,0.9768281135547496,1.297419413789325,0.7635047730042362
2022-05-20,1598031.0,1910655.0,585637694.4300001,900225959.03,1314245.0,1530559.0,0.8363786240844109,0.6505452198479468,0.8586699369315394
2022-05-23,1127534.0,1291994.0,483562943.35,529593971.52,1220979.0,1624196.0,0.8727083871906526,0.9130824166334726,0.7517436319261961
2022-05-24,1097272.0,1238095.0,529253407.98,433960939.44,1152154.0,1707875.0,0.8862583242804469,1.2195876630347633,0.6746126033813951
2022-05-25,898145.0,1005233.0,490461881.37,359197511.14,1161547.0,1754730.0,0.8934694742412953,1.3654378612296083,0.6619519812164835
2022-05-26,909380.0,1075417.0,561708032.71,503833352.42,912359.0,1311762.0,0.8456068669176701,1.1148686961909484,0.695521748609885
2022-05-27,851868.0,1034230.0,466057033.77,555714800.86,969272.0,1290462.0,0.8236736509287103,0.8386622653360148,0.7511046431433084
2022-05-30,709202.0,732976.0,379451596.3,378099084.36,1037719.0,1292264.0,0.967565104450896,1.0035771362480006,0.8030239950969771
2022-05-31,1040546.0,1182716.0,515433338.75,665486517.88,1144062.0,1267506.0,0.8797936275487944,0.7745210833000564,0.9026087450473608
2022-06-01,742113.0,705532.0,410495461.17,364339433.16,1138619.0,1319783.0,1.0518488176298169,1.1266841406917667,0.8627319794238901
2022-06-02,731186.0,648673.0,399041013.27,300341786.12,1147500.0,1339963.0,1.1272027662628166,1.3286230278678746,0.8563669295346215
2022-06-06,1171078.0,1308893.0,584285362.53,670179002.42,1256508.0,1349321.0,0.8947087347858076,0.8718347790965695,0.9312150333389905
2022-06-07,1047035.0,1443314.0,432068069.85,796935831.56,1355997.0,1343365.0,0.7254381236515408,0.5421616807017295,1.0094032522806535
2022-06-08,1221975.0,1575314.0,506172348.15999997,903821306.77,1448459.0,1336496.0,0.7757024948676898,0.5600358659046397,1.0837735391651004
2022-06-09,1025042.0,1210604.0,468029107.75,669729203.4300001,1465097.0,1372736.0,0.8467194887841111,0.6988333573524964,1.0672824199263369
2022-06-10,1336922.0,1415634.0,523824870.78,757086294.19,1447247.0,1344144.0,0.9443980576900527,0.6918958575791357,1.0767053232391768
2022-06-13,1376860.0,1346681.0,630509872.23,598182492.63,1299067.0,1423853.0,1.0224099099935322,1.054042670921156,0.9123603349503073
2022-06-14,1693892.0,1747837.0,749029065.2,775166842.8,1310622.0,1432960.0,0.96913613798083,0.9662810943956439,0.9146256699419384
2022-06-15,2120543.0,3332081.0,807691482.5699999,2016680625.25,1468600.0,1336751.0,0.6364019962299836,0.40050540103238885,1.0986339265876741
2022-06-16,1444258.0,1617200.0,597904345.15,807525943.06,1379069.0,1409985.0,0.893060845906505,0.740415029744221,0.9780735256048824
2022-06-17,1726010.0,2124300.0,658820273.09,1076659046.6,1445293.0,1376192.0,0.8125076495786847,0.6119117051684095,1.05021174371018
2022-06-20,1590375.0,1794103.0,620498339.11,921374722.8,1389826.0,1350927.0,0.886445761475233,0.6734484067723765,1.0287943019867098
2022-06-21,1480021.0,1616611.0,601661511.71,850996221.64,1377240.0,1321590.0,0.9155084309088581,0.7070084407078873,1.0421083694640547
2022-06-22,1154269.0,1208754.0,520510478.48,597580639.81,1311882.0,1361339.0,0.9549246579535621,0.8710296883873208,0.9636703275231224
2022-06-23,996586.0,1084126.0,548734159.0,708249530.0,907916.0,914745.0,0.9192529281651763,0.7747751826958501,0.9925345314814511
2022-06-24,1133011.0,1365354.0,545849938.0,971060026.0,1046901.0,941960.0,0.829829480120174,0.5621176069294814,1.1114070661174573
2022-06-27,1306059.0,1647598.0,606723118.0,1215768085.0,1171145.0,1000742.0,0.7927048952475058,0.4990451102358062,1.170276654722196
2022-06-28,896777.0,1009234.0,429013866.0,746984189.0,1227873.0,1024529.0,0.8885719268276733,0.5743279072269627,1.1984755921989518
2022-06-29,998315.0,1106228.0,463255525.0,811778102.0,1218278.0,1077833.0,0.9024495854380833,0.5706676785918031,1.1303031174588272
2022-06-30,1333360.0,1737458.0,602867483.0,1237804130.0,1335137.0,1074266.0,0.7674199894328381,0.48704594562953996,1.242836504180529
2022-07-01,813438.0,1024644.0,425816402.0,692034805.0,1320187.0,1164512.0,0.7938737746963823,0.6153106735722634,1.1336826069632602
2022-07-04,798668.0,905611.0,420591178.0,595861820.0,1338495.0,1209264.0,0.8819106658377603,0.7058535450383446,1.1068674830310006
2022-07-05,993353.0,1311182.0,510277493.0,844408796.0,1353839.0,1249482.0,0.7576011568188092,0.604301489299029,1.0835202107753452
2022-07-06,1226712.0,1283055.0,701629179.0,732949057.0,1275404.0,1353697.0,0.9560868396132668,0.9572686836815181,0.9421635713161808
2022-07-07,929150.0,856984.0,523753832.0,476928216.0,1310061.0,1362193.0,1.084209273452013,1.0981816852706403,0.9617293584682934
2022-07-08,911333.0,956877.0,493479083.0,555158546.0,1315846.0,1344106.0,0.9524034959561156,0.8888975708931985,0.9789748725174949
2022-07-11,1184394.0,1195230.0,745997897.0,538854201.0,1255737.0,1457883.0,0.9909339625009412,1.3844151082344442,0.8613427826512827
2022-07-12,967458.0,1056880.0,560010536.0,481087798.0,1235782.0,1526472.0,0.9153905836045719,1.1640505918630677,0.8095674208239654
2022-07-13,983349.0,1012925.0,591494818.0,455854083.0,1240482.0,1562073.0,0.9708013920082929,1.2975529671848962,0.7941254986162618
2022-07-14,1204532.0,1259193.0,734908879.0,546594857.0,1215075.0,1607984.0,0.9565904511857991,1.3445221256445155,0.7556511756335884
2022-07-15,1492269.0,1608336.0,854285455.0,660045099.0,1163507.0,1711573.0,0.927834109290596,1.2942834607730342,0.6797881247250337
2022-07-18,1271715.0,1362765.0,638167514.0,552700544.0,1230222.0,1634620.0,0.9331873066889742,1.1546352196099883,0.7526042749996941
2022-07-19,1113465.0,1262994.0,567815355.0,489393401.0,1200572.0,1692143.0,0.8816075135748863,1.1602431782687646,0.7094979561420045
2022-07-20,834502.0,1018084.0,366723214.0,414683102.0,1236172.0,1656472.0,0.8196789262968478,0.8843456900734769,0.7462679719307057
2022-07-21,1016854.0,1013158.0,485569457.0,350196169.0,1186071.0,1696158.0,1.003647999620987,1.3865641602721246,0.6992691718578105
2022-07-22,1555643.0,1533534.0,712857874.0,604874606.0,1177837.0,1648038.0,1.0144170262935155,1.1785217414136244,0.7146904379632023
2022-07-25,992515.0,1041292.0,487969689.0,381967282.0,1155183.0,1645448.0,0.9531572315930594,1.2775169811533753,0.7020477098030445
2022-07-26,940158.0,1021976.0,414603353.0,403218303.0,1163753.0,1625453.0,0.9199413684861484,1.0282354494210546,0.7159561057748209
2022-07-27,941284.0,1019336.0,518047635.0,374173719.0,1134296.0,1754639.0,0.923428584882708,1.3845110137198064,0.6464554817258706
2022-07-28,814666.0,1021351.0,468039375.0,533712371.0,871314.0,1198195.0,0.7976356805838541,0.8769505831821912,0.727188813173148
2022-07-29,1206949.0,1353185.0,780123642.0,630948000.0,927155.0,1336657.0,0.8919319974726294,1.236430961030069,0.6936371859048357
2022-08-01,821654.0,847830.0,565207641.0,381839016.0,932985.0,1391334.0,0.969125886085654,1.480224956896495,0.670568677255066
2022-08-02,1440510.0,1364746.0,1122148979.0,562330854.0,942165.0,1484961.0,1.0555150921856522,1.9955315825512216,0.6344712083347643
2022-08-03,1149249.0,1103239.0,788936079.0,446112964.0,956298.0,1534829.0,1.0417044720137703,1.7684670535600038,0.6230648495695612
2022-08-04,922742.0,953066.0,577420248.0,434298738.0,1014834.0,1541723.0,0.9681826861938208,1.3295462258515705,0.6582466500143022
2022-08-05,969272.0,1005394.0,501981620.0,463015937.0,1037571.0,1475832.0,0.9640717967284468,1.0841562457924638,0.7030414030865302
2022-08-08,573096.0,636463.0,310128880.0,276814472.0,1050043.0,1563170.0,0.900438831479599,1.120349227984005,0.6717394781117857
2022-08-09,467854.0,516173.0,238405277.0,231693879.0,1069038.0,1562790.0,0.9063899119093792,1.0289666607895154,0.6840573589541781
2022-08-10,868183.0,1004545.0,485837164.0,373173757.0,1039975.0,1643357.0,0.8642549612013399,1.3019060287243083,0.6328357137250153
2022-08-11,1023139.0,1328563.0,428529239.0,556499789.0,1133107.0,1521130.0,0.7701095092968869,0.770043848120848,0.7449113487999053
2022-08-12,681522.0,868414.0,264107306.0,377935293.0,1138698.0,1541186.0,0.784789282531143,0.6988162018517811,0.7388452788956038
2022-08-15,787922.0,985290.0,324201141.0,413971613.0,1120935.0,1613474.0,0.7996853718194643,0.7831482420993925,0.6947338475860163
2022-08-16,748496.0,935553.0,325066123.0,354874222.0,1124236.0,1672779.0,0.8000572923180194,0.9160037637222351,0.6720768254503434
2022-08-17,1000720.0,1292470.0,416627717.0,484783969.0,1143482.0,1648961.0,0.7742694221142463,0.8594090226609783,0.693456061119699
2022-08-18,822199.0,996456.0,388167256.0,358202806.0,1112376.0,1763238.0,0.8251232367510457,1.0836521922723297,0.6308711586297482
2022-08-19,765591.0,1131249.0,345354351.0,393185689.0,1100230.0,1717194.0,0.6767661231081751,0.8783492397150803,0.640713862265999
2022-08-22,796265.0,983788.0,374276099.0,325558836.0,1061574.0,1657074.0,0.8093867784522681,1.1496419621060447,0.6406316193483212
2022-08-23,958785.0,1154057.0,489380441.0,366477654.0,1024454.0,1713799.0,0.8307951860263402,1.3353622946953267,0.5977678829314289
2022-08-24,1119830.0,1221933.0,613473138.0,425222348.0,945008.0,1783909.0,0.9164414088170137,1.4427114211786443,0.5297400259766614
2022-08-25,806608.0,991160.0,474951210.0,465009336.0,841707.0,1077397.0,0.8138020097663344,1.021379944939428,0.7812412694670581
2022-08-26,523045.0,623531.0,263075728.0,317689261.0,876800.0,1115675.0,0.8388436180398409,0.8280913467830441,0.785891948820221
2022-08-29,602202.0,582111.0,324663828.0,269767033.0,905211.0,1204907.0,1.034514035982828,1.2034970485070353,0.7512704299999917
2022-08-30,617929.0,725827.0,341174308.0,321005152.0,930443.0,1273704.0,0.8513447419288618,1.0628312532504152,0.7305017492290202
2022-08-31,1007192.0,1206262.0,469534922.0,600049832.0,968784.0,1229338.0,0.8349695174016921,0.7824932146635448,0.7880534076063702
2022-09-01,628332.0,740927.0,313162999.0,365330694.0,989824.0,1321895.0,0.8480349616089035,0.857204182794452,0.7487916967686541
2022-09-02,935012.0,1002736.0,498566177.0,418319115.0,1032118.0,1488964.0,0.9324607872859856,1.191832166215976,0.6931786127804299
2022-09-05,760485.0,868388.0,443335242.0,339908673.0,1043485.0,1575909.0,0.8757433313219436,1.3042775228038974,0.6621480047388523
2022-09-06,642404.0,770428.0,314954676.0,338109859.0,1050730.0,1543340.0,0.8338274309864128,0.9315158006084644,0.6808156336257727
2022-09-07,523784.0,550640.0,270586093.0,240404859.0,1080581.0,1586387.0,0.9512276623565306,1.125543361001701,0.681158506719987
2022-09-08,448902.0,626319.0,209599235.0,250340024.0,1092318.0,1612515.0,0.7167306117170323,0.8372581884868717,0.6774002102306025
2022-09-09,973881.0,1273471.0,398949335.0,576553132.0,1157736.0,1459722.0,0.7647453298897265,0.6919558889847467,0.7931208819213521
2022-09-13,774652.0,956647.0,288089067.0,439157827.0,1212366.0,1451803.0,0.8097574131314894,0.6560034896064826,0.8350761088109062
2022-09-14,826729.0,853733.0,375757626.0,354074121.0,1187059.0,1539943.0,0.9683695019403021,1.061240016465366,0.7708460637828802
2022-09-15,1162224.0,1255637.0,499267941.0,571509315.0,1194523.0,1599103.0,0.9256050912803621,0.8735954566199853,0.7469956594415744
2022-09-16,1363651.0,1448966.0,656155324.0,517105632.0,1160726.0,1823438.0,0.9411200814925954,1.2688999759337374,0.636559071380546
2022-09-19,815341.0,992789.0,399111000.0,309700443.0,1143587.0,1839093.0,0.8212631284190296,1.288700126270081,0.6218211912067525
2022-09-20,607501.0,806753.0,288269136.0,243446782.0,1147058.0,1814123.0,0.7530198214323343,1.1841156150505205,0.6322934001718736
2022-09-21,1004160.0,1176500.0,513668104.0,351526497.0,1144011.0,1896967.0,0.8535146621334466,1.4612500291834332,0.6030737487789719
2022-09-22,999674.0,1132424.0,590162409.0,328952463.0,1118401.0,1935478.0,0.88277359010406,1.794065937727908,0.577842269454884
2022-09-23,1125906.0,1288302.0,596476005.0,420735725.0,1111379.0,1892536.0,0.8739457052771789,1.4176975463635755,0.5872432545536782
2022-09-26,1078474.0,1111653.0,659909346.0,341755683.0,1033299.0,1863401.0,0.970153456159431,1.9309389099463783,0.5545231541681045
2022-09-27,1018042.0,1112077.0,577942530.0,362611995.0,1029646.0,1824431.0,0.9154420062639548,1.5938318036059453,0.5643655473953249
2022-09-28,951335.0,1002418.0,565135625.0,321757889.0,953375.0,1884288.0,0.9490402207462356,1.7564002137022972,0.5059603415189186
2022-09-29,791888.0,911448.0,469879292.0,382251389.0,770588.0,1127116.0,0.8688241128402279,1.2292415554832685,0.683681182770895
2022-09-30,739803.0,830557.0,416869877.0,353758573.0,793504.0,1167833.0,0.8907311599324309,1.1784021895633325,0.6794670128348831
2022-10-10,1047403.0,1404845.0,663937786.0,414438269.0,833902.0,1413996.0,0.7455648132000328,1.6020185288439182,0.5897484858514451
2022-10-11,762105.0,832125.0,484766708.0,264802530.0,871400.0,1497635.0,0.9158539882830103,1.8306724939523802,0.5818507179653253
2022-10-12,1576964.0,1737818.0,1018262282.0,552980956.0,886531.0,1553461.0,0.907439098915997,1.841405695714411,0.5706812079608049
2022-10-13,831858.0,977471.0,504784952.0,345431672.0,912093.0,1628333.0,0.851030874573261,1.4613163554962036,0.5601391115944957
2022-10-14,1130614.0,1604340.0,480720766.0,689376303.0,959955.0,1474435.0,0.7047221910567586,0.6973270823322745,0.6510663406660857
2022-10-17,660908.0,848484.0,289183827.0,320887376.0,970444.0,1496520.0,0.7789280646423503,0.9012003856455855,0.6484671103627081
2022-10-18,791685.0,1048195.0,320634342.0,366406763.0,969401.0,1555674.0,0.7552840835913165,0.87507757601079,0.6231389095658859
2022-10-19,1089637.0,1381782.0,535296679.0,373849452.0,942401.0,1703556.0,0.7885737402860943,1.4318509125432661,0.5531963727637953
2022-10-20,1315058.0,1651068.0,714751273.0,507087226.0,933830.0,1781200.0,0.7964893026816582,1.4095233252828971,0.5242701549517179
2022-10-21,955943.0,1204450.0,544766300.0,346314298.0,946454.0,1827786.0,0.7936759516791897,1.5730401636492641,0.5178144487374342
2022-10-24,1991581.0,2264360.0,1558295829.0,583623055.0,844384.0,1902787.0,0.8795337313854688,2.6700381618748765,0.44376170322794933
2022-10-25,1466694.0,1607792.0,1089306897.0,477671648.0,856050.0,1929810.0,0.9122411356692905,2.280451229544191,0.443592892564553
2022-10-26,1346488.0,1483863.0,914779931.0,481726792.0,828958.0,1979223.0,0.9074206985415769,1.8989600458012308,0.4188300156172397
2022-10-27,924410.0,1070939.0,592117061.0,455072156.0,778431.0,1355691.0,0.8631770810475666,1.3011498356757296,0.5741950046138833
2022-10-28,1335041.0,1361705.0,954564839.0,519862855.0,823285.0,1505194.0,0.9804186663043758,1.8361858898343486,0.546962717098261
2022-10-31,1218004.0,1211958.0,954410818.0,461664638.0,854869.0,1631677.0,1.0049886217179143,2.067324935552027,0.5239204818110447
2022-11-01,1262395.0,1764199.0,715417262.0,820586382.0,945708.0,1523963.0,0.7155627001262329,0.8718366252390477,0.6205583731363556
2022-11-02,1135639.0,1499264.0,526090025.0,722442311.0,986745.0,1456537.0,0.7574643291641766,0.7282104286940082,0.6774596182589251
2022-11-03,839283.0,942632.0,437940243.0,379757713.0,958633.0,1594105.0,0.890361243836407,1.153209607094932,0.6013612654122533
2022-11-04,1334604.0,2079057.0,521955827.0,1042111168.0,1053522.0,1381470.0,0.6419275661994837,0.5008638646505705,0.7626093943408109
2022-11-07,982405.0,1507385.0,413775712.0,754882689.0,1089698.0,1432050.0,0.6517279925168421,0.5481324688318558,0.7609357215181034
2022-11-08,806110.0,1042531.0,352301499.0,453978740.0,1060791.0,1541379.0,0.7732240096457563,0.7760308313116161,0.6882090647400801
2022-11-09,696969.0,968665.0,312826878.0,385475813.0,1059019.0,1642285.0,0.7195150026066803,0.8115343880213828,0.6448448350925692
2022-11-10,941954.0,1199334.0,426708606.0,491267264.0,1073158.0,1676950.0,0.7853975623137508,0.8685875027080983,0.6399463311368854
2022-11-11,1704289.0,2773627.0,561789737.0,1520574905.0,1149620.0,1432425.0,0.6144622186040156,0.36945877191100956,0.8025690699338535
2022-11-14,1508583.0,2026688.0,534368505.0,1154297967.0,1223561.0,1362870.0,0.7443587764865633,0.4629380976809777,0.8977826204993873
2022-11-15,1618222.0,2045025.0,558099975.0,1095063561.0,1318194.0,1326648.0,0.7912969279104167,0.5096507589845737,0.993627548528321
2022-11-16,1011061.0,1176201.0,358814100.0,588427088.0,1312411.0,1371211.0,0.8595988270712234,0.6097851497958231,0.9571181969806252
2022-11-17,1239577.0,1412204.0,487124305.0,603561887.0,1187360.0,1478270.0,0.8777605784999901,0.8070826132200757,0.8032091566493266
2022-11-18,1015445.0,1296058.0,386052928.0,541158471.0,1192432.0,1498261.0,0.7834873130677794,0.7133823984804628,0.7958773538121863
2022-11-21,1374899.0,1548829.0,654504174.0,497742455.0,1093054.0,1500173.0,0.8877022576410953,1.3149454450293978,0.7286186326510342
2022-11-22,1259591.0,1729303.0,494647208.0,684129733.0,1114225.0,1486675.0,0.7283807406799155,0.7230312967555235,0.7494744984613315
2022-11-23,1158714.0,1386905.0,486855796.0,648322543.0,1132824.0,1453731.0,0.8354674617223242,0.7509468878672017,0.7792528328831125
2022-11-24,706314.0,865679.0,375138507.0,442864956.0,788534.0,1223793.0,0.815907513062001,0.8470720067541312,0.6443360927869337
2022-11-25,767601.0,898496.0,381945250.0,502308174.0,859058.0,1192109.0,0.8543176597335993,0.7603803198313074,0.7206203459582975
2022-11-28,1424797.0,1406111.0,867242866.0,632484920.0,843712.0,1318611.0,1.0132891357794656,1.3711676572462788,0.6398490532840997
2022-11-29,1520633.0,1996463.0,671122936.0,1264868484.0,1006352.0,1133841.0,0.7616635019031157,0.5305871278234805,0.8875600723558241
2022-11-30,727013.0,951119.0,344110455.0,589910659.0,1063800.0,1182682.0,0.7643764870641844,0.5833263897677767,0.8994810101109174
2022-12-01,1063608.0,1638610.0,475743927.91999996,1074898983.02,1142766.0,1194652.0,0.649091608131282,0.4425940813371744,0.9565681051887914
2022-12-02,780521.0,856358.0,363927057.15,452116461.6,1102480.0,1280338.0,0.9114424107674594,0.8049409567218465,0.8610851197105764
2022-12-05,1147363.0,1335723.0,451963889.05999994,841894772.78,1173055.0,1252647.0,0.8589827381874835,0.5368413056747949,0.9364609502916624
2022-12-06,1122965.0,1371446.0,476914469.15999997,883115531.19,1251140.0,1230341.0,0.8188182400181998,0.5400363285620815,1.016905069407587
2022-12-07,1194106.0,1357171.0,532240500.36,790499335.49,1255540.0,1265661.0,0.8798493336506601,0.6732965816221523,0.9920033879530142
2022-12-08,697458.0,856064.0,303812650.65999997,475955710.25,1279995.0,1294275.0,0.8147264690490431,0.6383212641790129,0.9889667960827491
2022-12-09,1219930.0,1332426.0,486922650.39000005,750612425.98,1364998.0,1298543.0,0.9155705457563872,0.6487004924735605,1.051176587914301
2022-12-12,814096.0,883292.0,358610773.23,452487263.43,1293731.0,1336657.0,0.9216612399976452,0.7925323035870981,0.9678855532870437
2022-12-13,666081.0,705936.0,295142595.52,354340541.79,1309363.0,1346521.0,0.9435430407289046,0.8329348767968986,0.9724044407773811
2022-12-14,885328.0,1061213.0,380412441.32,565620754.6,1332323.0,1365062.0,0.8342604170887465,0.6725574304447561,0.9760164739770062
2022-12-15,885685.0,970614.0,395972061.37,470404372.02,1329911.0,1398592.0,0.9124997166741877,0.8417695177228596,0.9508927549993136
2022-12-16,836231.0,978768.0,333541632.53,461099435.43,1328055.0,1409233.0,0.8543710051820248,0.7233616155243271,0.9423956152034475
2022-12-19,1188530.0,1285080.0,470544239.90000004,509383726.65999997,1222579.0,1485107.0,0.9248684906776232,0.9237520071269881,0.8232262052498575
2022-12-20,1681535.0,1564544.0,778691477.49,507628874.62,1128357.0,1632226.0,1.0747764204777879,1.533977904769329,0.6912994891638781
2022-12-21,940523.0,991042.0,371300775.28,334361676.57,1157623.0,1564660.0,0.9490243602188404,1.1104764729287586,0.7398559431441974
2022-12-22,1174347.0,1358736.0,416121118.19000006,534205826.68999994,1205446.0,1488340.0,0.8642937259335147,0.7789527882320825,0.8099264952900547
2022-12-23,1060121.0,972373.0,381641856.28999996,369317481.97,1199233.0,1489661.0,1.0902410906102904,1.033370676779934,0.8050375219596941
2022-12-26,800993.0,840144.0,321157910.64,309468600.06,1107552.0,1423259.0,0.9533996552971872,1.0377722023421234,0.7781802187795757
2022-12-27,973644.0,1034317.0,320888943.88,410254186.31,1114513.0,1365309.0,0.9413400340514562,0.7821710407545408,0.8163082496343319
2022-12-28,816512.0,853102.0,281412841.44,344703289.15,1111383.0,1301798.0,0.9571094663944053,0.8163915178585409,0.8537292268078458
2022-12-29,748269.0,744092.0,345149380.74,339545890.16,725362.0,834868.0,1.005613553162781,1.0165028961986833,0.868834354652472
2022-12-30,639692.0,698002.0,252550187.56000003,359498242.33,793650.0,864994.0,0.916461557416741,0.7025074334805025,0.9175208151732844
2023-01-03,894797.0,985368.0,391819746.06000006,467682241.43000007,835941.0,898542.0,0.9080840863514951,0.8377905153335726,0.9303304686926154
2023-01-04,626264.0,669798.0,241749081.6,318038087.18999994,889125.0,900908.0,0.935004284873947,0.7601261966324683,0.9869209730627323
2023-01-05,1180754.0,1272065.0,382551008.49,690930321.4300001,1040433.0,845669.0,0.9282182907319988,0.5536752355841678,1.2303076026199375
2023-01-06,841680.0,883219.0,274138010.26,497032673.02,1113352.0,840097.0,0.9529686295245007,0.5515492746066797,1.3252660109487358
2023-01-09,829091.0,994943.0,264144979.04,579956394.0999999,1196094.0,846076.0,0.833305023503859,0.4554566200617738,1.413695696367702
2023-01-10,660508.0,774924.0,220912695.84,424347148.08,1228817.0,878813.0,0.852351972580537,0.5205942748514772,1.398269028792246
2023-01-11,874742.0,980987.0,285219285.2,522620700.43999994,1269709.0,891638.0,0.8916958124827342,0.5457481591522702,1.4240184918094563
2023-01-12,690048.0,687993.0,235892866.77999997,351032671.77,1257013.0,913002.0,1.0029869489951206,0.6719968987233168,1.376791069460965
2023-01-13,1283698.0,1168857.0,362480791.84999996,706543113.13,1282726.0,863013.0,1.0982506842154345,0.5130342156251483,1.4863345048104721
2023-01-16,1895932.0,2446115.0,520357626.38,1705977872.7,1322943.0,882266.0,0.7750788495226103,0.3050201498548428,1.4994831490729552
2023-01-17,964959.0,1041747.0,290016942.68,582131777.38,1288065.0,939577.0,0.9262892045765431,0.4981980952582232,1.3708988193623302
2023-01-18,991121.0,1035471.0,354172183.15,529479488.45,1272164.0,956515.0,0.957169249549239,0.6689063332496691,1.3299990068111844
2023-01-19,1207870.0,1252803.0,423421498.60999995,615199777.33,1190278.0,946147.0,0.9641340258604106,0.6882666642820839,1.2580265011673661
2023-01-20,1009891.0,1263311.0,315783727.96999997,655610573.96,1169021.0,927953.0,0.7994001477070967,0.4816635675392058,1.2597847089238356
2023-01-30,1071403.0,1424086.0,343469786.18,766296163.13,1225547.0,951951.0,0.7523443106666311,0.44822067851295155,1.2874055492352023
2023-01-31,964963.0,916143.0,425587464.64,472451031.62999994,890657.0,889224.0,1.053288624155836,0.9008075676577183,1.0016115174579183
2023-02-01,1212057.0,1151748.0,549886533.47,562874913.52,939747.0,965552.0,1.0523630169099492,0.9769249264125563,0.9732743549803635
2023-02-02,825135.0,889629.0,381866884.24,429988494.95,985361.0,998083.0,0.9275046114728724,0.8880862830630023,0.9872535650842665
2023-02-03,1287346.0,1176547.0,654512431.77,493182931.7,974185.0,1091621.0,1.0941730334614768,1.3271189850668548,0.8924205378973105
2023-02-06,1297521.0,1161871.0,696191088.7199999,446130011.84,971400.0,1213045.0,1.1167513433074756,1.5605116675487902,0.8007946943435734
2023-02-07,895084.0,861851.0,408976040.16,365931772.53000003,1004180.0,1209568.0,1.0385600295178632,1.1176292163219337,0.8301972274398793
2023-02-08,781346.0,734042.0,349041249.28999996,314669665.05,1033001.0,1221744.0,1.0644431790006565,1.1092306887431886,0.8455134627221415
2023-02-09,1093236.0,1090559.0,422551650.21,498163762.96,1036363.0,1200349.0,1.0024547044222274,0.8482183603626118,0.863384732273697
2023-02-10,725560.0,767227.0,305515663.52,307244461.09,1030073.0,1245928.0,0.9456914316102014,0.9943732181082555,0.8267516260971741
2023-02-13,1053199.0,1051515.0,397739049.63,413925361.82,1082613.0,1210682.0,1.0016014987898414,0.9608955776016479,0.8942174741178939
2023-02-14,686176.0,677246.0,226487163.37,254629307.45999998,1095323.0,1210897.0,1.0131857552499388,0.8894779851906055,0.9045550529896432
2023-02-15,969687.0,997486.0,382359783.59000003,353942287.83,1096115.0,1259662.0,0.9721309371760606,1.0802885010836827,0.8701659651557323
2023-02-16,1627771.0,1707716.0,556454338.9,629758290.49,1090518.0,1222771.0,0.9531860098517552,0.8835998625235025,0.891841563138151
2023-02-17,1388583.0,1261495.0,522293640.27,413962656.03,1061073.0,1260761.0,1.1007439585571088,1.2616926494745198,0.841613120964243
2023-02-20,1734714.0,1769307.0,594266967.44,660577228.2299999,1124569.0,1126856.0,0.9804482772068386,0.8996177010708096,0.9979704594020886
2023-02-21,1167717.0,1304736.0,380729248.33000004,583101021.88,1179766.0,1129575.0,0.8949833529541609,0.6529387431057404,1.0444335258836288
2023-02-22,1151886.0,1196907.0,431193156.55,506188148.07,1121345.0,1182664.0,0.9623855487519081,0.8518436438981399,0.9481517996658392
2023-02-23,915399.0,961674.0,375692745.39,453820882.42,872153.0,875061.0,0.9518807828848446,0.827843671244519,0.9966768031028694
2023-02-24,1261104.0,1088019.0,556603918.91,444176161.51,888339.0,1005938.0,1.1590826998425579,1.2531152437757938,0.8830951808163128
2023-02-27,831342.0,748424.0,357238004.02000004,320905829.52,920647.0,1049424.0,1.1107901403482519,1.1132175584168866,0.8772879217551723
2023-02-28,994208.0,950768.0,439636375.35,375004646.71,937494.0,1100367.0,1.0456893795331774,1.1723491407560644,0.8519830202105297
2023-03-01,1224469.0,1406519.0,416731808.21999997,658047918.21,1012502.0,1036855.0,0.870566981320551,0.6332848971752391,0.9765126271272261
2023-03-02,615611.0,681543.0,230864220.13,317478873.83,1051647.0,1058030.0,0.903260689347554,0.7271797878860455,0.993967089780063
2023-03-03,730637.0,835571.0,268746619.59000003,375843835.84,1064866.0,1084979.0,0.8744164170369724,0.7150486291450256,0.9814623140171377
2023-03-06,965554.0,1010538.0,405001285.17,372088535.71,1025017.0,1170648.0,0.9554850980368873,1.0884540809546783,0.8755979594207652
2023-03-07,1272782.0,1372698.0,553358530.36,491121982.89,980463.0,1195831.0,0.9272119577649272,1.126723196350874,0.8199009726290755
2023-03-08,965254.0,933637.0,463388103.99,283846261.65999997,962237.0,1310196.0,1.0338643391382303,1.6325319955950695,0.7344221780558023
2023-03-09,960204.0,1059493.0,434598426.26,325848874.47,955195.0,1410762.0,0.906286308640076,1.3337422968450738,0.6770773525229627
2023-03-10,1371623.0,1317824.0,668001333.3299999,391445715.32,986079.0,1516657.0,1.0408241161186926,1.706498007735046,0.65016612193792
2023-03-13,1060520.0,1113768.0,430236834.03,356027546.53999996,1006206.0,1468940.0,0.9521911205924394,1.2084369263310992,0.6849878143423148
2023-03-14,1243142.0,1199152.0,526384478.97999996,380037901.1,1012283.0,1494930.0,1.0366842568748582,1.3850841651751242,0.6771440803248313
2023-03-15,976223.0,1049405.0,378284655.57000005,343923256.75,1022860.0,1454595.0,0.9302633397020216,1.0999100762905882,0.703192297512366
2023-03-16,1258670.0,1144029.0,551137356.21,357991705.13,1018810.0,1488959.0,1.1002081240947563,1.5395254926643112,0.6842431524306579
2023-03-17,1613909.0,1777306.0,633351139.62,565825341.14,1026927.0,1424933.0,0.9080647901936977,1.1193403574748915,0.7206844111266986
2023-03-20,1024357.0,955703.0,450382402.78,267669325.57999998,976995.0,1444571.0,1.071836124821205,1.682607455314828,0.676321897642968
2023-03-21,1160364.0,1106363.0,492957767.14,359141253.1,982717.0,1384416.0,1.0488094775403733,1.3726013452504713,0.709842272842845
2023-03-22,968889.0,979562.0,355716126.77,339381289.21,968174.0,1352825.0,0.9891043139688963,1.0481312260850433,0.7156683236930128
2023-03-23,658716.0,692649.0,259221021.64,326267832.67,769464.0,733913.0,0.9510098188259855,0.7945037655679229,1.0484403464715846
2023-03-24,486618.0,553997.0,213759575.45,266989987.11,801755.0,824959.0,0.8783765977072078,0.8006276855690881,0.9718725415444889
2023-03-27,640893.0,658826.0,304634967.07,280545272.85,846925.0,924269.0,0.9727803699307556,1.0858674037715121,0.9163187340482046
2023-03-28,459318.0,540945.0,217895449.44,231881306.04,858404.0,951469.0,0.8491029587111444,0.9396852776153184,0.9021880902057765
2023-03-29,472308.0,571315.0,213215262.75,244775937.38,877120.0,986839.0,0.8267033072823223,0.8710630016666878,0.8888177301464575
2023-03-30,836695.0,949525.0,351211318.47,421892330.67,904246.0,963061.0,0.8811721650298834,0.8324667052189532,0.9389291021025667
2023-03-31,643415.0,766766.0,234576675.28,345860378.11,898783.0,989013.0,0.8391282346895924,0.678240961170156,0.9087676299502635
2023-04-03,647178.0,833750.0,253151819.55,361890063.94,937584.0,1030920.0,0.7762254872563719,0.699526858499137,0.9094633919217786
2023-04-04,576113.0,703342.0,228133130.2,311178200.01,968218.0,1060132.0,0.8191079162057718,0.7331269677396062,0.9132994759143201
2023-04-06,447803.0,488632.0,186284444.02,215241122.84,975186.0,1126893.0,0.9164422305538729,0.8654686500519466,0.8653758608847513
2023-04-07,654491.0,809751.0,221256142.85,351265589.44,1022969.0,1069736.0,0.8082620459869763,0.6298827710472135,0.9562817368023512
2023-04-10,561380.0,644245.0,210579597.12,268301192.32,1051739.0,1067754.0,0.8713765725772028,0.7848626959094686,0.985001226874355
2023-04-11,684351.0,732437.0,250051807.27,286201606.29,1060079.0,1114381.0,0.9343479370922004,0.8736911386046854,0.9512716028001196
2023-04-12,540391.0,668741.0,200971599.66,228462166.5,1057403.0,1171751.0,0.8080721834013467,0.8796712503380729,0.9024127139639736
2023-04-13,697942.0,839351.0,251895029.73,283207221.78,1080969.0,1156363.0,0.8315257859941788,0.8894371695283823,0.9348007502834318
2023-04-14,797602.0,940135.0,260468698.0,346661033.6,1097073.0,1153755.0,0.8483909225802677,0.7513642225521824,0.9508717188657904
2023-04-17,1368408.0,1543098.0,378587226.44,612203535.73,1220338.0,1078659.0,0.8867926729216161,0.6184009146379191,1.1313473488841237
2023-04-18,1150519.0,1286121.0,312436271.87,537265436.9,1231679.0,1061592.0,0.8945651303415464,0.5815305627563626,1.1602188034574488
2023-04-19,904670.0,1015534.0,281913404.24,370329834.25,1182060.0,1111854.0,0.8908318185309404,0.7612495083225934,1.0631431824682018
2023-04-20,1094799.0,1154268.0,392558385.96,396600406.82,1140549.0,1214207.0,0.9484790360644149,0.9898083290120413,0.939336538168533
2023-04-21,1585646.0,1597600.0,558562546.97,470894840.68,1083570.0,1298634.0,0.9925175262894341,1.1861725776468535,0.8343921382006015
2023-04-24,1644708.0,1494332.0,665964434.87,377749315.88,1025037.0,1412314.0,1.10063091735973,1.7629798569418391,0.7257854839646141
2023-04-25,1684023.0,1627329.0,665060912.59,458605864.58,1046908.0,1485527.0,1.0348386835114474,1.4501796944944774,0.7047384530876921
2023-04-26,898033.0,975846.0,388577057.83,298329328.53,994469.0,1471586.0,0.9202609838027721,1.302510416071696,0.675780416503011
2023-04-27,832445.0,997854.0,330989026.81,411806766.27,825689.0,939775.0,0.8342352688870316,0.8037483934709998,0.8786028570668512
2023-04-28,823587.0,975309.0,279258614.59,433616793.05,881645.0,939244.0,0.8444369938142681,0.6440216778177198,0.938675147246083
2023-05-04,861639.0,938373.0,304064528.89,423347479.52,972024.0,957129.0,0.9182265474390248,0.7182386658703025,1.015562165601502
2023-05-05,842982.0,867587.0,312549580.89,390038566.04,1005233.0,995912.0,0.9716397318078763,0.8013299404293953,1.009359260657568
2023-05-08,1122087.0,1245274.0,361719653.34000003,571069175.42,1092890.0,954774.0,0.9010763896138521,0.6334077707380525,1.1446583170467566
2023-05-09,1586273.0,1880180.0,569124181.16,819822461.36,1160488.0,1023740.0,0.8436814560308056,0.6942041819833557,1.1335768847558951
2023-05-10,1228412.0,1234684.0,507812436.82,424571497.36,1060827.0,1163678.0,0.9949201577083691,1.1960587085510803,0.9116155843798714
2023-05-11,699890.0,800622.0,285407171.02,275378169.4,1061190.0,1208315.0,0.8741828228552301,1.0364190147746695,0.8782395319101394
2023-05-12,1245191.0,1339170.0,523682489.44,412077562.84000003,1014539.0,1337674.0,0.9298229500362165,1.2708347570074654,0.758435164322548
2023-05-15,1233693.0,1530608.0,452924785.01,552185172.63,1039347.0,1318759.0,0.8060149953482537,0.8202407588251,0.7881250478669719
2023-05-16,845764.0,1000074.0,292623117.04,386826850.23,1069027.0,1352614.0,0.8457014180950609,0.7564705419647364,0.7903415165006424
2023-05-17,1005796.0,1061725.0,373376876.69,357435658.90999997,1063800.0,1452157.0,0.9473225176010738,1.044598845645711,0.7325654182020264
2023-05-18,1277736.0,1361046.0,504618549.86,448904491.28999996,1075212.0,1411654.0,0.9387897249615369,1.1241111631783782,0.7616682274835052
2023-05-19,1225095.0,1252831.0,451856686.01,365192169.17,1053979.0,1443858.0,0.9778613396379879,1.237312089788149,0.7299741387310941
2023-05-22,1256497.0,1428465.0,415234742.03999996,492529930.07,1040617.0,1362969.0,0.8796134312006244,0.8430649929862849,0.7634927867031458
2023-05-23,1133951.0,1191687.0,452239974.43,357357519.57,990399.0,1425087.0,0.9515510364718253,1.2655112867756915,0.6949744120885252
2023-05-24,1526175.0,1531707.0,746575214.3299999,453026066.67,929262.0,1614681.0,0.9963883432014087,1.6479740775575091,0.5755081034582062
2023-05-25,1314014.0,1261700.0,712289868.4200001,462369305.42,835865.0,1257441.0,1.041463105334073,1.5405215269923271,0.6647349656962036
2023-05-26,1090621.0,1097758.0,535304754.64,399309155.56,887240.0,1364984.0,0.9934985670794474,1.3405772123839153,0.650000293043728
2023-05-29,728433.0,785433.0,364849691.15999997,274579494.69,916758.0,1427942.0,0.9274285648807727,1.3287579670576455,0.6420134711353822
2023-05-30,1218005.0,1338311.0,629202893.88,432323727.11,946405.0,1533930.0,0.9101060964155566,1.455397551473982,0.6169805662579126
2023-05-31,1160912.0,1182454.0,621634540.51,396348077.23,975817.0,1686948.0,0.9817819551542808,1.568405591505536,0.5784511437222725
2023-06-01,1000016.0,1146797.0,478911003.53,414616887.74,1004519.0,1705283.0,0.8720078618970926,1.1550687337905006,0.589062929730725
2023-06-02,962750.0,1170470.0,399085080.65,461062994.7,1046094.0,1636627.0,0.8225328286927474,0.8655760389308034,0.6391767947125399
2023-06-05,542581.0,655378.0,236375162.01,247366344.85,1035525.0,1678806.0,0.8278901641495442,0.9555671858002149,0.6168223130010257
2023-06-06,1035072.0,1226013.0,407895663.82,454436703.44,1041035.0,1676662.0,0.8442585845337692,0.8975852098483834,0.6208973543862746
2023-06-07,897393.0,977409.0,404002388.73,341094982.34000003,1042035.0,1695719.0,0.9181345782574132,1.184427826989535,0.6145092435716059
2023-06-08,986506.0,1140405.0,415796757.58,428290303.63,1082715.0,1684281.0,0.8650488203752176,0.9708292577625265,0.6428351326174195
2023-06-09,624952.0,749101.0,227596147.28,298045422.87,1108494.0,1689632.0,0.8342693441872324,0.7636290639473158,0.6560564667335846
2023-06-12,854601.0,909982.0,327239083.75,359969399.63,1127062.0,1705306.0,0.9391405544285492,0.9090747271472455,0.6609148152882826
2023-06-13,724667.0,817818.0,259352879.04,291917895.23,1148833.0,1701271.0,0.8860981294126566,0.8884446047257833,0.6752792471040769
2023-06-14,985300.0,1139781.0,347363279.53999996,432471008.73,1165264.0,1694332.0,0.8644643137585203,0.8032059317919864,0.6877424259236088
2023-06-15,1283519.0,1347648.0,416208822.52,533703889.47,1203239.0,1572648.0,0.9524141318801349,0.7798497082967117,0.7651038248864336
2023-06-16,1207098.0,1474942.0,360285478.43,617091329.89,1218343.0,1460781.0,0.818403706722027,0.5838446612014836,0.8340353550600672
2023-06-19,902812.0,1080342.0,308327951.03999996,354700684.58,1175962.0,1601161.0,0.8356724074413473,0.8692623511710731,0.7344433195662398
2023-06-20,807300.0,988820.0,296682241.74,307974929.98,1162409.0,1663805.0,0.8164276612528064,0.9633324431935634,0.698644973419361
2023-06-21,995644.0,1126211.0,373495321.78,320982282.92,1101468.0,1672991.0,0.8840652417708582,1.1636010510682548,0.658382501758826
2023-06-26,1202106.0,1255342.0,520870276.25,301476115.39,1016357.0,1720106.0,0.9575924329784234,1.7277331425615063,0.5908688185495545
2023-06-27,954639.0,1040369.0,396939758.14,290410150.3,1028328.0,1669146.0,0.9175965450719888,1.366824671003932,0.6160803189175782
2023-06-28,948295.0,1028711.0,389609237.09000003,306359620.15,985746.0,1664323.0,0.9218283852316151,1.2717382169988307,0.5922804647895871
2023-06-29,705384.0,761022.0,271150879.0,254643491.0,715792.0,1085289.0,0.9268904184110315,1.0648254857611892,0.6595404542015998
2023-06-30,623883.0,713147.0,234246292.0,268756383.0,756257.0,1109349.0,0.8748308553495984,0.8715934088158941,0.6817124277391515
2023-07-03,763695.0,898572.0,250359812.0,379872775.0,848190.0,1068162.0,0.8498985056289312,0.6590622663074499,0.7940649452049409
2023-07-04,414726.0,534928.0,131242876.0,222309844.0,867178.0,1109633.0,0.7752931235605539,0.5903601641679889,0.7814998292228151
2023-07-05,527882.0,547101.0,195204913.0,206063752.0,864884.0,1161551.0,0.9648712029405905,0.9473034976088371,0.7445940815340868
2023-07-06,726107.0,767451.0,269418016.0,257279431.0,867264.0,1263178.0,0.9461281567161942,1.0471805497735263,0.68657307204527
2023-07-07,671770.0,670493.0,251091041.0,220671693.0,855183.0,1350318.0,1.0019045687277868,1.1378488902969535,0.6333197069134826
2023-07-10,661911.0,843848.0,217607523.0,303067168.0,900034.0,1359207.0,0.7843960049677193,0.718017475914778,0.6621758128084979
2023-07-11,607329.0,723382.0,183822227.0,271874491.0,946906.0,1334568.0,0.8395688585007645,0.6761289973320814,0.7095224821814999
2023-07-12,677146.0,822078.0,215075762.0,324447813.0,987005.0,1308915.0,0.823700427453356,0.6628978633306429,0.7540634800579106
2023-07-13,1028770.0,1183443.0,258436407.0,489254477.0,1052866.0,1175438.0,0.8693025350608352,0.5282249200552538,0.8957222754411547
2023-07-14,545843.0,645039.0,148107882.0,251852586.0,1092407.0,1188084.0,0.8462170504419113,0.5880736995886952,0.9194694987896479
2023-07-17,714245.0,745217.0,226044748.0,227440262.0,1019501.0,1290768.0,0.9584389513390059,0.9938642613769061,0.7898406220172797
2023-07-18,627288.0,694882.0,195372235.0,233646453.0,1041806.0,1356059.0,0.9027259304457448,0.8361874639714731,0.7682600830789811
2023-07-19,738697.0,805290.0,234230682.0,268700264.0,1082386.0,1366797.0,0.9173055669386184,0.8717173497082981,0.7919142345205615
2023-07-20,1055420.0,1199681.0,331286348.0,428064363.0,1074785.0,1395550.0,0.8797505336835375,0.773917141053856,0.7701515531510874
2023-07-21,1107908.0,1229990.0,355411758.0,418011151.0,1049622.0,1360573.0,0.9007455345165408,0.8502446816305147,0.7714558498514964
2023-07-24,801100.0,944912.0,276180952.0,273405881.0,1013641.0,1383228.0,0.8478038166517093,1.0101500047835474,0.7328083295017163
2023-07-25,1542438.0,2186226.0,369327156.0,944487579.0,1107574.0,1078647.0,0.7055254122858295,0.3910344235453413,1.0268178560733956
2023-07-26,716930.0,1068961.0,201547797.0,408689346.0,1111438.0,988328.0,0.670679285773756,0.4931564744044001,1.1245639099570184
2023-07-27,802867.0,934781.0,277094763.0,465244896.0,840234.0,863426.0,0.8588824548209688,0.5955890443556848,0.9731395626260965
2023-07-28,1613141.0,1825852.0,498181039.0,1033392764.0,1008052.0,846923.0,0.8835004151486539,0.4820829566017747,1.1902522425297224
2023-07-31,1323205.0,1714286.0,466249801.0,984995098.0,1106222.0,976668.0,0.7718694546884243,0.47335240748578833,1.1326489656669412
2023-08-01,864884.0,1014678.0,332630974.0,488510188.0,1117677.0,1052408.0,0.8523728709994698,0.680908980346588,1.0620187227767177
2023-08-02,1162559.0,1308515.0,456492696.0,597434854.0,1049866.0,1195968.0,0.8884567620546956,0.7640878213643693,0.8778378685717344
2023-08-03,876563.0,1124661.0,345257713.0,554820831.0,1081967.0,1219234.0,0.7794019709050105,0.622286860386466,0.887415377195846
2023-08-04,1205940.0,1940074.0,463100622.0,977230555.0,1119198.0,1253041.0,0.6215948463821483,0.4738908537300085,0.8931854584167637
2023-08-07,648768.0,842094.0,260358119.0,341316039.0,1101770.0,1334229.0,0.7704223043983214,0.7628065758726328,0.8257727871302453
2023-08-08,776976.0,997986.0,329161194.0,453618753.0,1123624.0,1401628.0,0.7785439875910083,0.7256340083453295,0.8016563596046883
2023-08-09,541028.0,712758.0,209790915.0,321221613.0,1136663.0,1466794.0,0.7590626832669713,0.6531033607629634,0.7749302219670928
2023-08-10,768949.0,1083796.0,308435099.0,457452530.0,1148956.0,1523109.0,0.7094960675256229,0.6742450391519312,0.7543491634544869
2023-08-11,1402056.0,1722690.0,579278906.0,578439565.0,1049361.0,1638717.0,0.8138759730421609,1.0014510435502455,0.6403552291213187
2023-08-14,1327987.0,1604618.0,591204233.0,494453898.0,1035682.0,1737933.0,0.8276032052488506,1.1956710936880914,0.5959274609550541
2023-08-15,1061213.0,1459183.0,444109604.0,448459847.0,1057335.0,1784677.0,0.7272651888077095,0.990299593087093,0.592451743368688
2023-08-16,866005.0,1036092.0,346497912.0,328498286.0,1065780.0,1861487.0,0.8358379371716025,1.0547936679340848,0.5725422739992275
2023-08-17,1135773.0,1374772.0,464911428.0,416194018.0,1094411.0,1909962.0,0.8261537185802446,1.1170545656425077,0.5730014523849165
2023-08-18,924549.0,1201000.0,378997859.0,361176259.0,1091134.0,1912078.0,0.7698159866777685,1.0493432210891802,0.5706534984451471
2023-08-21,1203772.0,1498245.0,580275958.0,401553358.0,1038621.0,1959103.0,0.8034547086758174,1.4450780859862713,0.5301512988342114
2023-08-22,1347181.0,1642319.0,670665836.0,494450302.0,1010878.0,1932195.0,0.8202919164912541,1.3563867456187741,0.5231759734395338
2023-08-23,966584.0,1130271.0,547873699.0,359026623.0,925684.0,2001935.0,0.8551789792005634,1.525997416074629,0.4623946331923864
2023-08-24,592232.0,812997.0,288935598.0,361017058.0,827340.0,1243926.0,0.7284553325535027,0.8003378001047252,0.6651038727384104
2023-08-25,694896.0,800002.0,346654040.0,385025729.0,859928.0,1290038.0,0.8686178284554289,0.9003399354644167,0.6665912166928416
2023-08-28,1178131.0,2227200.0,591582290.0,1252760837.0,930822.0,1357118.0,0.528974048132184,0.4722228477517453,0.6858814045646731
2023-08-29,858852.0,997422.0,392237588.0,522350742.0,956221.0,1403676.0,0.8610718432118,0.7509084537684069,0.6812262943870238
2023-08-30,526072.0,685610.0,235219870.0,298714914.0,960434.0,1448008.0,0.7673050276396202,0.7874393241711393,0.6632794846437312
2023-08-31,546697.0,679166.0,240033745.0,260450922.0,958938.0,1492574.0,0.8049534281751443,0.9216083519950066,0.64247266802182
2023-09-01,532386.0,629998.0,196038629.0,274976476.0,970405.0,1460913.0,0.8450598255867479,0.7129287270377267,0.6642455779365369
2023-09-04,830342.0,1072779.0,273443486.0,560249963.0,1006122.0,1372362.0,0.774010304079405,0.4880740813185917,0.7331316372793767
2023-09-05,506399.0,572546.0,197577642.0,247629104.0,996895.0,1415557.0,0.8844686715128566,0.7978773044383345,0.7042422170212856
2023-09-06,503090.0,573272.0,195330664.0,235158793.0,1006574.0,1464642.0,0.8775764384096904,0.830633043774808,0.6872491707871276
2023-09-07,692378.0,822037.0,268885510.0,292253646.0,992971.0,1512787.0,0.8422710899874336,0.9200415929113849,0.6563852016179409
2023-09-08,626963.0,633683.0,237806025.0,212980520.0,990871.0,1579819.0,0.989395328579116,1.1165623269207907,0.6272053950484201
2023-09-11,629764.0,782525.0,224904759.0,293136747.0,1027208.0,1573427.0,0.8047845116769432,0.7672349553636822,0.6528475741168799
2023-09-12,328883.0,424852.0,120840939.0,136207264.0,1043757.0,1585516.0,0.7741119260354193,0.8871842473834582,0.6583074532202765
2023-09-13,844174.0,925189.0,317976008.0,297122836.0,1041112.0,1594221.0,0.9124341080579211,1.0701836731256833,0.653053748507892
2023-09-14,735526.0,805344.0,264354400.0,293806565.0,1064385.0,1607354.0,0.9133066118329558,0.8997566136753956,0.6621970020294222
2023-09-15,974699.0,1093496.0,332276700.0,381288335.0,1056599.0,1662570.0,0.8913603707741043,0.8714578168251593,0.6355215118761917
2023-09-18,766667.0,800306.0,261690409.0,262576009.0,1099609.0,1608126.0,0.9579673274972323,0.9966272623177848,0.6837828627856275
2023-09-19,603202.0,713329.0,220089450.0,232313227.0,1104637.0,1608667.0,0.8456154172899181,0.9473823459910012,0.6866784735436234
2023-09-20,546847.0,622391.0,188520920.0,194416159.0,1089860.0,1630360.0,0.8786229235319919,0.9696772170054033,0.668478127530116
2023-09-21,904353.0,955545.0,336771769.0,258691770.0,1047378.0,1680687.0,0.9464263849426243,1.301826374298649,0.6231844477883152
2023-09-22,1399913.0,1627890.0,440140249.0,520554692.0,1123030.0,1512357.0,0.8599555252504776,0.8455216248439847,0.7425693801132933
2023-09-25,689787.0,818944.0,211420412.0,221247606.0,1049954.0,1497665.0,0.8422883615973742,0.9555828233458942,0.7010606510801815
2023-09-26,636102.0,715498.0,231524494.0,193150952.0,1009176.0,1531235.0,0.8890339316112693,1.1986712548017884,0.6590601703853426
2023-09-27,850699.0,1035925.0,300300028.0,320015950.0,978820.0,1470714.0,0.8211974805125853,0.9383908145828357,0.6655406829607932
2023-09-28,535366.0,663564.0,202515477.0,245366456.0,716949.0,943323.0,0.8068038651885877,0.8253592618218359,0.7600249331353099
2023-10-09,756252.0,1047711.0,277445431.0,308143889.0,783755.0,1096348.0,0.7218135535467318,0.9003762232649696,0.7148779402160628
2023-10-10,597926.0,737017.0,222251613.0,226478129.0,814906.0,1203396.0,0.8112784372680685,0.9813380832018442,0.6771719367523242
2023-10-11,579654.0,671360.0,204843483.0,205136728.0,837066.0,1208443.0,0.8634026453765491,0.9985704900197102,0.692681409052806
2023-10-12,704679.0,870922.0,232955745.0,296911168.0,885080.0,1176975.0,0.8091183825876485,0.7845974490255617,0.7519955818942629
2023-10-13,576513.0,658085.0,213799441.0,187500342.0,864260.0,1266586.0,0.876046407378986,1.140261605496165,0.6823539814904002
2023-10-16,676246.0,863336.0,248054015.0,215194401.0,866488.0,1358514.0,0.7832941056552721,1.152697346433284,0.6378204420418192
2023-10-17,521747.0,651192.0,177793720.0,190177426.0,901119.0,1386205.0,0.8012183810611924,0.93488340724519,0.6500618595373701
2023-10-18,615606.0,774322.0,213306353.0,191965731.0,915510.0,1440237.0,0.7950258419623878,1.1111689148309496,0.6356662132690661
2023-10-19,1589919.0,1778053.0,768751308.0,389247472.0,884815.0,1627569.0,0.8941910055549526,1.9749680172617794,0.5436420821482837
2023-10-20,1242158.0,1242019.0,577364930.0,291697826.0,878798.0,1682405.0,1.0001119145520319,1.979325447560929,0.5223462840398121
2023-10-23,1207317.0,1472024.0,585797811.0,335166755.0,883538.0,1770132.0,0.8201748069324957,1.7477801788545526,0.49913678753900836
2023-10-24,1184132.0,1308145.0,563756522.0,340232007.0,908311.0,1794349.0,0.9051993471671719,1.6569767405804356,0.5062064291840662
2023-10-25,980891.0,1282991.0,452508084.0,372913662.0,908785.0,1769431.0,0.7645345914351699,1.2134392759254822,0.5136029604997313
2023-10-26,595327.0,747856.0,260698976.0,264974585.0,810790.0,1205218.0,0.7960449605271603,0.9838640788889244,0.6727330657192309
2023-10-27,887794.0,1047280.0,342102540.0,399777516.0,855261.0,1163806.0,0.8477140783744558,0.8557323168719674,0.7348827897433078
2023-10-30,549422.0,701685.0,221359931.0,255533281.0,892150.0,1228060.0,0.7830037694977091,0.8662665392693016,0.726471019331303
2023-10-31,457847.0,537984.0,194499546.0,201359906.0,914389.0,1283714.0,0.8510420384249345,0.9659298609326923,0.7122996243711606
2023-11-01,499870.0,670486.0,188370375.0,258924736.0,916735.0,1290522.0,0.7455338366498331,0.7275101556925021,0.7103598388869
2023-11-02,501213.0,567153.0,174505127.0,207221758.0,932011.0,1279414.0,0.8837350767782238,0.8421177808944175,0.7284670950919718
2023-11-03,520330.0,673344.0,166951492.0,256371543.0,945264.0,1264096.0,0.7727550850679593,0.6512091398537161,0.7477786497228058
2023-11-06,618942.0,884631.0,191882767.0,326437579.0,983838.0,1241424.0,0.6996612146759497,0.5878084489776222,0.7925076363917566
2023-11-07,484583.0,570659.0,174131757.0,198085160.0,1002609.0,1289875.0,0.8491638614303814,0.8790752270387141,0.7772915980230642
2023-11-08,617788.0,697044.0,231582441.0,218543198.0,1006726.0,1350662.0,0.8862969912946672,1.0596643735395508,0.7453574617483871
2023-11-09,553625.0,601791.0,193085508.0,189707974.0,1035773.0,1375589.0,0.919962246028937,1.0178038588931428,0.7529669109014393
2023-11-10,653235.0,737535.0,250300323.0,195492091.0,989150.0,1455899.0,0.8857003396448982,1.2803603548339968,0.6794083930272635
2023-11-13,597429.0,706914.0,232771811.0,187643312.0,975163.0,1497179.0,0.8451226033152548,1.2405015053241013,0.6513336080722478
2023-11-14,588164.0,684809.0,219483312.0,196993948.0,990219.0,1528597.0,0.8588730580351601,1.1141627152931621,0.6477959854690282
2023-11-15,671372.0,938473.0,225895093.0,288755775.0,1025527.0,1486995.0,0.7153876563310825,0.7823050222978224,0.6896640540149765
2023-11-16,710808.0,949753.0,258492955.0,239490390.0,989535.0,1495473.0,0.7484135348874918,1.0793458351293344,0.661686971279321
2023-11-17,872683.0,983896.0,342912389.0,237189890.0,940827.0,1499223.0,0.8869667119289031,1.445729364771829,0.627543067308866
2023-11-20,823803.0,973413.0,320405371.0,269319558.0,953761.0,1504533.0,0.8463036758292729,1.189684749891057,0.6339249454814219
2023-11-21,928602.0,1238049.0,319991403.0,379980241.0,955415.0,1435016.0,0.7500527038913646,0.8421264278318092,0.6657870016780301
2023-11-22,713971.0,827738.0,327560584.0,239085455.0,900244.0,1513523.0,0.862556751049245,1.3700565097111408,0.5948003433049911
2023-11-23,569999.0,707855.0,230675916.0,256899613.0,709485.0,1018211.0,0.8052482499947023,0.8979223958581829,0.6967956543388355
2023-11-24,413788.0,508748.0,176592114.0,179213179.0,730806.0,1078876.0,0.8133457035703334,0.9853745968090885,0.6773771962672263
2023-11-27,789544.0,888432.0,364052955.74,280721415.24,770906.0,1193123.0,0.8886937886073442,1.296847821277748,0.6461244984800394
2023-11-28,452269.0,513820.0,203968037.76999998,178541727.07,810428.0,1246111.0,0.8802090226149235,1.142411026919389,0.6503658181333766
2023-11-29,567124.0,691253.0,251205399.51000002,213937313.17000002,830944.0,1321617.0,0.8204289890966115,1.17420096470215,0.628732832583116
2023-11-30,451828.0,593234.0,185003087.97,193559314.95999998,850913.0,1347765.0,0.7616353749110806,0.955795323042096,0.6313511628510905
2023-12-01,851268.0,955235.0,370195643.38,302660606.12,857606.0,1439942.0,0.8911608138311515,1.2231378510925979,0.5955837110105824
2023-12-04,521263.0,638032.0,231129529.33999997,198758818.24,879454.0,1512521.0,0.8169856684304235,1.1628642763457797,0.5814491170701102
2023-12-05,1106455.0,1207177.0,570688283.53,312921875.52,882418.0,1598408.0,0.9165640167100599,1.8237404546475218,0.5520605502474962
2023-12-06,992716.0,998053.0,470287470.96000004,277061339.54,910475.0,1639729.0,0.9946525885899847,1.697412824686439,0.555259436162927
2023-12-07,989355.0,958778.0,449498443.1,251816149.69,928376.0,1677015.0,1.0318916370630116,1.7850262727523956,0.5535883698118383
2023-12-08,595253.0,643415.0,243272695.35999998,192141995.66,957303.0,1690174.0,0.9251462897196988,1.2661089238943735,0.5663931642540946
2023-12-11,1150721.0,1450997.0,526953261.54999995,416274364.64,988962.0,1708864.0,0.7930553957037816,1.2658796849181828,0.5787248136773904
2023-12-12,564673.0,755191.0,213113319.74,244409055.81,1021267.0,1712950.0,0.7477220994423928,0.8719534512897557,0.5962036253247321
2023-12-13,828285.0,982357.0,351282353.26,255576374.87,979405.0,1836222.0,0.8431608875388479,1.3744711475725455,0.5333804953867234
2023-12-14,982501.0,932685.0,432313955.28,249342215.42000002,982310.0,1851214.0,1.0534113875531397,1.7338177354035156,0.5306301702558429
2023-12-15,1210574.0,1278649.0,503447702.69,356374262.03999996,994758.0,1888939.0,0.9467602133189015,1.4126937781873043,0.5266226172470365
2023-12-18,886109.0,953298.0,382661854.79999995,273091737.16,1031248.0,1912506.0,0.92951941575457,1.401220918580208,0.5392129488744087
2023-12-19,764585.0,888570.0,307126840.82,246882270.36,1038892.0,1942501.0,0.8604668174707676,1.2440214535136616,0.534821861095567
2023-12-20,717868.0,864198.0,312481597.03,252220674.84,1035777.0,1962012.0,0.8306753776333664,1.238921421601252,0.5279157314022545
2023-12-21,1109523.0,1193426.0,461239971.95000005,365765883.17999995,1082669.0,1889775.0,0.9296956828492089,1.2610251342742527,0.5729089441864772
2023-12-22,1069835.0,1416014.0,446697464.32000005,439790577.35,1071240.0,1830658.0,0.7555257222033116,1.015704945321062,0.5851666449986835
2023-12-25,583722.0,688707.0,270632379.48,190344154.37,1030387.0,1828024.0,0.8475621708505939,1.4218055730460308,0.5636616368275252
2023-12-26,730201.0,832011.0,343951068.79999995,203983303.57,982829.0,1853373.0,0.8776338293604291,1.686172656194716,0.5302920674899224
2023-12-27,946177.0,1138007.0,479256791.26,307082737.59,935932.0,1833154.0,0.8314333743114058,1.56067643209524,0.5105583055215219
2023-12-28,983660.0,1252486.0,340076231.02,528129833.78000003,800048.0,936500.0,0.7853660639719725,0.6439254313394148,0.8542957821676455
2023-12-29,578937.0,781251.0,222530514.47000003,313826491.68,815659.0,979694.0,0.7410384114708333,0.7090877295881958,0.8325650662349673
2024-01-02,499468.0,664449.0,193223617.63,223174792.03,824142.0,1101636.0,0.7517025384943012,0.8657949935673118,0.7481073603259153
2024-01-03,499107.0,640823.0,196890336.06,214309045.81,836719.0,1170182.0,0.7788531310517881,0.9187215374686382,0.7150332170551248
2024-01-04,807783.0,935704.0,310848223.96000004,296765820.79,839124.0,1282410.0,0.8632890315740875,1.0474529146668987,0.654333637448242
2024-01-05,819150.0,910580.0,316113398.2,300721112.81,849846.0,1306060.0,0.8995914691734939,1.0511845851000328,0.6506944550786334
2024-01-08,1048104.0,1001970.0,438929446.81,315650631.2,842914.0,1394165.0,1.0460432947094225,1.3905546304195067,0.6046013205036707
2024-01-09,756559.0,803634.0,305152440.11,231425001.27,860918.0,1414851.0,0.9414223390249791,1.318580267626242,0.6084866887043229
2024-01-10,666563.0,715650.0,264225439.32,218878375.1,872933.0,1437075.0,0.9314092084119332,1.207179280270525,0.6074373292973575
2024-01-11,584301.0,679459.0,228113850.18,209486582.03,894630.0,1464134.0,0.8599503428462939,1.0889186694894495,0.6110301379518541
2024-01-12,494816.0,615230.0,198690644.9,182085155.51,899267.0,1473548.0,0.8042780748663102,1.0911962830989155,0.610273299546401
2024-01-15,721138.0,829976.0,279262052.07,234921128.63,885360.0,1499298.0,0.868866087694102,1.188748128780859,0.5905163616572556
2024-01-16,934443.0,1085137.0,362751379.73,306605897.5,882935.0,1505254.0,0.861129055593902,1.1831193812245573,0.5865687784254352
2024-01-17,1067553.0,1200459.0,440448435.14,309038816.34,866045.0,1601946.0,0.889287347589547,1.4252204313888683,0.5406205952010866
2024-01-18,2220604.0,2227990.0,1067067651.4200001,627613198.88,895509.0,1647688.0,0.9966849043308094,1.7001995071554001,0.5434942780429305
2024-01-19,1086380.0,1367092.0,462581970.78,398038628.36,914043.0,1558801.0,0.7946648799056684,1.162153464064359,0.5863756823353333
2024-01-22,1367121.0,1519393.0,554564096.3000001,432724060.35999995,865946.0,1555376.0,0.8997810309775022,1.2815651984746044,0.5567438355741634
2024-01-23,1119078.0,1293581.0,492950132.38,367347852.15000004,864012.0,1551017.0,0.8651008324952206,1.3419164682599327,0.5570615924906046
2024-01-24,1184112.0,1573312.0,528285908.17,502955722.22,889419.0,1484074.0,0.7526237643900257,1.0503626558580443,0.5993090641032724
2024-01-25,1044674.0,1292627.0,390010561.53000003,622359501.14,800926.0,934543.0,0.8081790029142204,0.6266644291853866,0.8570242353749372
2024-01-26,806172.0,867258.0,315035939.96999997,428552096.2,833398.0,970788.0,0.929564212725625,0.7351170202256497,0.8584757949212393
2024-01-29,777062.0,782134.0,301698773.74,388479439.53,856640.0,987085.0,0.993515177706122,0.7766145207195749,0.867848260281536
2024-01-30,953724.0,858979.0,403584896.47999996,368075519.99,797817.0,1040213.0,1.1102995533068911,1.0964730729469991,0.7669746484614208
2024-01-31,1180093.0,958313.0,549146530.36,396902645.51,786868.0,1135947.0,1.231427518983881,1.383579919590544,0.6926978107253243
2024-02-01,802319.0,675560.0,375999731.41,284248911.98,788907.0,1171530.0,1.1876354431878737,1.3227833619164588,0.6733988886328135
2024-02-02,1267557.0,1185169.0,734208182.82,481760993.59000003,772367.0,1255247.0,1.0695158243254759,1.5240091925018815,0.6153107715055284
2024-02-05,1059029.0,953449.0,593718774.36,419835524.17,803546.0,1230107.0,1.1107348164401032,1.4141699312695395,0.6532326049685109
2024-02-06,896191.0,988050.0,361471693.23,491254021.57,812807.0,1153568.0,0.9070300086028035,0.7358142170007519,0.7046025895309163
2024-02-07,853809.0,1026369.0,351323334.9,526923548.64000005,835971.0,1092240.0,0.8318733321057047,0.6667444182496158,0.7653729949461657
2024-02-08,666972.0,846213.0,259521665.16,426949155.66,851841.0,1061933.0,0.788184535099319,0.6078514542529497,0.8021607766215006
2024-02-19,682118.0,730052.0,202009233.8,311195050.0,917264.0,1071567.0,0.9343416633335707,0.6491402539982561,0.8560024711473945
2024-02-20,554827.0,523837.0,172187796.34,218346742.7,935867.0,1046629.0,1.0591596240815369,0.7885979621714779,0.8941726246836271
2024-02-21,1386506.0,1909902.0,380311260.73999995,878751994.58,1021117.0,964545.0,0.7259566197637366,0.43278565862233964,1.058651488525678
2024-02-22,690060.0,937922.0,202982505.69,390087375.5,1090596.0,1002578.0,0.7357328221323308,0.5203513839170629,1.0877916730668338
2024-02-23,669668.0,967460.0,205368631.65,445670395.94,1096570.0,1018768.0,0.6921919252475555,0.4608083317197683,1.076368712012941
2024-02-26,931901.0,1068625.0,328380762.61,357397895.83,1035327.0,1078065.0,0.8720561469177681,0.9188100054349445,0.9603567502887117
2024-02-27,746784.0,888372.0,282429158.34000003,336572534.33000004,1051893.0,1097376.0,0.8406208210074159,0.8391331125762213,0.9585529481235238
2024-02-28,893947.0,1150657.0,324392587.92,495696619.29,1052396.0,1088455.0,0.7769013702606424,0.6544175919227299,0.9668713911002292
2024-02-29,567092.0,707368.0,243157946.81,330996719.28000003,754140.0,879631.0,0.8016930367220456,0.7346234347546672,0.8573367696227168
2024-03-01,487406.0,542339.0,195663652.94,271998011.08,784310.0,900397.0,0.8987109538498983,0.7193569253065291,0.8710713163193569
2024-03-04,346924.0,410333.0,130856750.87,200649679.88,813591.0,921668.0,0.8454694114292538,0.6521652611071188,0.8827376018262542
2024-03-05,612204.0,690284.0,214761908.48000002,339817497.6,846225.0,879634.0,0.8868871363091133,0.6319919074114211,0.9620194308087228
2024-03-06,480414.0,526940.0,163896907.42000002,249177922.8,849789.0,906161.0,0.9117053174934527,0.6577505164915839,0.9377903043719604
2024-03-07,540691.0,584214.0,187770846.28,235875037.37,844381.0,926847.0,0.9255016141345466,0.7960606954158423,0.9110252285436539
2024-03-08,449584.0,450033.0,167966503.32,167786080.35999998,859625.0,949001.0,0.9990022953872272,1.0010753154231442,0.905820963307731
2024-03-11,547913.0,608225.0,184753528.97,238077276.25000003,878139.0,951828.0,0.9008393275514818,0.7760233646826257,0.9225816008774694
2024-03-12,674260.0,822167.0,210236837.19,352695463.28999996,901171.0,940652.0,0.8201010257040237,0.5960860262530088,0.9580280486300992
2024-03-13,676574.0,650932.0,247739952.92,236677119.77,910531.0,1025580.0,1.0393927476295528,1.0467423009066137,0.8878205503227442
2024-03-14,701485.0,727928.0,255035615.57,265065741.4,914974.0,1055900.0,0.9636736050818213,0.9621598559775254,0.8665347097262999
2024-03-15,631474.0,631305.0,211654126.11999997,212434189.98000002,918650.0,1086298.0,1.000267699447969,0.9963279740418739,0.8456703409193426
2024-03-18,561961.0,627508.0,169310115.42,229938624.47,944158.0,1094737.0,0.8955439611925267,0.7363274256782806,0.862451894838669
2024-03-19,592811.0,651095.0,185156929.12,207480805.20000002,942868.0,1131936.0,0.9104831092236924,0.89240510196362,0.8329693551578888
2024-03-20,631395.0,723543.0,202784160.30999997,226629468.98,954833.0,1105804.0,0.8726433674294409,0.8947828418902382,0.8634739972002272
2024-03-21,624778.0,688037.0,189302604.85,240547241.26,952956.0,1100648.0,0.9080587235860862,0.7869664347777272,0.8658135934467696
2024-03-22,1222581.0,1090964.0,415860875.05,318002379.45,914488.0,1160735.0,1.1206428443101697,1.3077288156436153,0.7878525244780247
2024-03-25,742428.0,669746.0,242202740.72000003,195794036.62,876491.0,1107776.0,1.1085217380917542,1.2370281797196445,0.7912168163960945
2024-03-26,695538.0,697565.0,227087418.10000002,220143354.69,881952.0,1111298.0,0.9970941776035208,1.0315433705449728,0.7936233125588276
2024-03-27,700287.0,748979.0,232206499.58,247896943.95,866426.0,1124184.0,0.9349888314625644,0.9367057773283212,0.7707154700653985
2024-03-28,769955.0,736212.0,286694933.99,281532453.27,609430.0,689584.0,1.0458332654181133,1.0183370714815922,0.8837647045175062
2024-03-29,478211.0,441429.0,168736630.57,168258434.32999998,661403.0,710853.0,1.08332483819595,1.0028420342903117,0.9304356878285666
2024-04-01,608014.0,705451.0,182906536.46,292821284.08,696619.0,701283.0,0.8618798470765511,0.6246353882186692,0.9933493325804276
2024-04-02,456521.0,474849.0,157156499.34,195617122.32,721230.0,762249.0,0.9614024668894743,0.8033882590447056,0.9461868759421134
2024-04-03,421914.0,404731.0,149801856.57999998,159787515.13,728569.0,794637.0,1.0424553592386054,0.9375066409795791,0.9168576343663837
2024-04-08,584707.0,611022.0,198443604.81,187608371.73000002,756409.0,845128.0,0.9569328109298847,1.0577545286496794,0.8950230024327676
2024-04-09,483730.0,540746.0,166075896.45,161485876.32999998,765663.0,904555.0,0.8945604775624785,1.0284236629500663,0.8464526756250311
2024-04-10,630132.0,652913.0,219304600.23000002,196171554.38,760670.0,939917.0,0.9651086745094676,1.117922529202116,0.8092948632698419
2024-04-11,550895.0,642358.0,195285154.32,186861348.11,764115.0,954485.0,0.8576136671451122,1.0450805171599271,0.8005521302063416
2024-04-12,560062.0,630656.0,203792750.79,165548740.81,745035.0,1015787.0,0.8880625887964279,1.231013596315375,0.7334559312139257
2024-04-15,916457.0,1139270.0,281454232.11,372581313.03999996,794017.0,877204.0,0.8044247632255743,0.7554169311754596,0.9051680110897807
2024-04-16,918781.0,942824.0,284073734.23,321349498.24,802663.0,906321.0,0.9744989520843763,0.8840024203735941,0.8856277190973176
2024-04-17,783524.0,810528.0,217971380.76999998,280862280.34000003,856212.0,878749.0,0.96668344585258,0.7760792246866792,0.9743533136310824
2024-04-18,1007393.0,1267522.0,291237365.98,492327248.25,861208.0,837046.0,0.7947735818392107,0.5915524014062125,1.0288657971007567
2024-04-19,792768.0,760309.0,248802578.06,250631500.66,814801.0,881923.0,1.0426918529176954,0.9927027424917306,0.9238913147746458
2024-04-22,636973.0,710542.0,199476006.06,253860582.44,816951.0,898442.0,0.8964607299779604,0.7857699062324739,0.9092974282146205
2024-04-23,635169.0,704940.0,211498281.69,209546207.01999998,809017.0,939958.0,0.9010256192016342,1.0093157241916275,0.860694839556661
2024-04-24,576144.0,684618.0,177791310.24,198206865.32,797330.0,922753.0,0.8415554367545113,0.8969987490239575,0.8640773858226416
2024-04-25,463875.0,510474.0,167199395.64,198959640.43,626135.0,677906.0,0.9087142538111638,0.8403684047610941,0.9236310048885834
2024-04-26,637335.0,849441.0,204742942.44,357195204.53999996,665507.0,664275.0,0.750299314490353,0.5731962239069539,1.0018546535696813
2024-04-29,646734.0,945519.0,219990832.69,459855124.47,721467.0,695140.0,0.6839989466102744,0.47839160853877083,1.0378729464568288
2024-04-30,422311.0,584914.0,146125996.09,246950036.28,719915.0,736693.0,0.7220052862472089,0.5917229180898665,0.9772252485092162
2024-05-06,568456.0,694833.0,151983783.76999998,308166137.19,769228.0,740914.0,0.8181188861208377,0.49318781471532774,1.0382149615205003
2024-05-07,380643.0,375886.0,111998326.03999999,160085817.54,793735.0,745683.0,1.0126554327641892,0.6996142928902207,1.0644402514205098
2024-05-08,383016.0,383577.0,116381790.78999999,151500436.6,776357.0,776020.0,0.9985374514113203,0.7681944250581784,1.0004342671580628
2024-05-09,507345.0,528789.0,140785375.26999998,213869919.86,826055.0,766855.0,0.9594469627772136,0.6582757190078837,1.0771984273428483
2024-05-10,563701.0,628630.0,164463985.55,268519073.82,851794.0,770242.0,0.8967134880613398,0.6124853002444339,1.1058784122392702
2024-05-13,549864.0,599486.0,171330036.36,231835765.91,858583.0,786046.0,0.9172257567316001,0.7390146886417488,1.0922808588810324
2024-05-14,437856.0,439819.0,136252444.04,163298307.56,857550.0,821815.0,0.995536800365605,0.8343775638332157,1.0434830223347105
2024-05-15,593449.0,601979.0,182197364.9,198899342.76,838812.0,862236.0,0.9858300704841864,0.9160279886889658,0.9728334237958053
2024-05-16,565098.0,578151.0,163797495.67000002,201038379.93,854564.0,822740.0,0.9774228531992507,0.8147573400016107,1.0386805065998979
2024-05-17,694181.0,786341.0,172572218.68,294120898.45,894277.0,778267.0,0.8827989383740642,0.5867390572701414,1.1490619543164493
2024-05-20,680895.0,848544.0,171172623.86,363070216.45,899331.0,756664.0,0.8024274522004752,0.47145873196011095,1.1885473605193322
2024-05-21,444813.0,480300.0,120421447.41,184301730.39,891403.0,769500.0,0.9261149281698938,0.6533929288410736,1.1584184535412605
2024-05-22,470906.0,554642.0,128232947.7,232908905.0,914409.0,746636.0,0.8490269398999715,0.5505712531687013,1.2247052111068848
2024-05-23,513995.0,536932.0,198728426.54,213673655.56,671645.0,664378.0,0.9572813689629227,0.9300558181548808,1.0109380503267718
2024-05-24,541230.0,555088.0,212553059.87,211219983.98000002,703746.0,751120.0,0.9750345891101951,1.0063113151742602,0.9369288529129832
2024-05-27,455287.0,446664.0,173306376.46,177159587.56,739614.0,755123.0,1.0193053391363531,0.9782500560479404,0.9794616241327572
2024-05-28,382770.0,350910.0,139701882.71,141392901.36,755985.0,776578.0,1.0907925109002308,0.988040286084133,0.9734823803919246
2024-05-29,413291.0,432644.0,155386391.39,174631204.74,783051.0,787929.0,0.9552680725954826,0.889797396870435,0.993809086859349
2024-05-30,604656.0,550414.0,238316062.8,198832042.76999998,776557.0,861623.0,1.098547638686516,1.1985797635025728,0.9012723662204932
2024-05-31,438669.0,438056.0,158316695.96,154040559.35,776315.0,891450.0,1.0013993644648174,1.0277598096763858,0.8708452521173369
2024-06-03,516930.0,537284.0,189474239.52,186376577.53,786497.0,922000.0,0.9621168692907289,1.0166204467913968,0.853033622559653
2024-06-04,446812.0,528319.0,157889380.65,195305863.31,806655.0,900027.0,0.8457238903011249,0.808421098957943,0.8962564456399641
2024-06-05,355580.0,365489.0,114066844.53,129394085.13,806691.0,939118.0,0.9728883769415769,0.8815460491520847,0.8589879014138798
2024-06-06,607062.0,617788.0,206689091.62,229269963.54,812008.0,950137.0,0.9826380570681205,0.9015096806779909,0.8546220176669259
2024-06-07,598036.0,579451.0,207960214.53,187650061.45,802806.0,995715.0,1.0320734626396364,1.1082341935998339,0.8062608276464651
2024-06-11,663517.0,725978.0,250829478.75,202991748.38,815383.0,1108349.0,0.9139629575551876,1.23566342352226,0.7356735107804491
2024-06-12,389178.0,485428.0,142604231.11,128109714.28,824850.0,1119703.0,0.8017213675354532,1.1131414343671113,0.7366685630028678
2024-06-13,476591.0,607466.0,182203114.68,161719725.55,822150.0,1163435.0,0.784555843454613,1.1266598064047975,0.7066574411118799
2024-06-14,664854.0,804030.0,226807090.14,229063407.45,838781.0,1144898.0,0.8269019812693557,0.9901498133852195,0.7326250897459861
2024-06-17,414232.0,481462.0,153518576.89,133496312.89,834443.0,1203409.0,0.8603628116029925,1.149983647986579,0.6933993347232736
2024-06-18,400907.0,510842.0,134644799.65,152644595.84,834005.0,1223408.0,0.7847964732735366,0.882080357375592,0.6817063481683951
2024-06-19,396897.0,514973.0,129769956.28999999,144661196.98000002,836669.0,1204919.0,0.7707141927829226,0.897061264520998,0.6943777963497961
2024-06-20,496123.0,581481.0,171941397.47,166038629.75,832266.0,1194635.0,0.8532058657118633,1.0355505687374538,0.6966696940906637
2024-06-21,777104.0,810932.0,278937119.65,196157776.94,804950.0,1187719.0,0.9582850349967692,1.4220038787211593,0.6777276443333818
2024-06-24,760010.0,799625.0,272715456.71000004,213751528.1,765695.0,1154752.0,0.9504580272002501,1.275852664699617,0.6630817699384803
2024-06-25,724711.0,700727.0,244542957.25,182336205.86,749667.0,1197688.0,1.0342273096369914,1.3411651081396478,0.6259284554909125
2024-06-26,629626.0,695685.0,281827468.18,196249323.7,732125.0,1194691.0,0.9050446682047191,1.436068480984019,0.6128153639727763
2024-06-27,464853.0,542892.0,172737498.0,173776226.0,594466.0,701984.0,0.8562531774275547,0.9940226115855456,0.84683696494507
2024-06-28,515790.0,560465.0,175348311.0,185835738.0,627291.0,725049.0,0.9202894025496686,0.9435661454956528,0.8651704919253733
2024-07-01,446231.0,496958.0,145113372.0,159435922.0,656997.0,761653.0,0.8979249755512538,0.9101673586458139,0.8625935957713027
2024-07-02,434161.0,489625.0,130435711.0,181331539.0,679762.0,752389.0,0.8867214705131479,0.7193217005674892,0.9034714755266225
2024-07-03,328958.0,335203.0,101839166.0,114453219.0,694965.0,773562.0,0.9813694984830088,0.8897885694241592,0.8983959915300906
2024-07-04,444496.0,430447.0,137530329.0,148924183.0,690900.0,797495.0,1.0326381645127043,0.9234922510872529,0.8663377199857052
2024-07-05,923137.0,782432.0,317691011.0,223225932.0,685156.0,885040.0,1.1798303239131325,1.4231814742742344,0.7741525806743198
2024-07-08,454570.0,371475.0,150571951.0,105462377.0,691841.0,908417.0,1.2236893465239922,1.4277314363965075,0.7615896664197169
2024-07-09,769407.0,721206.0,241601297.0,222929212.0,721095.0,885381.0,1.0668338865733231,1.0837579105604158,0.8144459842711782
2024-07-10,320382.0,338295.0,91214143.0,107986734.0,721760.0,908281.0,0.9470491730590166,0.8446791529040966,0.7946439482935347
2024-07-11,514483.0,604029.0,143896501.0,205147158.0,749563.0,885687.0,0.8517521509728837,0.7014306335162586,0.8463068781635047
2024-07-12,467889.0,559254.0,119164999.0,188719338.0,767822.0,842614.0,0.8366305828836271,0.6314403190625859,0.9112381232687803
2024-07-15,419964.0,455663.0,106883912.0,159002905.0,792136.0,828894.0,0.9216548194608735,0.6722135799971705,0.955654160845657
2024-07-16,447706.0,481782.0,119202516.0,161374296.0,798934.0,811627.0,0.9292709150611688,0.7386710210652135,0.9843610426957211
2024-07-17,543246.0,603858.0,137624397.0,212005667.0,806673.0,784566.0,0.8996254086225569,0.649154331332096,1.0281773617515926
2024-07-18,591840.0,672089.0,164074303.0,238762479.0,817718.0,779643.0,0.8805976589410034,0.6871862936219556,1.0488364546337234
2024-07-19,829797.0,1001433.0,212134186.0,324752509.0,859161.0,764219.0,0.8286096024397039,0.6532180048530434,1.1242340219230351
2024-07-22,661477.0,746353.0,189056145.0,231838264.0,822179.0,809606.0,0.8862790127459794,0.8154656687732962,1.015529776212133
2024-07-23,623819.0,610948.0,177895922.0,168368760.0,766389.0,841973.0,1.0210672594066925,1.056585093339168,0.9102299004837447
2024-07-24,799515.0,785983.0,276883674.0,233402951.0,742550.0,884117.0,1.017216657357729,1.1862903738522141,0.8398775275218099
2024-07-25,724945.0,658873.0,295733845.0,223492821.0,582617.0,728393.0,1.1002803271647192,1.3232364407803505,0.7998662809774394
2024-07-26,525495.0,558717.0,237738177.0,191677894.0,621592.0,803319.0,0.9405387700750112,1.2403004438268714,0.7737797811330244
2024-07-29,275443.0,314639.0,116025616.0,106788505.0,649844.0,847014.0,0.8754254876223228,1.0864991133643083,0.7672175430394302
2024-07-30,516110.0,579880.0,231556459.0,180044274.0,660447.0,910554.0,0.8900289715113472,1.2861084324181284,0.7253243629702357
2024-07-31,633073.0,793224.0,213128412.0,280659899.0,694289.0,851572.0,0.7981011668835033,0.7593831992364538,0.8153027577233634
2024-08-01,321837.0,391383.0,117856119.0,133757980.0,710768.0,913796.0,0.8223070496163605,0.8811146744291444,0.7778191193658103
2024-08-02,462557.0,482277.0,178743238.0,148236094.0,713679.0,949856.0,0.9591106355890909,1.205801051395755,0.7513549422228212
2024-08-05,828167.0,729799.0,332048767.0,247563886.0,721370.0,969008.0,1.134787797736089,1.3412649654400723,0.7444417383551013
2024-08-06,776346.0,830440.0,356691901.0,234992561.0,721886.0,1068949.0,0.9348610375222773,1.5178859257591564,0.6753231445092329
2024-08-07,475614.0,524654.0,195091477.0,149634624.0,746507.0,1074661.0,0.9065288742676125,1.3037856599285471,0.6946441715108299
2024-08-08,497716.0,528533.0,188671924.0,148346282.0,747044.0,1086779.0,0.941693328514965,1.2718345310467571,0.6873927449831106
2024-08-09,375004.0,444401.0,141040975.0,124233842.0,745519.0,1089752.0,0.8438414855052081,1.1352862692598689,0.684118037865496
2024-08-12,304549.0,341268.0,118681646.0,85372473.0,747801.0,1110281.0,0.8924042101808549,1.3901629158616502,0.6735240898475251
2024-08-13,327667.0,412431.0,126992620.0,104694131.0,743412.0,1132817.0,0.7944771367816678,1.212987001152911,0.6562507448246274
2024-08-14,304912.0,328223.0,118862366.0,85276293.0,745350.0,1158316.0,0.9289781642359006,1.3938500586558096,0.6434772549114404
2024-08-15,703108.0,859877.0,224820588.0,250207919.0,780398.0,1102279.0,0.8176843897441146,0.8985350619538145,0.707985909193589
2024-08-16,419701.0,508080.0,130119865.0,156305320.0,795196.0,1091552.0,0.8260529837820816,0.8324724008114375,0.7285003371346487
2024-08-19,458270.0,532560.0,116654494.0,172637985.0,814190.0,1073577.0,0.8605039807721195,0.6757174210530782,0.758389943152657
2024-08-20,485945.0,552336.0,149328486.0,151337534.0,800523.0,1084322.0,0.8797996147272674,0.9867247209142446,0.7382705506297945
2024-08-21,455828.0,471962.0,143128998.0,118545454.0,793280.0,1090145.0,0.9658150444315432,1.2073765224265791,0.7276830146448409
2024-08-22,432709.0,443102.0,145186389.0,119526314.0,803803.0,1075352.0,0.9765449038821761,1.2146813880665641,0.7474789650272655
2024-08-23,518701.0,553867.0,149133193.0,149701672.0,816268.0,1038802.0,0.9365082230932696,0.9962025875034983,0.785778233003017
2024-08-26,403253.0,461479.0,128322830.0,123473554.0,781273.0,1028798.0,0.8738274114315061,1.0392738027124415,0.75940369246441
2024-08-27,319324.0,382643.0,103614422.0,84629801.0,768469.0,1025517.0,0.8345219956983402,1.2243254831711112,0.7493478898935854
2024-08-28,599290.0,577709.0,209926973.0,142942686.0,737805.0,1064581.0,1.0373561775911402,1.4686094047512162,0.693047311571407
2024-08-29,404327.0,427225.0,136818092.0,117023547.0,600319.0,719769.0,0.9464029492656094,1.16915010275667,0.8340439779984967
2024-08-30,664351.0,782662.0,206459057.0,248992632.0,635296.0,736483.0,0.8488351293406349,0.8291773750156591,0.8626078266572345
2024-09-02,496807.0,620415.0,184024678.0,151820593.0,634796.0,840383.0,0.800765616563107,1.2121193466817772,0.7553651132876319
2024-09-03,413539.0,528702.0,169859602.0,133068273.0,657789.0,921094.0,0.7821778620092226,1.2764846057632386,0.7141388392498486
2024-09-04,464790.0,564013.0,178058731.0,138529938.0,662530.0,990300.0,0.8240767500039893,1.2853447678580496,0.6690194890437241
2024-09-05,365745.0,431749.0,138814775.0,112182415.0,684182.0,1035783.0,0.8471241392568367,1.23740227022212,0.6605456934512345
2024-09-06,385602.0,524022.0,138832990.0,134235770.0,697727.0,1047436.0,0.7358507848907107,1.0342473544868107,0.6661285271844771
2024-09-09,660398.0,791020.0,281707635.0,162200954.0,686309.0,1155183.0,0.8348689034411266,1.736781615970027,0.5941127942499154
2024-09-10,539465.0,540364.0,200177280.0,132324349.0,714886.0,1178027.0,0.9983363066377479,1.5127773649579792,0.606850267438692
2024-09-11,417243.0,539132.0,175935716.0,125612965.0,719854.0,1236381.0,0.773916220888391,1.4006174919921681,0.5822266760812403
2024-09-12,399100.0,599313.0,178882905.0,126167125.0,717250.0,1267203.0,0.6659291555497712,1.4178250079012262,0.5660103393063306
2024-09-13,431529.0,590822.0,174307385.0,125523967.0,712563.0,1270743.0,0.730387494033736,1.3886382749519062,0.5607451703452232
2024-09-18,599807.0,687820.0,243832545.0,147771859.0,725742.0,1254952.0,0.8720406501701027,1.6500607534483274,0.5783025964339672
2024-09-19,801770.0,1042559.0,326050212.0,270930659.0,737206.0,1208423.0,0.7690404092238425,1.2034452402081228,0.6100562468605778
2024-09-20,559677.0,728088.0,222534898.0,175053811.0,732227.0,1203559.0,0.768694168836734,1.2712370940613227,0.6083847987510376
2024-09-23,571941.0,670117.0,214255291.0,178912812.0,708863.0,1162936.0,0.8534942405579921,1.1975402354080713,0.6095460111304492
2024-09-24,1312839.0,1982200.0,377964211.0,704255306.0,834876.0,873331.0,0.6623140954495006,0.5366863519236303,0.9559674396076631
2024-09-25,1133975.0,1780385.0,327010832.0,967232337.0,950357.0,781225.0,0.6369268444746502,0.33808922581545164,1.2164958878684118
2024-09-26,1376619.0,1830833.0,449329703.0,1170723979.0,832139.0,634083.0,0.7519085574708343,0.38380498824650794,1.3123502759102514
2024-09-27,1528843.0,1832796.0,623124019.0,2186063242.0,902489.0,629363.0,0.8341588480114536,0.2850439122840345,1.4339721273732329
2024-09-30,1451806.0,1346087.0,598066039.0,2399812956.0,969953.0,586056.0,1.0785380142591081,0.2492136053790019,1.6550517356703114
2024-10-08,958076.0,827415.0,580750466.0,2082236063.0,999488.0,594970.0,1.1579147102723542,0.2789071212047296,1.6798964653680017
2024-10-09,843339.0,1108438.0,585869842.0,1167355565.0,990019.0,724553.0,0.7608355180894195,0.5018777993318599,1.3663858958557897
2024-10-10,961206.0,1421800.0,577839421.0,1387197284.0,987696.0,764960.0,0.6760486706991138,0.41655172459233275,1.2911733946873039
2024-10-11,899376.0,1253656.0,504947134.0,842348367.0,952539.0,861836.0,0.717402541047943,0.5994516684330439,1.1052439211172427
2024-10-14,885186.0,1291025.0,444383876.0,885701301.0,995972.0,890797.0,0.6856459015123642,0.5017310864263933,1.1180684263642557
2024-10-15,887427.0,1084438.0,380763098.0,568043561.0,991896.0,950845.0,0.8183289408891979,0.670306159847484,1.043173177542081
2024-10-16,905303.0,1199092.0,388957738.0,490456368.0,1015891.0,1002412.0,0.7549904427683614,0.7930526819054371,1.0134465668806838
2024-10-17,980976.0,1255805.0,421509683.0,516948142.0,1004894.0,1061717.0,0.78115312488802,0.8153809807096666,0.9464800883851346
2024-10-18,1314338.0,2184647.0,576186743.0,1101400034.0,1028219.0,975572.0,0.601624884935644,0.5231402989043307,1.0539652634556957
2024-10-21,727373.0,1274070.0,323654589.0,693819366.0,1012466.0,939158.0,0.5709050523126673,0.46648249509945217,1.0780571533224441
2024-10-22,639839.0,932648.0,230086211.0,467550333.0,1039190.0,969351.0,0.6860455391530352,0.492110035562738,1.0720471738307382
2024-10-23,643111.0,1057322.0,264836194.0,618791371.0,1034966.0,937368.0,0.6082451703454577,0.427989474985746,1.1041191933157521
2024-10-24,382861.0,508217.0,206266898.0,300388655.0,641938.0,693433.0,0.7533415844019385,0.6866667384625428,0.9257390403975583
2024-10-25,442881.0,776919.0,237198569.0,471870709.0,673390.0,709952.0,0.5700478428253138,0.5026770352045734,0.948500743712251
2024-10-28,319247.0,460330.0,167315420.0,274729063.0,690702.0,741133.0,0.6935176938283405,0.6090197308320452,0.9319541836620417
2024-10-29,403925.0,635916.0,224894491.0,414797901.0,700450.0,776250.0,0.6351860937608111,0.5421784692203637,0.9023510466988728
2024-10-30,485277.0,552323.0,277179505.0,322243732.0,712230.0,850429.0,0.8786108852971902,0.8601548377052683,0.8374949584268646
2024-10-31,477848.0,810557.0,297328423.0,469982256.0,716379.0,852661.0,0.5895304093358024,0.632637550044017,0.8401686015896118
2024-11-01,411159.0,711530.0,248866501.0,496608457.0,738211.0,835381.0,0.5778519528340337,0.5011322249794067,0.8836818170391714
2024-11-04,326538.0,427248.0,177558669.0,265330660.0,745598.0,877462.0,0.7642821031344793,0.6691977059869372,0.8497211275246107
2024-11-05,543978.0,1015111.0,295265832.0,750757839.0,780906.0,870493.0,0.5358803125963565,0.39329037495404695,0.8970847554202044
2024-11-06,572296.0,852059.0,295906497.0,600671819.0,789270.0,936341.0,0.6716624083543511,0.4926259025979043,0.8429300863681074
2024-11-07,752004.0,1158568.0,347384892.0,929087022.0,847910.0,917558.0,0.6490805891410776,0.3738991975716135,0.9240941717035871
2024-11-08,631125.0,1036046.0,327878291.0,818293624.0,854763.0,987927.0,0.6091669674898604,0.4006853791640933,0.8652086642029219
2024-11-11,630083.0,1035261.0,313295032.0,544972583.0,876894.0,1065402.0,0.6086223667268448,0.5748821899908312,0.8230639702196917
2024-11-12,767182.0,1001659.0,359392545.0,537759406.0,868256.0,1136614.0,0.7659113530652647,0.6683147537543955,0.763896978217759
2024-11-13,559044.0,713251.0,248799098.0,359290024.0,892906.0,1148466.0,0.7837970083462904,0.6924742725392231,0.7774770868271241
2024-11-14,534648.0,684035.0,240279589.0,338283145.0,886938.0,1204757.0,0.7816091281878851,0.7102913418875776,0.7361965940019439
2024-11-15,585511.0,757113.0,285859197.0,331488575.0,862553.0,1271861.0,0.7733469112272541,0.8623500734527577,0.6781818138931849
2024-11-18,868693.0,1022878.0,376802233.0,437702075.0,862217.0,1266178.0,0.8492635485365801,0.860864625784559,0.6809603389096952
2024-11-19,893484.0,894165.0,402517923.0,345349658.0,842396.0,1326342.0,0.9992383955981279,1.1655373436043768,0.6351272899448257
2024-11-20,431861.0,602502.0,184894093.0,224566543.0,855232.0,1311771.0,0.7167793633880053,0.823337664328742,0.6519674546853071
2024-11-21,399972.0,544258.0,160075900.0,188580552.0,847038.0,1296835.0,0.7348941127186004,0.8488462797584769,0.6531578805322188
2024-11-22,819610.0,954846.0,379613091.0,287663300.0,797984.0,1365600.0,0.8583687840761757,1.3196438023202821,0.5843468072642062
2024-11-25,891899.0,947917.0,469823681.0,261368277.0,764796.0,1361446.0,0.9409041086930606,1.7975543413021007,0.5617527246765571
2024-11-26,703206.0,767282.0,338696449.0,230879002.0,785889.0,1359390.0,0.916489634840906,1.4669868028968698,0.5781188621366936
2024-11-27,698693.0,908426.0,340697162.0,312956325.0,788059.0,1343082.0,0.7691248379064448,1.0886412409143673,0.5867541966908946
2024-11-28,368810.0,492906.0,175296338.0,199232127.0,626869.0,845397.0,0.7482359719703148,0.8798597928937435,0.741508427401564
2024-11-29,549780.0,838865.0,251838269.0,388910796.0,675885.0,877250.0,0.6553855507143581,0.6475476422619032,0.7704588201766885
2024-12-02,424439.0,605627.0,201338599.35000002,287765104.95,698126.0,892011.0,0.7008257557869778,0.6996630094708084,0.782642814942865
2024-12-03,443843.0,583851.0,202815159.39000002,296226217.58,723389.0,889883.0,0.7601990918915956,0.6846630964905291,0.8129034940548364
2024-12-04,376772.0,549539.0,175704997.82,296259859.04999995,723756.0,890570.0,0.6856146697504636,0.5930773017425427,0.8126885028689491
2024-12-05,308427.0,404270.0,139717861.75,182817262.10999998,723753.0,937664.0,0.7629232938382764,0.7642487374410665,0.771868174527336
2024-12-06,536286.0,806033.0,217625627.09999996,425108763.5500001,763148.0,930298.0,0.6653400046896343,0.5119292890662873,0.8203263900384608
2024-12-09,453076.0,634033.0,177550075.01,313259620.96,769967.0,955616.0,0.7145937198852426,0.5667825124281539,0.80572845159562
2024-12-10,671515.0,1137112.0,244988066.75,640301208.59,783813.0,948954.0,0.5905442911516192,0.38261378155053843,0.8259757585720698
2024-12-11,406825.0,522023.0,159287583.2,225704466.64000002,800118.0,997809.0,0.7793238995216686,0.7057351835844021,0.8018749079232599
2024-12-12,639252.0,762407.0,198285230.57000002,375077241.36,838277.0,982906.0,0.8384655439942184,0.5286517247781648,0.8528557156025093
2024-12-13,956266.0,983624.0,354348720.25,353321773.4,796544.0,1092165.0,0.972186526558929,1.0029065484419988,0.7293256971245188
2024-12-16,573585.0,586029.0,199924648.2,194121848.72,802411.0,1108371.0,0.9787655559707796,1.0298925624202657,0.7239552460322402
2024-12-17,739193.0,769775.0,248835048.46,297896794.44,828597.0,1100617.0,0.960271507908155,0.835306230561398,0.7528477208692942
2024-12-18,647938.0,685042.0,182134417.84,282655872.19,833895.0,1074503.0,0.9458368975916805,0.6443680664719043,0.7760750784316097
2024-12-19,622851.0,658677.0,215879006.2,257665438.7,834488.0,1082545.0,0.9456091528928443,0.8378267853429424,0.7708575625031754
2024-12-20,609290.0,696733.0,189610231.09,250490860.07,826657.0,1104021.0,0.874495681990088,0.756954689033417,0.7487692715990004
2024-12-23,795950.0,938646.0,241707958.48000002,369140810.19,800055.0,1014534.0,0.8479767665339223,0.654785252152399,0.7885935808952682
2024-12-24,653195.0,790853.0,187087048.73,300763026.78999996,830710.0,975081.0,0.8259373107265193,0.6220413816377394,0.8519394798996186
2024-12-25,592966.0,841443.0,180870374.28,374271224.54,840588.0,949885.0,0.7047013285510724,0.483260166480337,0.884936597588129
2024-12-26,327693.0,330308.0,106089000.1,154301773.97,549231.0,573534.0,0.9920831466388946,0.6875423228810464,0.9576258774545188
2024-12-27,378175.0,448581.0,150136542.91,233409771.94,578919.0,618241.0,0.8430472980353604,0.6432316079233987,0.9363969714075903
2024-12-30,318263.0,418105.0,114987740.27,222384153.56,619389.0,644289.0,0.7612035254302149,0.5170680483714228,0.9613527469815564
2024-12-31,564783.0,629001.0,224541062.19000003,329416206.36,607212.0,695561.0,0.8979047728064026,0.6816333193534869,0.8729816651594899
2025-01-02,1044641.0,939331.0,471670604.59,315894808.25,614688.0,827919.0,1.1121117050326244,1.4931255350569692,0.7424494425179274
2025-01-03,758005.0,740066.0,370984148.25,269891677.77000004,633414.0,889461.0,1.0242397299700297,1.374566831090473,0.712132403781616
2025-01-06,907185.0,709505.0,441000747.76000005,248825269.47,633404.0,941372.0,1.2786167821227477,1.7723310365516152,0.6728519650042704
2025-01-07,500532.0,490704.0,202531603.54,180272387.26999998,646614.0,977943.0,1.0200283674068278,1.1234754618113623,0.6611980452848479
2025-01-08,799772.0,829926.0,330922584.76,287684765.05,661023.0,980172.0,0.9636666401582792,1.150295827109528,0.6743949021192199
2025-01-09,451259.0,440645.0,167753869.71,137508126.59,663729.0,1017811.0,1.024087417308718,1.2199560409268173,0.6521141940890794
2025-01-10,587461.0,585747.0,233942725.20000002,181279862.0,663467.0,1049231.0,1.0029261780256664,1.290505865455701,0.632336444500782
2025-01-13,629611.0,552498.0,268805700.45,171733013.32,670362.0,1100057.0,1.1395715459603473,1.5652535016614357,0.6093884225999199
2025-01-14,798175.0,1174031.0,265698699.03,394214633.09999996,709932.0,1035981.0,0.6798585386586896,0.6739950187556851,0.6852751160494256
2025-01-15,449776.0,548456.0,152569281.48000002,176858791.70999998,702294.0,1050038.0,0.8200767244774422,0.8626615618304794,0.6688272233957248
2025-01-16,724805.0,757428.0,246113397.32,236274368.77999997,698200.0,1059803.0,0.956929239478868,1.0416423863104733,0.6588016829542849
2025-01-17,884292.0,862172.0,240473474.5,261080884.33,688629.0,1024202.0,1.0256561335789147,0.9210688676695582,0.6723566249626538
2025-01-20,584995.0,824061.0,197754024.92000002,268295345.69,667482.0,989191.0,0.7098928356031896,0.7370758684293149,0.6747756500008593
2025-01-21,450664.0,586359.0,186174317.35,172745142.1,655123.0,1019930.0,0.7685803407127715,1.0777398141953307,0.6423215318698342
2025-01-22,771947.0,797689.0,342698319.21999997,219451032.25,632763.0,1133540.0,0.967729277951683,1.5616163465095751,0.55821850133211
2025-01-23,508908.0,778127.0,263910579.37,383361217.05,562141.0,723402.0,0.654016632246407,0.6884123057643031,0.7770796873660841
2025-01-24,328276.0,461556.0,172028975.07,235404850.95000002,582030.0,729257.0,0.7112376396363604,0.7307792272578909,0.798113696543194
2025-01-27,276105.0,371360.0,129553918.96000001,183394134.15,601847.0,751722.0,0.7434968763464024,0.7064234609272535,0.8006244329685708
2025-02-05,401198.0,569123.0,173124193.93,177221510.38000003,618901.0,847671.0,0.7049407597303219,0.9768802531858886,0.7301193505499185
2025-02-06,390390.0,607036.0,159421625.79,203826426.27,668903.0,874590.0,0.64310848121034,0.782144046321163,0.7648189437336352
2025-02-07,634563.0,1020748.0,237787531.1,408228522.51,695469.0,858316.0,0.6216647007880496,0.582486323194566,0.8102715083955093
2025-02-10,354477.0,471360.0,119744208.35,196173825.36,716015.0,876939.0,0.7520302953156823,0.6103984980170343,0.8164935075301702
2025-02-11,248360.0,370683.0,87480123.68,132166563.6,710417.0,888356.0,0.6700064475576166,0.6618930030197139,0.7996985442772943
2025-02-12,434058.0,572626.0,145303888.55,229866421.29000002,733254.0,858721.0,0.7580130835833511,0.6321231597662726,0.8538908446398772
2025-02-13,605847.0,842710.0,189306524.42999998,370812925.57,734468.0,838954.0,0.7189270330244093,0.510517598972595,0.8754568188482325
2025-02-14,557440.0,722525.0,168682473.83,293412632.18,748497.0,833912.0,0.7715165565205356,0.5748984717417288,0.897573125221846
2025-02-17,509846.0,710023.0,166964386.01000002,298499833.92,757580.0,855176.0,0.7180696963337807,0.5593449879598513,0.8858761237452876
2025-02-18,628678.0,798983.0,194443993.44000003,328137176.40000004,756627.0,840586.0,0.786847780240631,0.5925692284344286,0.9001184887685496
2025-02-19,444644.0,579898.0,139221903.51000002,229656715.72,767294.0,833707.0,0.7667624306343529,0.6062174279272586,0.9203401194904205
2025-02-20,397623.0,496323.0,132326249.08,172904646.15,748789.0,864027.0,0.8011375656578478,0.7653134373566977,0.8666268530960259
2025-02-21,632683.0,1013452.0,182137967.69,372004199.07,784203.0,841890.0,0.6242851166113442,0.4896126660541461,0.9314791718633075
2025-02-24,437389.0,642816.0,126821388.15,213887290.15,755812.0,874538.0,0.6804264361808045,0.5929355973469002,0.8642414623492632
2025-02-25,491969.0,628608.0,158454798.16000003,188414262.75,754113.0,931695.0,0.782632419568316,0.8409915249900582,0.8093989985993271
2025-02-26,442505.0,611339.0,143150611.93,218563904.21,782658.0,895341.0,0.7238291684319175,0.6549599873200398,0.8741451581017735
2025-02-27,391284.0,533082.0,139901411.29,239669854.49999997,594360.0,698328.0,0.7340033991018268,0.5837255235201055,0.8511186720280441
2025-02-28,481467.0,567255.0,192699365.18,248961958.26999998,610538.0,791856.0,0.8487664277970225,0.7740112847723385,0.7710214988583783
2025-03-03,416828.0,540459.0,168614790.61,183423502.58,632082.0,859082.0,0.7712481427823387,0.9192649155549671,0.7357644555467348
2025-03-04,335962.0,405892.0,140762749.47,132982251.66,645824.0,889379.0,0.8277127905945424,1.0585077911742136,0.7261516181515417
2025-03-05,350706.0,461629.0,128705949.39999999,157129821.25,666605.0,893718.0,0.7597139694429943,0.8191058092990734,0.7458784538299553
2025-03-06,552213.0,879178.0,165374586.82999998,354072873.95000005,680823.0,801567.0,0.6281014766065575,0.4670637007153311,0.8493650561961757
2025-03-07,325230.0,432756.0,94675090.80999999,169530375.68,682007.0,819839.0,0.7515320411502093,0.5584550286652205,0.831879186035307
2025-03-10,414279.0,488697.0,140570924.81,163368550.23,670651.0,871854.0,0.8477215943621508,0.8604527897939712,0.769223975573892
2025-03-11,368765.0,465872.0,125898524.42,161058747.63,686569.0,869914.0,0.7915586255452142,0.7816931788717647,0.7892377867237451
2025-03-12,383418.0,472807.0,125883712.83,175656507.83,682948.0,903963.0,0.8109397703502698,0.7166470197154892,0.7555043735197127
2025-03-13,465907.0,562781.0,154485090.25,201571435.29,677544.0,920944.0,0.8278655462782148,0.7664036822863465,0.735705971264268
2025-03-14,992679.0,1500745.0,253992424.04999998,654549074.5799999,781773.0,804020.0,0.6614574761201937,0.38804183508009327,0.9723302902912863
2025-03-17,495857.0,713335.0,139636197.36,282533563.11,803115.0,847769.0,0.6951250113901603,0.4942287062214794,0.9473276328811269
2025-03-18,413013.0,496583.0,104573222.69999999,190216356.54,812053.0,869745.0,0.831709905494147,0.5497593614038634,0.9336679141587477
2025-03-19,444477.0,565217.0,122240443.65,229069745.75,817913.0,877107.0,0.7863829290343355,0.5336385355026746,0.9325122248482797
2025-03-20,683561.0,750597.0,200334463.45,244573706.70999998,779896.0,936887.0,0.9106897576196015,0.8191169285729636,0.8324333670976329
2025-03-21,848448.0,1012698.0,307498411.61,296880690.7,743891.0,1059635.0,0.8378094950320826,1.0357642690906068,0.7020256975279223
2025-03-24,525481.0,705486.0,173442666.67999998,203727456.88,707631.0,986739.0,0.7448496497449985,0.851346545704743,0.7171410068924001
2025-03-25,401786.0,515774.0,123122597.23,152615945.76,724665.0,992994.0,0.7789962270296681,0.8067479228128593,0.7297778234309573
2025-03-26,553254.0,592890.0,213869567.77,174451185.07,705291.0,1022907.0,0.9331478014471487,1.2259565200671068,0.6894966991134092
2025-03-27,429042.0,513950.0,149682532.48000002,196846856.1,487336.0,600953.0,0.8347932678276097,0.7604009301726411,0.8109386258159956
2025-03-28,417867.0,450785.0,163526127.01999998,166022216.75,496276.0,650440.0,0.9269762747207649,0.984965327057651,0.7629850562696021
2025-03-31,550208.0,615418.0,222386122.4,224443120.44,512186.0,724561.0,0.8940394983572141,0.9908351031835262,0.7068914832567582
2025-04-01,282542.0,325490.0,108338023.64,106133063.67,527695.0,748592.0,0.8680512458140035,1.0207754293879228,0.7049166969457328
2025-04-02,265231.0,292415.0,102567477.55,95643302.67,540891.0,776799.0,0.9070362327513979,1.072395815354585,0.6963075390158844
2025-04-03,502185.0,501519.0,195368269.6,181408243.35,573932.0,794773.0,1.0013279656403846,1.076953648810028,0.7221332380440705
2025-04-07,1115519.0,1418648.0,1258632682.75,530302434.87,513265.0,956993.0,0.7863254309737158,2.373424295248701,0.5363309867470295
2025-04-08,746125.0,952412.0,495876342.26,407202679.48,558993.0,970323.0,0.7834057109738223,1.2177629648538577,0.5760896113974419
2025-04-09,718238.0,834037.0,381249663.83,384144025.44,594855.0,959765.0,0.8611584378151089,0.9924654259383969,0.61979234500112
2025-04-10,594224.0,752633.0,230152027.01999998,316055242.88,616618.0,961073.0,0.789526900893264,0.7282018957280333,0.6415933024858673
2025-04-11,525199.0,631330.0,217511945.72,241334998.44000003,637145.0,955893.0,0.8318929878193655,0.9012863742350125,0.6665442680299992
2025-04-14,451959.0,495478.0,139192433.32,197752791.71999997,654506.0,942171.0,0.9121676441739088,0.7038708890496164,0.6946785668419002
2025-04-15,518360.0,531891.0,158772934.64,171384853.01,679002.0,928298.0,0.9745605772611305,0.9264117093868026,0.7314483064705515
2025-04-16,641742.0,643773.0,202805096.96,228618993.98,693795.0,900882.0,0.9968451612602579,0.8870876974366433,0.7701286072981811
2025-04-17,537674.0,667890.0,158063780.32,255754821.91,694470.0,891268.0,0.8050337630448128,0.6180285444456745,0.7791932392950268
2025-04-18,517865.0,607157.0,129922778.41,182270273.18,688670.0,894799.0,0.8529342492963106,0.7128028950815006,0.7696365328973322
2025-04-21,431240.0,524202.0,120585484.34,177975516.04,680187.0,879802.0,0.822659966959302,0.6775397370551712,0.7731137233150186
2025-04-22,353590.0,435342.0,109668419.62,158171968.94,685130.0,837505.0,0.812212008030468,0.6933492726615862,0.8180607876967899
2025-04-23,407831.0,495698.0,125642369.7,165653045.08999997,680958.0,838056.0,0.8227408623799168,0.7584670093552339,0.8125447464131276
2025-04-24,317136.0,312255.0,121612953.46000001,142428690.74,504912.0,525478.0,1.0156314550607677,0.8538515156472328,0.9608623006101111
2025-04-25,278421.0,292432.0,112736175.75,139236071.13,522515.0,565308.0,0.9520880067844832,0.8096765072086963,0.9243014427533309
2025-04-28,269308.0,262175.0,110531734.50999999,118426471.49000001,552917.0,569279.0,1.0272070182130257,0.9333363826459471,0.9712583812155375
2025-04-29,227373.0,233092.0,93050501.36,98317340.92,559951.0,588794.0,0.9754646234104989,0.9464302074210328,0.9510134274466112
2025-04-30,320683.0,340184.0,127602258.56,140286787.54000002,574995.0,629382.0,0.9426751405121934,0.9095814423978932,0.9135866612009876
