date,raw_value,signal
2010-01-04,,0
2010-01-05,,0
2010-01-06,,0
2010-01-07,,0
2010-01-08,,0
2010-01-11,,0
2010-01-12,,0
2010-01-13,,0
2010-01-14,,0
2010-01-15,,0
2010-01-18,,0
2010-01-19,,0
2010-01-20,,0
2010-01-21,,0
2010-01-22,,0
2010-01-25,,0
2010-01-26,,0
2010-01-27,,0
2010-01-28,,0
2010-01-29,,0
2010-02-01,,0
2010-02-02,,0
2010-02-03,,0
2010-02-04,,0
2010-02-05,,0
2010-02-08,,0
2010-02-09,,0
2010-02-10,,0
2010-02-11,,0
2010-02-12,,0
2010-02-22,,0
2010-02-23,,0
2010-02-24,,0
2010-02-25,,0
2010-02-26,,0
2010-03-01,,0
2010-03-02,,0
2010-03-03,,0
2010-03-04,,0
2010-03-05,,0
2010-03-08,,0
2010-03-09,,0
2010-03-10,,0
2010-03-11,,0
2010-03-12,,0
2010-03-15,,0
2010-03-16,,0
2010-03-17,,0
2010-03-18,,0
2010-03-19,,0
2010-03-22,,0
2010-03-23,,0
2010-03-24,,0
2010-03-25,,0
2010-03-26,,0
2010-03-29,,0
2010-03-30,,0
2010-03-31,,0
2010-04-01,,0
2010-04-02,-0.9053448571558608,0
2010-04-06,-0.9050352065730765,0
2010-04-07,-0.9048859647236742,0
2010-04-08,-0.9048515345098161,0
2010-04-09,-0.9037689006159865,0
2010-04-12,-0.9037128988820666,0
2010-04-13,-0.9040756302665105,0
2010-04-14,-0.9032021546210031,0
2010-04-15,-0.9027865146871054,0
2010-04-16,-0.9043211344653744,0
2010-04-19,-0.9052749684097704,0
2010-04-20,-0.9049646029980843,0
2010-04-21,-0.904034093983693,0
2010-04-22,-0.903349734127273,0
2010-04-23,-0.9039311384963469,0
2010-04-26,-0.903354674487539,0
2010-04-27,-0.9031469409190981,0
2010-04-28,-0.9023382771587865,0
2010-04-29,-0.9023659103117796,0
2010-04-30,-0.9037063602285456,0
2010-05-04,-0.9042287406955829,0
2010-05-05,-0.9036156323377594,0
2010-05-06,-0.9044342934642594,0
2010-05-07,-0.9060800334688464,0
2010-05-10,-0.9083706773574183,0
2010-05-11,-0.9093398532240093,0
2010-05-12,-0.9118116235120906,0
2010-05-13,-0.91095734685288,0
2010-05-14,-0.9104376881562583,0
2010-05-17,-0.9107061040437754,0
2010-05-18,-0.9122253286152826,0
2010-05-19,-0.9131612487607011,0
2010-05-20,-0.9150297064443109,0
2010-05-21,-0.9156496241336652,0
2010-05-24,-0.9158105451130633,0
2010-05-25,-0.916050202872599,0
2010-05-26,-0.9179352060345953,0
2010-05-27,-0.9170946231460924,0
2010-05-28,-0.9183204771983868,0
2010-05-31,-0.9181824986454749,0
2010-06-01,-0.9188084652352855,0
2010-06-02,-0.9191092900544163,0
2010-06-03,-0.9198951679581369,0
2010-06-04,-0.9195369853669937,0
2010-06-07,-0.9192083755079016,0
2010-06-08,-0.9181427601560175,0
2010-06-09,-0.917015342125164,0
2010-06-10,-0.9187976904772578,0
2010-06-11,-0.920539217203302,0
2010-06-17,-0.9213853250473767,0
2010-06-18,-0.9234296679275121,0
2010-06-21,-0.9230337152920647,0
2010-06-22,-0.9222373954045123,0
2010-06-23,-0.9224229442796968,0
2010-06-24,-0.9219820771229149,0
2010-06-25,-0.9231185730226178,0
2010-06-28,-0.9237724873359213,0
2010-06-29,-0.9248174645850004,0
2010-06-30,-0.9253018242909299,0
2010-07-01,-0.9265948667165105,0
2010-07-02,-0.9270713669578247,0
2010-07-05,-0.9274277538446686,0
2010-07-06,-0.926597295322055,0
2010-07-07,-0.9257831013458685,0
2010-07-08,-0.926514011790149,0
2010-07-09,-0.9254370046045782,0
2010-07-12,-0.924668772329157,0
2010-07-13,-0.9263000044677681,0
2010-07-14,-0.9255731600747155,0
2010-07-15,-0.9257002525422064,0
2010-07-16,-0.9247487384237186,0
2010-07-19,-0.9249309323302879,0
2010-07-20,-0.9248219635989962,0
2010-07-21,-0.924844279700448,0
2010-07-22,-0.9237192005331288,0
2010-07-23,-0.923894471464081,0
2010-07-26,-0.9225469533744989,0
2010-07-27,-0.9226287583127145,0
2010-07-28,-0.9206755791938688,0
2010-07-29,-0.9188951098452752,0
2010-07-30,-0.9189574376035308,0
2010-08-02,-0.9191273169676375,0
2010-08-03,-0.9189370125566019,0
2010-08-04,-0.9180994652446225,0
2010-08-05,-0.9175444725091904,0
2010-08-06,-0.9154603227275518,0
2010-08-09,-0.9142896873636045,0
2010-08-10,-0.9160467476197235,0
2010-08-11,-0.9157847820269535,0
2010-08-12,-0.9155521096109052,0
2010-08-13,-0.9147101483222723,0
2010-08-16,-0.9133368839822514,0
2010-08-17,-0.9122836047671965,0
2010-08-18,-0.9125612312255846,0
2010-08-19,-0.9141627793796446,0
2010-08-20,-0.9141934834301892,0
2010-08-23,-0.9135454902009832,0
2010-08-24,-0.913857667352689,0
2010-08-25,-0.9144052422699951,0
2010-08-26,-0.9134185152307521,0
2010-08-27,-0.9134417257319274,0
2010-08-30,-0.9129284729706727,0
2010-08-31,-0.9120047042728046,0
2010-09-01,-0.9126547710273132,0
2010-09-02,-0.9109295599684989,0
2010-09-03,-0.9105142471577005,0
2010-09-06,-0.9113592083591215,0
2010-09-07,-0.9107127358784827,0
2010-09-08,-0.9093914907949766,0
2010-09-09,-0.9086578263835899,0
2010-09-10,-0.9069393208974009,0
2010-09-13,-0.9070160262175416,0
2010-09-14,-0.9067782192991903,0
2010-09-15,-0.9065368079012269,0
2010-09-16,-0.9064722857348204,0
2010-09-17,-0.9056734754117775,0
2010-09-20,-0.9047003729277922,0
2010-09-21,-0.9035659129994423,0
2010-09-27,-0.9010895887610914,0
2010-09-28,-0.900054087499544,0
2010-09-29,-0.8997824922136609,0
2010-09-30,-0.8984321683425095,0
2010-10-08,-0.8977098221246281,0
2010-10-11,-0.8975905656061325,0
2010-10-12,-0.896982877819042,0
2010-10-13,-0.8983571701064633,0
2010-10-14,-0.8993200433766313,0
2010-10-15,-0.8987546368364295,0
2010-10-18,-0.8995876769364358,0
2010-10-19,-0.898013184519126,0
2010-10-20,-0.8983493631894717,0
2010-10-21,-0.898409931567564,0
2010-10-22,-0.8992416084799709,0
2010-10-25,-0.8980770035309713,0
2010-10-26,-0.8981831810106925,0
2010-10-27,-0.8982080827420088,0
2010-10-28,-0.8990880543466219,0
2010-10-29,-0.8977790866023976,0
2010-11-01,-0.8975933997284089,0
2010-11-02,-0.8983775935912665,0
2010-11-03,-0.8984615051711163,0
2010-11-04,-0.897283766284133,0
2010-11-05,-0.8956420583955912,0
2010-11-08,-0.895005076459365,0
2010-11-09,-0.8945770536086392,0
2010-11-10,-0.8957255361972176,0
2010-11-11,-0.8970747361413723,0
2010-11-12,-0.8969036016232583,0
2010-11-15,-0.8963285838023033,0
2010-11-16,-0.8962640740598766,0
2010-11-17,-0.898231370062556,0
2010-11-18,-0.8987254757596793,0
2010-11-19,-0.8980049643706278,0
2010-11-22,-0.8975279529446321,0
2010-11-23,-0.8981381886134028,0
2010-11-24,-0.8968159553672829,0
2010-11-25,-0.8964967170552705,0
2010-11-26,-0.8973657989857425,0
2010-11-29,-0.8970688884312451,0
2010-11-30,-0.8975893860486145,0
2010-12-01,-0.8970812295354993,0
2010-12-02,-0.8981183570792496,0
2010-12-03,-0.8991219302052161,0
2010-12-06,-0.8995706581669844,0
2010-12-07,-0.9004683238066764,0
2010-12-08,-0.9016000602521308,0
2010-12-09,-0.9023593344135821,0
2010-12-10,-0.9025176651605101,0
2010-12-13,-0.902518504943467,0
2010-12-14,-0.9022387463397447,0
2010-12-15,-0.9033099035792024,0
2010-12-16,-0.9049715455615198,0
2010-12-17,-0.9058470872559601,0
2010-12-20,-0.9056313058538655,0
2010-12-21,-0.9048684602140966,0
2010-12-22,-0.9057406702214068,0
2010-12-23,-0.906761905083673,0
2010-12-24,-0.9072940984017682,0
2010-12-27,-0.9102426011522836,0
2010-12-28,-0.9119193253636003,0
2010-12-29,-0.9118409419373974,0
2010-12-30,-0.9133499883930788,0
2010-12-31,-0.9143925989197326,0
2011-01-04,-0.9146454544139346,0
2011-01-05,-0.9152926483437978,0
2011-01-06,-0.9150693818760816,0
2011-01-07,-0.9143234349629726,0
2011-01-10,-0.9147646219507306,0
2011-01-11,-0.9150910822135574,0
2011-01-12,-0.9161681662873582,0
2011-01-13,-0.9163473518800931,0
2011-01-14,-0.9176820605076854,0
2011-01-17,-0.9188721334654201,0
2011-01-18,-0.9204891342488687,0
2011-01-19,-0.9200918120573902,0
2011-01-20,-0.9209063234117457,0
2011-01-21,-0.9210368550271963,0
2011-01-24,-0.9225847568738434,0
2011-01-25,-0.9248213888738057,0
2011-01-26,-0.9243367819659908,0
2011-01-27,-0.923535071118454,0
2011-01-28,-0.9255221113386752,0
2011-01-31,-0.9255492242681519,0
2011-02-01,-0.9264096752115437,0
2011-02-09,-0.9263571264048899,0
2011-02-10,-0.9252539832237178,0
2011-02-11,-0.9245712339121744,0
2011-02-14,-0.9236064238076805,0
2011-02-15,-0.924992084683316,0
2011-02-16,-0.9235222886056236,0
2011-02-17,-0.9219485083454766,0
2011-02-18,-0.9229344367031943,0
2011-02-21,-0.9229705051121443,0
2011-02-22,-0.9242933483879697,0
2011-02-23,-0.923218609231928,0
2011-02-24,-0.9241096771963542,0
2011-02-25,-0.9249040709891674,0
2011-02-28,-0.9242394748621224,0
2011-03-01,-0.9238119981851879,0
2011-03-02,-0.9233883437095455,0
2011-03-03,-0.9241106700037653,0
2011-03-04,-0.9237983542085272,0
2011-03-07,-0.9228009203898376,0
2011-03-08,-0.9215495412978268,0
2011-03-09,-0.9216747545691011,0
2011-03-10,-0.9214495969913423,0
2011-03-11,-0.920577817189926,0
2011-03-14,-0.9199568511481299,0
2011-03-15,-0.9208942121510548,0
2011-03-16,-0.9198394901686423,0
2011-03-17,-0.9196619143973077,0
2011-03-18,-0.9184736590992127,0
2011-03-21,-0.9181960624847214,0
2011-03-22,-0.9179343458787907,0
2011-03-23,-0.917718149342077,0
2011-03-24,-0.9160436903416069,0
2011-03-25,-0.9139081481831137,0
2011-03-28,-0.9123604325340867,0
2011-03-29,-0.9112728954221102,0
2011-03-30,-0.909523335608132,0
2011-03-31,-0.9097322747751876,0
2011-04-01,-0.9078395970725309,0
2011-04-06,-0.9076955857463707,0
2011-04-07,-0.9074266387264419,0
2011-04-08,-0.9061561520906264,0
2011-04-11,-0.905581219714755,0
2011-04-12,-0.9055230770885967,0
2011-04-13,-0.9045157247373526,0
2011-04-14,-0.9036796711596513,0
2011-04-15,-0.9027989958007948,0
2011-04-18,-0.9006234106622462,0
2011-04-19,-0.8995364556511676,0
2011-04-20,-0.8977794055733626,0
2011-04-21,-0.8969706332879256,0
2011-04-22,-0.89743336926104,0
2011-04-25,-0.8970471750931076,0
2011-04-26,-0.8972454313862138,0
2011-04-27,-0.897052044641747,0
2011-04-28,-0.8970654659067534,0
2011-04-29,-0.8960820577873772,0
2011-05-03,-0.89509034493603,0
2011-05-04,-0.8957635291193642,0
2011-05-05,-0.8961477105211063,0
2011-05-06,-0.8960485053033914,0
2011-05-09,-0.8956695841082265,0
2011-05-10,-0.8953830074399785,0
2011-05-11,-0.8949982088871824,0
2011-05-12,-0.8950570197062508,0
2011-05-13,-0.8933868204936238,0
2011-05-16,-0.8935619894462666,0
2011-05-17,-0.8935752130317487,0
2011-05-18,-0.8927516547631541,0
2011-05-19,-0.8935963438024943,0
2011-05-20,-0.8923489939990006,0
2011-05-23,-0.8928531148930023,0
2011-05-24,-0.8921986761560313,0
2011-05-25,-0.8919371422649154,0
2011-05-26,-0.8917259056416521,0
2011-05-27,-0.8927551614980792,0
2011-05-30,-0.893385567009646,0
2011-05-31,-0.8909894044345374,1
2011-06-01,-0.8900563186264836,1
2011-06-02,-0.8908853304989147,1
2011-06-03,-0.8900581104176599,1
2011-06-07,-0.8888543041778051,1
2011-06-08,-0.8862824959225851,1
2011-06-09,-0.8866733410365476,1
2011-06-10,-0.8871676011391242,1
2011-06-13,-0.8855221149512661,1
2011-06-14,-0.8858934283720911,1
2011-06-15,-0.8857205986107742,1
2011-06-16,-0.8867066959216914,1
2011-06-17,-0.887687084818595,1
2011-06-20,-0.8889969429120168,1
2011-06-21,-0.8892096206806094,1
2011-06-22,-0.889575980066984,1
2011-06-23,-0.8898019076692666,1
2011-06-24,-0.8893300061775005,1
2011-06-27,-0.888049034550342,1
2011-06-28,-0.8878478225411334,1
2011-06-29,-0.8883870772923941,1
2011-06-30,-0.8891177154074202,1
2011-07-01,-0.8892585073583226,1
2011-07-04,-0.8883754589805961,1
2011-07-05,-0.8884271053313845,1
2011-07-06,-0.8890417978418927,1
2011-07-07,-0.8897361425986335,1
2011-07-08,-0.8897553413241732,1
2011-07-11,-0.8893296299230999,1
2011-07-12,-0.8905690507150346,1
2011-07-13,-0.8907994254291118,1
2011-07-14,-0.8905039546343824,1
2011-07-15,-0.8911142868118616,1
2011-07-18,-0.8913440687163405,1
2011-07-19,-0.891712420115485,1
2011-07-20,-0.8905142035494501,1
2011-07-21,-0.8905974598288168,1
2011-07-22,-0.890030234121026,1
2011-07-25,-0.889365196318961,1
2011-07-26,-0.8897409307991199,1
2011-07-27,-0.8897092932113174,1
2011-07-28,-0.8890852429920205,1
2011-07-29,-0.8900165612260017,1
2011-08-01,-0.8900985329946283,1
2011-08-02,-0.8912441383989821,1
2011-08-03,-0.8930057993522935,1
2011-08-04,-0.8929876311600072,1
2011-08-05,-0.8937017467230599,1
2011-08-08,-0.8959262522151302,1
2011-08-09,-0.8970853032969972,1
2011-08-10,-0.8958036532881685,1
2011-08-11,-0.8948352110015221,1
2011-08-12,-0.8939867227080944,1
2011-08-15,-0.8941946160602596,1
2011-08-16,-0.8944755848331755,1
2011-08-17,-0.8956671579981309,1
2011-08-18,-0.8967068426698177,1
2011-08-19,-0.8977007304430076,1
2011-08-22,-0.8969677971087716,1
2011-08-23,-0.8954769210727627,1
2011-08-24,-0.8975431745530363,1
2011-08-25,-0.8979393883839566,1
2011-08-26,-0.8970481392758258,1
2011-08-29,-0.8987526991859508,1
2011-08-30,-0.9005524386874568,1
2011-08-31,-0.9029250580009239,1
2011-09-01,-0.9024617430347628,1
2011-09-02,-0.903465650024511,1
2011-09-05,-0.9057788000471125,1
2011-09-06,-0.9072934707323126,1
2011-09-07,-0.9054235503625877,1
2011-09-08,-0.9049068468067559,1
2011-09-09,-0.9043986428386925,1
2011-09-13,-0.9041561142844132,1
2011-09-14,-0.9039063401770657,1
2011-09-15,-0.9044811108029296,1
2011-09-16,-0.9052830342787749,1
2011-09-19,-0.9069990040519176,1
2011-09-20,-0.9070844466119458,1
2011-09-21,-0.9064445760033809,1
2011-09-22,-0.9064586472676429,1
2011-09-23,-0.9075761184372564,1
2011-09-26,-0.909295862228268,1
2011-09-27,-0.9107499800322418,1
2011-09-28,-0.9126871489510291,1
2011-09-29,-0.9136553956566668,1
2011-09-30,-0.9135187489087072,-1
2011-10-10,-0.9140524746441275,-1
2011-10-11,-0.9148159071434938,-1
2011-10-12,-0.9115970228726525,-1
2011-10-13,-0.9125013612815078,-1
2011-10-14,-0.9137376440538849,-1
2011-10-17,-0.9144443706739451,-1
2011-10-18,-0.9154684468844672,-1
2011-10-19,-0.915945819379711,-1
2011-10-20,-0.9172206380713877,-1
2011-10-21,-0.9175663208486143,-1
2011-10-24,-0.9170264162206936,-1
2011-10-25,-0.9153091737853738,-1
2011-10-26,-0.9161152525955323,-1
2011-10-27,-0.917993579176382,-1
2011-10-28,-0.9173537876855613,-1
2011-10-31,-0.9167897219425349,-1
2011-11-01,-0.917137512729639,-1
2011-11-02,-0.9159752771999942,-1
2011-11-03,-0.9155614919747798,-1
2011-11-04,-0.9152223600316383,-1
2011-11-07,-0.914711534095536,-1
2011-11-08,-0.9146926142058677,-1
2011-11-09,-0.9137868095689219,-1
2011-11-10,-0.9161898759263972,-1
2011-11-11,-0.9176248639640171,-1
2011-11-14,-0.9174358556089325,-1
2011-11-15,-0.9172906402397456,-1
2011-11-16,-0.9176272969213685,-1
2011-11-17,-0.9173877807661488,-1
2011-11-18,-0.9175498362164193,-1
2011-11-21,-0.9174789934655773,-1
2011-11-22,-0.9179164611357435,-1
2011-11-23,-0.9197685528882572,-1
2011-11-24,-0.9200639107725477,-1
2011-11-25,-0.9217642186104495,-1
2011-11-28,-0.9223410754282141,-1
2011-11-29,-0.9214987527092285,-1
2011-11-30,-0.9220744654492657,-1
2011-12-01,-0.9212130462688624,-1
2011-12-02,-0.9224238335809479,-1
2011-12-05,-0.9229971662830497,-1
2011-12-06,-0.9225280532933452,-1
2011-12-07,-0.9221709955343654,-1
2011-12-08,-0.9246077481689803,-1
2011-12-09,-0.9254235751494372,-1
2011-12-12,-0.9256247224423932,-1
2011-12-13,-0.9263339729837248,-1
2011-12-14,-0.9282945496757448,-1
2011-12-15,-0.9295364041810952,-1
2011-12-16,-0.9291228577939422,-1
2011-12-19,-0.9292682320447535,-1
2011-12-20,-0.9306373656863538,-1
2011-12-21,-0.9335171986726246,-1
2011-12-22,-0.9335310371412486,-1
2011-12-23,-0.9333122428142098,-1
2011-12-26,-0.9326759742193773,-1
2011-12-27,-0.9337564749884479,-1
2011-12-28,-0.9330143709611157,-1
2011-12-29,-0.9326016403806691,-1
2011-12-30,-0.9321267073813181,-1
2012-01-04,-0.9330733654786624,-1
2012-01-05,-0.9339617441110067,-1
2012-01-06,-0.9364705047160146,-1
2012-01-09,-0.9351476959348486,-1
2012-01-10,-0.9329732112526984,-1
2012-01-11,-0.9324985274866181,-1
2012-01-12,-0.9316930966199938,-1
2012-01-13,-0.9320167646130029,-1
2012-01-16,-0.9321904864363493,-1
2012-01-17,-0.9289918776587792,-1
2012-01-18,-0.930434016994458,-1
2012-01-19,-0.9322612550637519,-1
2012-01-20,-0.9331415437796057,-1
2012-01-30,-0.9333242786678293,-1
2012-01-31,-0.9335002798165509,-1
2012-02-01,-0.934246657229203,-1
2012-02-02,-0.9332162930457389,-1
2012-02-03,-0.9336789837627358,-1
2012-02-06,-0.9333261267416045,-1
2012-02-07,-0.9345843412755451,-1
2012-02-08,-0.9326370125216477,-1
2012-02-09,-0.931539125464255,-1
2012-02-10,-0.9318179856821174,-1
2012-02-13,-0.9307131385110928,-1
2012-02-14,-0.9305491488611789,-1
2012-02-15,-0.9304779029629001,-1
2012-02-16,-0.9310729466218569,-1
2012-02-17,-0.930166620011051,-1
2012-02-20,-0.9303155054866441,-1
2012-02-21,-0.9290012555167535,-1
2012-02-22,-0.9283812598792535,-1
2012-02-23,-0.9283089260038666,-1
2012-02-24,-0.9272530392682593,-1
2012-02-27,-0.9270757890956425,-1
2012-02-28,-0.9269997352008649,-1
2012-02-29,-0.9272608072498361,-1
2012-03-01,-0.9279045732782618,-1
2012-03-02,-0.9263131755365581,-1
2012-03-05,-0.9274647259780978,-1
2012-03-06,-0.926683508948398,-1
2012-03-07,-0.9254339903151069,-1
2012-03-08,-0.9247812588541353,-1
2012-03-09,-0.9245594100707931,-1
2012-03-12,-0.9236614997781414,-1
2012-03-13,-0.92239230417008,-1
2012-03-14,-0.9223820887660449,-1
2012-03-15,-0.9219019566647554,-1
2012-03-16,-0.919498113929311,-1
2012-03-19,-0.9179078608318852,-1
2012-03-20,-0.9189047503697657,-1
2012-03-21,-0.9177290819084897,-1
2012-03-22,-0.917896430896269,-1
2012-03-23,-0.9170207522090958,-1
2012-03-26,-0.9166927108984937,-1
2012-03-27,-0.9167685245453729,-1
2012-03-28,-0.9171675366616039,-1
2012-03-29,-0.9169504587915347,-1
2012-03-30,-0.9171124182021727,-1
2012-04-05,-0.9153249838288121,-1
2012-04-06,-0.9153277666393839,-1
2012-04-09,-0.9148465671916746,-1
2012-04-10,-0.9131890863867563,-1
2012-04-11,-0.9130373254973146,-1
2012-04-12,-0.9138418296090146,-1
2012-04-13,-0.9150381820850565,-1
2012-04-16,-0.9140298471912752,-1
2012-04-17,-0.91410005031415,-1
2012-04-18,-0.9117569287042002,-1
2012-04-19,-0.911146467816342,-1
2012-04-20,-0.9130223750658679,-1
2012-04-23,-0.9127390247156503,-1
2012-04-24,-0.9124152195253697,-1
2012-04-25,-0.9105949313919469,-1
2012-04-26,-0.9102906548299573,-1
2012-04-27,-0.9113176935096331,-1
2012-05-02,-0.9105415908636207,-1
2012-05-03,-0.9117769130219011,-1
2012-05-04,-0.9122659055410576,-1
2012-05-07,-0.9129046598400683,-1
2012-05-08,-0.9121422655539195,-1
2012-05-09,-0.9133473583595092,-1
2012-05-10,-0.9135737008693684,-1
2012-05-11,-0.9138250032396232,-1
2012-05-14,-0.9144530599186305,-1
2012-05-15,-0.9152328393348351,-1
2012-05-16,-0.9163367257638015,-1
2012-05-17,-0.9156559664901956,-1
2012-05-18,-0.9160125392292777,-1
2012-05-21,-0.91574435312917,-1
2012-05-22,-0.9154778908692388,-1
2012-05-23,-0.9153346826613215,-1
2012-05-24,-0.9153046369308874,-1
2012-05-25,-0.9160310118922345,-1
2012-05-28,-0.9154106051353081,-1
2012-05-29,-0.9142436259164285,-1
2012-05-30,-0.9139607070947591,-1
2012-05-31,-0.9143470876451683,-1
2012-06-01,-0.9151643582385625,-1
2012-06-04,-0.9155167098867344,-1
2012-06-05,-0.9153890580530841,-1
2012-06-06,-0.9157005903000077,-1
2012-06-07,-0.9165573423823765,-1
2012-06-08,-0.9175140674761088,-1
2012-06-11,-0.9173545269787222,-1
2012-06-12,-0.9183675340219918,-1
2012-06-13,-0.917458399470879,-1
2012-06-14,-0.9174062061414622,-1
2012-06-15,-0.9190428657531592,-1
2012-06-18,-0.9190833194866492,-1
2012-06-19,-0.9189155095756004,-1
2012-06-20,-0.9202429771231463,-1
2012-06-21,-0.92058774573307,-1
2012-06-25,-0.9212273764029283,-1
2012-06-26,-0.9212813294455096,-1
2012-06-27,-0.9212382116264158,-1
2012-06-28,-0.9211325140517977,-1
2012-06-29,-0.920105531920855,-1
2012-07-02,-0.9192917127958471,-1
2012-07-03,-0.9211070639589326,-1
2012-07-04,-0.9212855530953187,-1
2012-07-05,-0.9217826789425564,-1
2012-07-06,-0.9220837952400375,-1
2012-07-09,-0.9230485897126995,-1
2012-07-10,-0.9246376733542311,-1
2012-07-11,-0.9248627391278088,-1
2012-07-12,-0.9257783522806123,-1
2012-07-13,-0.9257301275915123,-1
2012-07-16,-0.9279679235720811,-1
2012-07-17,-0.927134243560634,-1
2012-07-18,-0.9270425115707787,-1
2012-07-19,-0.9261135475208737,-1
2012-07-20,-0.9258457940380013,-1
2012-07-23,-0.9272729027649336,-1
2012-07-24,-0.9263674734935391,-1
2012-07-25,-0.9261663933256193,-1
2012-07-26,-0.9268290216410517,-1
2012-07-27,-0.9270857091692781,-1
2012-07-30,-0.9282037014102765,-1
2012-07-31,-0.9282803145017436,-1
2012-08-01,-0.9278251357241426,-1
2012-08-02,-0.9282326168294023,-1
2012-08-03,-0.9270116477806705,-1
2012-08-06,-0.9251975048282565,-1
2012-08-07,-0.9234929646880484,-1
2012-08-08,-0.9222260919518278,-1
2012-08-09,-0.9203854069336612,-1
2012-08-10,-0.9205378008238166,-1
2012-08-13,-0.9205961711241025,-1
2012-08-14,-0.9196195005844484,-1
2012-08-15,-0.9200226721892946,-1
2012-08-16,-0.9205020655570767,-1
2012-08-17,-0.9197266237272371,-1
2012-08-20,-0.918357551969234,-1
2012-08-21,-0.9177249629628488,-1
2012-08-22,-0.9180514011305628,-1
2012-08-23,-0.9166221692645068,-1
2012-08-24,-0.9161442743295062,-1
2012-08-27,-0.9166545852938367,-1
2012-08-28,-0.9159562655074984,-1
2012-08-29,-0.916450634318639,-1
2012-08-30,-0.916798720690558,-1
2012-08-31,-0.9156469235611616,-1
2012-09-03,-0.9139952256600915,-1
2012-09-04,-0.9144994419572712,-1
2012-09-05,-0.9134575095416939,-1
2012-09-06,-0.9132513319023253,-1
2012-09-07,-0.9108286714066621,-1
2012-09-10,-0.9099448433046348,-1
2012-09-11,-0.9100370695430675,-1
2012-09-12,-0.9085060505075309,-1
2012-09-13,-0.9072675381942373,-1
2012-09-14,-0.9062368617087837,-1
2012-09-17,-0.9061690085732665,-1
2012-09-18,-0.9061163338892176,-1
2012-09-19,-0.9052684576712917,-1
2012-09-20,-0.9051121533298446,-1
2012-09-21,-0.9054486963933444,-1
2012-09-24,-0.9052209684576077,-1
2012-09-25,-0.9048540544809608,-1
2012-09-26,-0.9050998871181062,-1
2012-09-27,-0.9028931926174618,-1
2012-09-28,-0.9022409882751276,-1
2012-10-08,-0.9013050717034633,-1
2012-10-09,-0.8993124106522467,-1
2012-10-10,-0.8978341750593306,-1
2012-10-11,-0.8982641743050365,-1
2012-10-12,-0.8978163838061249,-1
2012-10-15,-0.8973781526689082,-1
2012-10-16,-0.8975283782940144,-1
2012-10-17,-0.8973597432982058,-1
2012-10-18,-0.8971893008164177,-1
2012-10-19,-0.8971722174950407,-1
2012-10-22,-0.8965727547974963,-1
2012-10-23,-0.8972051817301718,-1
2012-10-24,-0.8952746902171724,-1
2012-10-25,-0.8947870589280007,-1
2012-10-26,-0.8945179782903339,-1
2012-10-29,-0.8930366600173438,-1
2012-10-30,-0.892593035462092,-1
2012-10-31,-0.8930074380670995,1
2012-11-01,-0.8923399137448954,1
2012-11-02,-0.8930788401715248,1
2012-11-05,-0.8945813285921295,1
2012-11-06,-0.8958594747437139,1
2012-11-07,-0.8968150496806749,1
2012-11-08,-0.8993993319730258,1
2012-11-09,-0.8999178611470432,1
2012-11-12,-0.8988218289263443,1
2012-11-13,-0.9004900892617065,1
2012-11-14,-0.9005378070929109,1
2012-11-15,-0.9012746661598224,1
2012-11-16,-0.9018730387318131,1
2012-11-19,-0.9025127532338174,1
2012-11-20,-0.9036945786609073,1
2012-11-21,-0.9036017815484884,1
2012-11-22,-0.9048566937124185,1
2012-11-23,-0.9047203366965129,1
2012-11-26,-0.9043911231260725,1
2012-11-27,-0.9048566037188442,1
2012-11-28,-0.904512588442906,1
2012-11-29,-0.9042574925804503,1
2012-11-30,-0.9037206450542965,1
2012-12-03,-0.9048863013026828,1
2012-12-04,-0.9032775509362666,1
2012-12-05,-0.902089931374998,1
2012-12-06,-0.9028394511992939,1
2012-12-07,-0.9034419079635129,1
2012-12-10,-0.9025543218294382,1
2012-12-11,-0.9029592672320106,1
2012-12-12,-0.9039053835856486,1
2012-12-13,-0.9045915349377921,1
2012-12-14,-0.902495252483959,1
2012-12-17,-0.9008682365694584,1
2012-12-18,-0.9008016906118418,1
2012-12-19,-0.9012296090153727,1
2012-12-20,-0.9003955171183039,1
2012-12-21,-0.9005340840673266,1
2012-12-24,-0.9007927454207518,1
2012-12-25,-0.8997179903495824,1
2012-12-26,-0.8991455784464806,1
2012-12-27,-0.9004817819924582,1
2012-12-28,-0.9008710495531069,1
2012-12-31,-0.9007544341768356,1
2013-01-04,-0.902173973723043,1
2013-01-07,-0.9028561349678282,1
2013-01-08,-0.9018174891199817,1
2013-01-09,-0.9017719217094136,1
2013-01-10,-0.9011119409338251,1
2013-01-11,-0.9018852981963374,1
2013-01-14,-0.9005085782764,1
2013-01-15,-0.9000319635380855,1
2013-01-16,-0.8994115551303027,1
2013-01-17,-0.9004094113486226,1
2013-01-18,-0.8994622263472409,1
2013-01-21,-0.9006170406700063,1
2013-01-22,-0.9008541394751932,1
2013-01-23,-0.9003628615112139,1
2013-01-24,-0.9011706797553513,1
2013-01-25,-0.9008156158166302,1
2013-01-28,-0.8997977939753629,1
2013-01-29,-0.9001815552703774,1
2013-01-30,-0.9005754572282024,1
2013-01-31,-0.9008650090604798,1
2013-02-01,-0.9010983498957678,1
2013-02-04,-0.9012142550431695,1
2013-02-05,-0.9002034121047966,1
2013-02-06,-0.9002163150765117,1
2013-02-07,-0.9015504078103546,1
2013-02-08,-0.9004350876179473,1
2013-02-18,-0.9003650791043768,1
2013-02-19,-0.8997082092669704,1
2013-02-20,-0.8988014970382456,1
2013-02-21,-0.8995461354217266,1
2013-02-22,-0.8990463795656009,1
2013-02-25,-0.8987792408259488,1
2013-02-26,-0.8993103300670822,1
2013-02-27,-0.8991226636869055,1
2013-02-28,-0.8974490986614149,1
2013-03-01,-0.8962652368903997,1
2013-03-04,-0.8960592427560023,1
2013-03-05,-0.8941820567786636,1
2013-03-06,-0.8944888147780404,1
2013-03-07,-0.8940781778028872,1
2013-03-08,-0.8954927074613193,1
2013-03-11,-0.8970613291976832,1
2013-03-12,-0.8969266795823911,1
2013-03-13,-0.8980159637137698,1
2013-03-14,-0.8989147084538751,1
2013-03-15,-0.8991645781202489,1
2013-03-18,-0.8999699703900458,1
2013-03-19,-0.8993827055009507,1
2013-03-20,-0.9001902545947311,1
2013-03-21,-0.900152088563554,1
2013-03-22,-0.8995726670819295,1
2013-03-25,-0.8990945912167736,1
2013-03-26,-0.8995397100017507,1
2013-03-27,-0.8990449775948882,1
2013-03-28,-0.9004114902876773,1
2013-03-29,-0.9011132168550778,1
2013-04-01,-0.901225255358821,1
2013-04-02,-0.9012943572687818,1
2013-04-03,-0.9020287601363791,1
2013-04-08,-0.9014134891621375,1
2013-04-09,-0.90077541824027,1
2013-04-10,-0.9016493270481528,1
2013-04-11,-0.9024167482475686,1
2013-04-12,-0.902577723707508,1
2013-04-15,-0.9038096378773522,1
2013-04-16,-0.9030701353020613,1
2013-04-17,-0.9048490243685777,1
2013-04-18,-0.9060160931103296,1
2013-04-19,-0.9054887110356442,1
2013-04-22,-0.9040191710515944,1
2013-04-23,-0.9056635881880883,1
2013-04-24,-0.9043017445465383,1
2013-04-25,-0.9047940360393413,1
2013-04-26,-0.9053398543706745,1
2013-05-02,-0.9048465641398578,1
2013-05-03,-0.9048232191748309,1
2013-05-06,-0.9051681258786207,1
2013-05-07,-0.905452417897784,1
2013-05-08,-0.9051938174169422,1
2013-05-09,-0.9048092060316698,1
2013-05-10,-0.9043492925708542,1
2013-05-13,-0.9035752787615229,1
2013-05-14,-0.9038623886952937,1
2013-05-15,-0.9029312882513648,1
2013-05-16,-0.9021881121896934,1
2013-05-17,-0.9020705666151068,1
2013-05-20,-0.901888642412486,1
2013-05-21,-0.9011680485072564,1
2013-05-22,-0.9016468885969413,1
2013-05-23,-0.9015368107787243,1
2013-05-24,-0.9008787268699596,1
2013-05-27,-0.9006924743486977,1
2013-05-28,-0.8991744069485929,1
2013-05-29,-0.8985383171907825,1
2013-05-30,-0.8998659533019543,1
2013-05-31,-0.9007337336258835,1
2013-06-03,-0.9010581969845456,1
2013-06-04,-0.9031491026479961,1
2013-06-05,-0.9031502425428511,1
2013-06-06,-0.9039131100904049,1
2013-06-07,-0.9042825470726136,1
2013-06-13,-0.9053148730394805,1
2013-06-14,-0.9037585887352166,1
2013-06-17,-0.9037007865895981,1
2013-06-18,-0.9036502574494988,1
2013-06-19,-0.9036214492493012,1
2013-06-20,-0.9038938636434022,1
2013-06-21,-0.9047754257766644,1
2013-06-24,-0.9076077236815547,1
2013-06-25,-0.9085938011504198,1
2013-06-26,-0.9081405060729678,1
2013-06-27,-0.9095211108366191,1
2013-06-28,-0.9097748128161849,1
2013-07-01,-0.9086395744592329,1
2013-07-02,-0.9067195432645809,1
2013-07-03,-0.9067447296201201,1
2013-07-04,-0.90604457283031,1
2013-07-05,-0.9048414413482225,1
2013-07-08,-0.9053759565241963,1
2013-07-09,-0.905185024695153,1
2013-07-10,-0.9034574367583251,1
2013-07-11,-0.9020560091552422,1
2013-07-12,-0.9022619287895293,1
2013-07-15,-0.9007370944379486,1
2013-07-16,-0.8985834313215527,1
2013-07-17,-0.8989456854069561,1
2013-07-18,-0.8978450304075449,1
2013-07-19,-0.897946891039281,1
2013-07-22,-0.8968633078426775,1
2013-07-23,-0.895372905029136,1
2013-07-24,-0.8943306369028754,1
2013-07-25,-0.8964227907298906,1
2013-07-26,-0.8955916005862441,1
2013-07-29,-0.895233501658688,1
2013-07-30,-0.8951720620640792,1
2013-07-31,-0.8955123002206713,1
2013-08-01,-0.8939150968421786,1
2013-08-02,-0.8939587404191407,1
2013-08-05,-0.8931049520834232,1
2013-08-06,-0.8927642958211492,1
2013-08-07,-0.8936601672630201,1
2013-08-08,-0.8930880990008078,1
2013-08-09,-0.8922758419915862,1
2013-08-12,-0.8917641523352879,1
2013-08-13,-0.891643255975751,1
2013-08-14,-0.8921094264273901,1
2013-08-15,-0.8926147670908897,1
2013-08-16,-0.894105434871613,1
2013-08-19,-0.8929246710772474,1
2013-08-20,-0.8921764623353352,1
2013-08-21,-0.8916663899961993,1
2013-08-22,-0.8923062887180467,1
2013-08-23,-0.8922966310053746,1
2013-08-26,-0.8913366385603096,1
2013-08-27,-0.8899903296129618,1
2013-08-28,-0.8887315937621225,1
2013-08-29,-0.887663351059167,1
2013-08-30,-0.8865754830860343,1
2013-09-02,-0.8863782339690452,1
2013-09-03,-0.88430822130163,1
2013-09-04,-0.8826090951737317,1
2013-09-05,-0.8809003534733331,1
2013-09-06,-0.881235794264186,1
2013-09-09,-0.879896251237075,1
2013-09-10,-0.8783104876332394,1
2013-09-11,-0.8774018989558996,1
2013-09-12,-0.8760616747841549,1
2013-09-13,-0.8751660957409866,1
2013-09-16,-0.8721927730898068,1
2013-09-17,-0.8720757554167909,1
2013-09-18,-0.8719475327185476,1
2013-09-23,-0.8682353726423399,1
2013-09-24,-0.8657113748488097,1
2013-09-25,-0.865954119488081,1
2013-09-26,-0.8672072865135529,1
2013-09-27,-0.8669588163525188,1
2013-09-30,-0.8639992625862337,1
2013-10-08,-0.8623425045312374,1
2013-10-09,-0.8590915323616733,1
2013-10-10,-0.8586608586322403,1
2013-10-11,-0.8594151212223767,1
2013-10-14,-0.8591141768575024,1
2013-10-15,-0.8576294649806863,1
2013-10-16,-0.8595453026443345,1
2013-10-17,-0.8600808184752047,1
2013-10-18,-0.8581495477518838,1
2013-10-21,-0.8571376679950411,1
2013-10-22,-0.856734975888054,1
2013-10-23,-0.8596412240669745,1
2013-10-24,-0.8624491914142186,1
2013-10-25,-0.8631872483404331,1
2013-10-28,-0.8618184812676318,1
2013-10-29,-0.8620075450414195,1
2013-10-30,-0.8608791359592707,1
2013-10-31,-0.8614631186627996,1
2013-11-01,-0.8615360739983007,1
2013-11-04,-0.8630821870734079,1
2013-11-05,-0.8604327295417413,1
2013-11-06,-0.8618614213232709,1
2013-11-07,-0.8630812995095938,1
2013-11-08,-0.8629490702393755,1
2013-11-11,-0.8636362481251231,1
2013-11-12,-0.863710249172419,1
2013-11-13,-0.8652120109346159,1
2013-11-14,-0.8632544721165695,1
2013-11-15,-0.8613854960329852,1
2013-11-18,-0.8592487258863233,1
2013-11-19,-0.8572746969141282,1
2013-11-20,-0.8557390534613849,1
2013-11-21,-0.8543635524555097,1
2013-11-22,-0.8554749321732155,1
2013-11-25,-0.8546516148920709,1
2013-11-26,-0.8553497902991262,1
2013-11-27,-0.8555852297600484,1
2013-11-28,-0.8564221881839476,1
2013-11-29,-0.8561088626962406,1
2013-12-02,-0.8577426030958774,1
2013-12-03,-0.856726908305357,1
2013-12-04,-0.8569134797155871,1
2013-12-05,-0.8585367950178109,1
2013-12-06,-0.8599062943788031,1
2013-12-09,-0.8598908318812111,1
2013-12-10,-0.8602190289301747,1
2013-12-11,-0.8618751090874784,1
2013-12-12,-0.8638520002008503,1
2013-12-13,-0.864433755448504,1
2013-12-16,-0.8656449371331264,1
2013-12-17,-0.865685315994666,1
2013-12-18,-0.8675961353920079,1
2013-12-19,-0.868193544300752,1
2013-12-20,-0.8693168008377995,1
2013-12-23,-0.8726787011961303,1
2013-12-24,-0.8745034136521291,1
2013-12-25,-0.8748727890139922,1
2013-12-26,-0.874887276932533,1
2013-12-27,-0.8739285711340438,1
2013-12-30,-0.8771981455128434,1
2013-12-31,-0.8798516088274703,1
2014-01-02,-0.8816778208514459,1
2014-01-03,-0.8832831422222992,1
2014-01-06,-0.8850905212044001,1
2014-01-07,-0.8859615676320334,1
2014-01-08,-0.8866594859801377,1
2014-01-09,-0.8868763990788339,1
2014-01-10,-0.8877705634105703,1
2014-01-13,-0.8897629663071844,1
2014-01-14,-0.8904175111179441,1
2014-01-15,-0.8899039584952271,1
2014-01-16,-0.889269505647724,1
2014-01-17,-0.8888383611682728,1
2014-01-20,-0.8883948823614652,1
2014-01-21,-0.8878025202949047,1
2014-01-22,-0.8857779510577882,1
2014-01-23,-0.8860018726194084,1
2014-01-24,-0.8847852155376351,1
2014-01-27,-0.8845098664148883,1
2014-01-28,-0.8858222970720481,1
2014-01-29,-0.8875358676717681,1
2014-01-30,-0.8872351789826475,1
2014-02-07,-0.8845144847108856,1
2014-02-10,-0.8818331405749158,1
2014-02-11,-0.8821077900289259,1
2014-02-12,-0.8815742570396767,1
2014-02-13,-0.8816192410964674,1
2014-02-14,-0.8828965251549615,1
2014-02-17,-0.88302292177752,1
2014-02-18,-0.8843577617379038,1
2014-02-19,-0.8843451600770764,1
2014-02-20,-0.8875660296690386,1
2014-02-21,-0.8886938261482611,1
2014-02-24,-0.8885066479602639,1
2014-02-25,-0.8899999992813679,1
2014-02-26,-0.889662739724037,1
2014-02-27,-0.8910921644233541,1
2014-02-28,-0.8905869059506463,1
2014-03-03,-0.8903892771422441,1
2014-03-04,-0.88846008172542,1
2014-03-05,-0.8896375122389893,1
2014-03-06,-0.8902391291394821,1
2014-03-07,-0.8897485980957216,1
2014-03-10,-0.8904798474375115,1
2014-03-11,-0.8912724922028027,1
2014-03-12,-0.8920612471255975,1
2014-03-13,-0.8913257708403506,1
2014-03-14,-0.8910658606866962,1
2014-03-17,-0.8888244673383138,1
2014-03-18,-0.8875700544033908,1
2014-03-19,-0.8873537553003068,1
2014-03-20,-0.8875674764877549,1
2014-03-21,-0.8853191192663334,1
2014-03-24,-0.8842820617281529,1
2014-03-25,-0.8832566306683207,1
2014-03-26,-0.8831825484944144,1
2014-03-27,-0.8843489519554649,1
2014-03-28,-0.8843169840926997,1
2014-03-31,-0.8861284199381896,1
2014-04-01,-0.8856639958636433,1
2014-04-02,-0.8855511681192305,1
2014-04-03,-0.8860192992101782,1
2014-04-04,-0.8844129135575581,1
2014-04-08,-0.8833259674082424,1
2014-04-09,-0.8831211856689241,1
2014-04-10,-0.8838670060803164,1
2014-04-11,-0.8834873514477202,1
2014-04-14,-0.8825794377569944,1
2014-04-15,-0.8817392481117347,1
2014-04-16,-0.8827804959827537,1
2014-04-17,-0.8838780062218919,1
2014-04-18,-0.8833342797438051,1
2014-04-21,-0.883954627390245,1
2014-04-22,-0.8836894201902846,1
2014-04-23,-0.8851804265770894,1
2014-04-24,-0.8872845081169072,1
2014-04-25,-0.8888642541901839,1
2014-04-28,-0.8906402865870433,1
2014-04-29,-0.8894215537982664,1
2014-04-30,-0.8883226659714941,1
2014-05-05,-0.8886374092791613,1
2014-05-06,-0.88827881395897,1
2014-05-07,-0.8907896057477193,1
2014-05-08,-0.8924304520819804,1
2014-05-09,-0.8925262883727337,1
2014-05-12,-0.8913864854327503,1
2014-05-13,-0.8907714790251177,1
2014-05-14,-0.8914937204858554,1
2014-05-15,-0.8942698815830724,1
2014-05-16,-0.8945044001798791,1
2014-05-19,-0.8948536261566065,1
2014-05-20,-0.8944159234968774,1
2014-05-21,-0.8941687891956422,1
2014-05-22,-0.8942681816625683,1
2014-05-23,-0.8925520029755069,1
2014-05-26,-0.8918840598435717,1
2014-05-27,-0.8915243994074149,1
2014-05-28,-0.8904167016770581,1
2014-05-29,-0.8917356205335236,1
2014-05-30,-0.8915106940989975,1
2014-06-03,-0.8913499278952312,1
2014-06-04,-0.8917378802082511,1
2014-06-05,-0.8900018966928447,1
2014-06-06,-0.8887559161671882,1
2014-06-09,-0.8874480108137082,1
2014-06-10,-0.8858389672046433,1
2014-06-11,-0.8849984293521387,1
2014-06-12,-0.8835787112966127,1
2014-06-13,-0.884583354141871,1
2014-06-16,-0.8841583676264918,1
2014-06-17,-0.8838323383177518,1
2014-06-18,-0.8823388296070108,1
2014-06-19,-0.8844204086760227,1
2014-06-20,-0.883281134431562,1
2014-06-23,-0.8811939307530475,1
2014-06-24,-0.8791975366544419,1
2014-06-25,-0.8781506753206031,1
2014-06-26,-0.8750171744409981,1
2014-06-27,-0.8722462004135072,1
2014-06-30,-0.8708913002965387,1
2014-07-01,-0.8688734108072106,1
2014-07-02,-0.8676186123546535,1
2014-07-03,-0.867555196435306,1
2014-07-04,-0.8670034922374127,1
2014-07-07,-0.8664047005991946,1
2014-07-08,-0.8648667564549436,1
2014-07-09,-0.8647457817322324,1
2014-07-10,-0.8646061882990572,1
2014-07-11,-0.8617780052852595,1
2014-07-14,-0.860251060821064,1
2014-07-15,-0.8590977620923593,1
2014-07-16,-0.8593062360281842,1
2014-07-17,-0.858013299896286,1
2014-07-18,-0.8571180512547992,1
2014-07-21,-0.8558994184596282,1
2014-07-22,-0.8534229042364472,1
2014-07-23,-0.852042178023889,1
2014-07-24,-0.8507441497938569,1
2014-07-25,-0.850180357017495,1
2014-07-28,-0.8480229678991846,1
2014-07-29,-0.8467525433950254,1
2014-07-30,-0.8454105127665709,1
2014-07-31,-0.8427390923975623,1
2014-08-01,-0.8432653814999397,1
2014-08-04,-0.840625792366442,1
2014-08-05,-0.841598797970779,1
2014-08-06,-0.8397185578791496,1
2014-08-07,-0.8397289532027528,1
2014-08-08,-0.8374692921594783,1
2014-08-11,-0.8358016301119745,1
2014-08-12,-0.8349454128756831,1
2014-08-13,-0.8333831002408539,1
2014-08-14,-0.8333183890606244,1
2014-08-15,-0.8317633186673252,1
2014-08-18,-0.8307575471051758,1
2014-08-19,-0.8301403509911298,1
2014-08-20,-0.8293014693334587,1
2014-08-21,-0.8301855951478596,1
2014-08-22,-0.828857804292665,1
2014-08-25,-0.8293307368884253,1
2014-08-26,-0.8295165647324355,1
2014-08-27,-0.8280156217702797,1
2014-08-28,-0.8299810087268662,1
2014-08-29,-0.8278650538673374,1
2014-09-01,-0.8261146809405009,1
2014-09-02,-0.8247488684459096,1
2014-09-03,-0.8240184990775142,1
2014-09-04,-0.8240777822647823,1
2014-09-05,-0.8231827742031185,1
2014-09-09,-0.821909733495021,1
2014-09-10,-0.8208238963544098,1
2014-09-11,-0.8210321428194077,1
2014-09-12,-0.8169061849346697,1
2014-09-15,-0.8169783567235004,1
2014-09-16,-0.8202956508760099,1
2014-09-17,-0.8205103586904238,1
2014-09-18,-0.8195831541521141,1
2014-09-19,-0.81965231407463,1
2014-09-22,-0.8215611502218471,1
2014-09-23,-0.8206483091851032,1
2014-09-24,-0.8198183019973337,1
2014-09-25,-0.8198794937802679,1
2014-09-26,-0.8196638415040741,1
2014-09-29,-0.8186411861449194,1
2014-09-30,-0.8189326269097167,1
2014-10-08,-0.817058389239891,1
2014-10-09,-0.8149670421510591,1
2014-10-10,-0.814818139410813,1
2014-10-13,-0.8166968911190435,1
2014-10-14,-0.8175795072838054,1
2014-10-15,-0.817423447243813,1
2014-10-16,-0.8181466853780007,1
2014-10-17,-0.8180178119199024,1
2014-10-20,-0.8166818979989038,1
2014-10-21,-0.8177088299989078,1
2014-10-22,-0.819846440704684,1
2014-10-23,-0.8198727748038144,1
2014-10-24,-0.818897049306639,1
2014-10-27,-0.8194972744577477,1
2014-10-28,-0.8178637205911288,1
2014-10-29,-0.8174508988264723,1
2014-10-30,-0.8189409308697224,1
2014-10-31,-0.8212173486288777,1
2014-11-03,-0.8196241182473513,1
2014-11-04,-0.8219815680111615,1
2014-11-05,-0.8220805513442371,1
2014-11-06,-0.8234443855436955,1
2014-11-07,-0.8240153540856744,1
2014-11-10,-0.8238667377749367,1
2014-11-11,-0.8265913052392797,1
2014-11-12,-0.8262802356417729,1
2014-11-13,-0.827742539419273,1
2014-11-14,-0.828185133570344,1
2014-11-17,-0.8289795337967665,1
2014-11-18,-0.8296588581093426,1
2014-11-19,-0.829742924133568,1
2014-11-20,-0.8304349805323256,1
2014-11-21,-0.8300203972041768,1
2014-11-24,-0.8296771296402957,1
2014-11-25,-0.8287101579300179,1
2014-11-26,-0.8276918905161273,1
2014-11-27,-0.8273496473166718,1
2014-11-28,-0.8268357815063151,1
2014-12-01,-0.829045749701858,1
2014-12-02,-0.8309637864952177,1
2014-12-03,-0.831952200617674,1
2014-12-04,-0.8322120539111135,1
2014-12-05,-0.8328538114258249,1
2014-12-08,-0.8325708957886504,1
2014-12-09,-0.8357490358980585,1
2014-12-10,-0.8354812112038259,1
2014-12-11,-0.8349581953929798,1
2014-12-12,-0.8375232620708002,1
2014-12-15,-0.8383324222973553,1
2014-12-16,-0.836596719952667,1
2014-12-17,-0.8392013692685435,1
2014-12-18,-0.8397873421664594,1
2014-12-19,-0.8416246196200673,1
2014-12-22,-0.8423070439008981,1
2014-12-23,-0.8463756168188422,1
2014-12-24,-0.8485329836906099,1
2014-12-25,-0.8487333435634483,1
2014-12-26,-0.8499071588067506,1
2014-12-29,-0.8526075219946001,1
2014-12-30,-0.8548109682658329,1
2014-12-31,-0.8573794899441334,1
2015-01-05,-0.8580873843995995,1
2015-01-06,-0.85863428188743,1
2015-01-07,-0.8600259969476728,1
2015-01-08,-0.8617360123018097,1
2015-01-09,-0.8632780858035597,1
2015-01-12,-0.8634918586733554,1
2015-01-13,-0.8632886092231267,1
2015-01-14,-0.8660815726930686,1
2015-01-15,-0.8657994353913611,1
2015-01-16,-0.8643322697224703,1
2015-01-19,-0.8657989308453397,1
2015-01-20,-0.8644514310481185,1
2015-01-21,-0.8637531655169551,1
2015-01-22,-0.8653691401440475,1
2015-01-23,-0.8677149737385117,1
2015-01-26,-0.8657724535049638,1
2015-01-27,-0.8649572591785237,1
2015-01-28,-0.8670247612832969,1
2015-01-29,-0.866648688550279,1
2015-01-30,-0.867492181879151,1
2015-02-02,-0.8682927924812749,1
2015-02-03,-0.8664914705851386,1
2015-02-04,-0.8675392805800335,1
2015-02-05,-0.8666002885752225,1
2015-02-06,-0.8690571312539043,1
2015-02-09,-0.8691577503622058,1
2015-02-10,-0.8672465598299549,1
2015-02-11,-0.8668990418584301,1
2015-02-12,-0.8670834432952487,1
2015-02-13,-0.8669846560956049,1
2015-02-16,-0.8651006621154484,1
2015-02-17,-0.8652716500058235,1
2015-02-25,-0.8665127644457118,1
2015-02-26,-0.8665816379854837,1
2015-02-27,-0.8664055415710169,1
2015-03-02,-0.8659988553627408,1
2015-03-03,-0.8655459654298716,1
2015-03-04,-0.863957522085454,1
2015-03-05,-0.8635522438271891,1
2015-03-06,-0.8647792464733322,1
2015-03-09,-0.8648151876417487,1
2015-03-10,-0.8644477194324723,1
2015-03-11,-0.8658097652044272,1
2015-03-12,-0.864873502114369,1
2015-03-13,-0.8657266543325768,1
2015-03-16,-0.8636836594945473,1
2015-03-17,-0.8624472123168825,1
2015-03-18,-0.8606339948361038,1
2015-03-19,-0.8600313763355232,1
2015-03-20,-0.858598052719572,1
2015-03-23,-0.8572738354214011,1
2015-03-24,-0.8561835616460023,1
2015-03-25,-0.8541823504318039,1
2015-03-26,-0.8523301690006468,1
2015-03-27,-0.852289440833545,1
2015-03-30,-0.8527783610901472,1
2015-03-31,-0.8530707090162832,1
2015-04-01,-0.8508151567219728,1
2015-04-02,-0.8482523121935233,1
2015-04-03,-0.8468226119583665,1
2015-04-07,-0.8463952497128104,1
2015-04-08,-0.8470960059627832,1
2015-04-09,-0.8468791377449437,1
2015-04-10,-0.8447088118341441,1
2015-04-13,-0.8426710611272465,1
2015-04-14,-0.8409208994356677,1
2015-04-15,-0.8423556208429575,1
2015-04-16,-0.840265846418737,1
2015-04-17,-0.8389194399408191,1
2015-04-20,-0.8390415160536159,1
2015-04-21,-0.8356732540731614,1
2015-04-22,-0.8356050263315278,1
2015-04-23,-0.8353400982297211,1
2015-04-24,-0.8365300438358791,1
2015-04-27,-0.834628037316807,1
2015-04-28,-0.8370927015037622,1
2015-04-29,-0.8356030544008959,1
2015-04-30,-0.834509012678972,1
2015-05-04,-0.8330272468264978,1
2015-05-05,-0.8334251864457122,1
2015-05-06,-0.8334624673573726,1
2015-05-07,-0.835140821448902,1
2015-05-08,-0.831177190672358,1
2015-05-11,-0.827104068924007,1
2015-05-12,-0.8226483619083922,1
2015-05-13,-0.8207169736483537,1
2015-05-14,-0.8208592619286307,1
2015-05-15,-0.8209809588428774,1
2015-05-18,-0.8202452220293596,1
2015-05-19,-0.8193619971092763,1
2015-05-20,-0.8196969254738244,1
2015-05-21,-0.8176494741097557,1
2015-05-22,-0.8164258987722319,1
2015-05-25,-0.8145583307206866,1
2015-05-26,-0.8114357933120411,1
2015-05-27,-0.8107290868705888,1
2015-05-28,-0.8125274791082062,1
2015-05-29,-0.812190860196991,1
2015-06-01,-0.8081249033237761,1
2015-06-02,-0.8049019052130105,1
2015-06-03,-0.8050302389118456,1
2015-06-04,-0.8048994703934969,1
2015-06-05,-0.8029556586927324,1
2015-06-08,-0.8022424703967699,1
2015-06-09,-0.8018320653072813,1
2015-06-10,-0.8028811733297813,1
2015-06-11,-0.8016968035337236,1
2015-06-12,-0.8019401451470245,1
2015-06-15,-0.8029626472372674,1
2015-06-16,-0.804100778068896,1
2015-06-17,-0.8038224592436669,1
2015-06-18,-0.8058624549652141,1
2015-06-19,-0.8086777755610863,1
2015-06-23,-0.8081369314142094,1
2015-06-24,-0.8052057918818537,1
2015-06-25,-0.806048567204676,1
2015-06-26,-0.8074510733376082,1
2015-06-29,-0.809902076681439,1
2015-06-30,-0.8069244138628203,1
2015-07-01,-0.8098581791621514,1
2015-07-02,-0.812895117842171,1
2015-07-03,-0.8140630288219947,1
2015-07-06,-0.8153313384054415,1
2015-07-07,-0.8184597603827332,1
2015-07-08,-0.8209375627919626,1
2015-07-09,-0.8170412713862547,1
2015-07-10,-0.8127642032279581,1
2015-07-13,-0.8095560365092657,1
2015-07-14,-0.8081915920728542,1
2015-07-15,-0.8099225595802351,1
2015-07-16,-0.8091882104112782,1
2015-07-17,-0.8048342554609788,1
2015-07-20,-0.8023747490864045,1
2015-07-21,-0.8009575485004005,1
2015-07-22,-0.7993020109870862,1
2015-07-23,-0.7937213347301344,1
2015-07-24,-0.7955084738492909,1
2015-07-27,-0.7972625234267181,1
2015-07-28,-0.7990966682940072,1
2015-07-29,-0.7923470370956391,1
2015-07-30,-0.7913266829525699,1
2015-07-31,-0.7912681492098543,1
2015-08-03,-0.7964175612918615,1
2015-08-04,-0.7937978729629095,1
2015-08-05,-0.796352660521134,1
2015-08-06,-0.7963601951229781,1
2015-08-07,-0.7923293457672297,1
2015-08-10,-0.7864407528738269,1
2015-08-11,-0.7859161109740456,1
2015-08-12,-0.7875682040961686,1
2015-08-13,-0.7835827720698296,1
2015-08-14,-0.7846221977538254,1
2015-08-17,-0.7811911296832351,1
2015-08-18,-0.7857669096182361,1
2015-08-19,-0.7857989184998657,1
2015-08-20,-0.7884057252220914,1
2015-08-21,-0.7883444526306275,1
2015-08-24,-0.791826381223485,1
2015-08-25,-0.7987100546144974,1
2015-08-26,-0.8033422962743118,1
2015-08-27,-0.8002370461576096,1
2015-08-28,-0.7934846077458484,1
2015-08-31,-0.795650637778386,1
2015-09-01,-0.7975309288599085,1
2015-09-02,-0.8002450378623002,1
2015-09-07,-0.7997647655272098,1
2015-09-08,-0.7973512898536763,1
2015-09-09,-0.794553544299866,1
2015-09-10,-0.7947349989146646,1
2015-09-11,-0.7910081218512522,1
2015-09-14,-0.7946899460016877,1
2015-09-15,-0.7956403737368768,1
2015-09-16,-0.7859888140632048,1
2015-09-17,-0.7876258943065059,1
2015-09-18,-0.7878991618019857,1
2015-09-21,-0.7808218385178002,1
2015-09-22,-0.7773366999010697,1
2015-09-23,-0.7760122897986806,1
2015-09-24,-0.7761094682510719,1
2015-09-25,-0.7748075011059036,1
2015-09-28,-0.7690727923861637,1
2015-09-29,-0.7670957751302697,1
2015-09-30,-0.76372151784482,1
2015-10-08,-0.7555410063741542,1
2015-10-09,-0.7506202728979482,1
2015-10-12,-0.7492568579207263,1
2015-10-13,-0.7484923782128609,1
2015-10-14,-0.7523965883730309,1
2015-10-15,-0.7490072531364421,1
2015-10-16,-0.7448597051698014,1
2015-10-19,-0.7456711609729116,1
2015-10-20,-0.7480509189532357,1
2015-10-21,-0.7535001760831784,1
2015-10-22,-0.7485470907053915,1
2015-10-23,-0.7464701403653909,1
2015-10-26,-0.7492184927858424,1
2015-10-27,-0.7457191987399227,1
2015-10-28,-0.7439427822387867,1
2015-10-29,-0.7408420198601213,1
2015-10-30,-0.7460092673028399,1
2015-11-02,-0.7473028102292213,1
2015-11-03,-0.7459169048673271,1
2015-11-04,-0.7380165157210866,1
2015-11-05,-0.7435298946446351,1
2015-11-06,-0.7405755229655434,1
2015-11-09,-0.7397190097254135,1
2015-11-10,-0.7434346826203314,1
2015-11-11,-0.7467560190297785,1
2015-11-12,-0.7469102703035408,1
2015-11-13,-0.7464848843545009,1
2015-11-16,-0.7473690919223298,1
2015-11-17,-0.7487104478085851,1
2015-11-18,-0.7535247438048273,1
2015-11-19,-0.7460531406134467,1
2015-11-20,-0.7459610269448878,1
2015-11-23,-0.7449065888597375,1
2015-11-24,-0.7414652856946369,1
2015-11-25,-0.7361003211921463,1
2015-11-26,-0.7331117514190711,1
2015-11-27,-0.7332253551637804,1
2015-11-30,-0.7351405025645222,1
2015-12-01,-0.7419767703510831,1
2015-12-02,-0.7420892254578084,1
2015-12-03,-0.7362152021311944,1
2015-12-04,-0.7332563986265546,1
2015-12-07,-0.7320528523413672,1
2015-12-08,-0.7363291694064156,1
2015-12-09,-0.739934000193126,1
2015-12-10,-0.7383531180646905,1
2015-12-11,-0.7407107816762817,1
2015-12-14,-0.7358277818020884,1
2015-12-15,-0.7308573812216747,1
2015-12-16,-0.7363679853806565,1
2015-12-17,-0.7308666135810018,1
2015-12-18,-0.73200487097438,1
2015-12-21,-0.7367067356201262,1
2015-12-22,-0.7358658439272282,1
2015-12-23,-0.736664565792255,1
2015-12-24,-0.7398144292684417,1
2015-12-25,-0.7381769777655104,1
2015-12-28,-0.7424070664604963,1
2015-12-29,-0.7396779032446016,1
2015-12-30,-0.7386671708347998,1
2015-12-31,-0.7452786501492538,1
2016-01-04,-0.75048856539852,1
2016-01-05,-0.7555647380944286,1
2016-01-06,-0.7541961759697184,1
2016-01-07,-0.756729143830965,1
2016-01-08,-0.7606725301825369,1
2016-01-11,-0.7653280913792367,1
2016-01-12,-0.7663101842158893,1
2016-01-13,-0.7717560696747519,1
2016-01-14,-0.7652322633481137,1
2016-01-15,-0.7733147051280139,1
2016-01-18,-0.774355684301871,1
2016-01-19,-0.77026709121219,1
2016-01-20,-0.7729269027747973,1
2016-01-21,-0.7744503323163734,1
2016-01-22,-0.7735457522079474,1
2016-01-25,-0.7716620964419074,1
2016-01-26,-0.7724761388218017,1
2016-01-27,-0.7722761972299136,1
2016-01-28,-0.7798920561183349,1
2016-01-29,-0.7758093484933918,1
2016-02-01,-0.7796065462765156,1
2016-02-02,-0.7756095606901533,1
2016-02-03,-0.7755696238267384,1
2016-02-04,-0.7746672793127598,1
2016-02-05,-0.7763895313128126,1
2016-02-15,-0.7750087577143986,1
2016-02-16,-0.7728240547807458,1
2016-02-17,-0.7699711884519682,1
2016-02-18,-0.7688989536446067,1
2016-02-19,-0.7725587416979776,1
2016-02-22,-0.7726651164189484,1
2016-02-23,-0.7721589782414154,1
2016-02-24,-0.7723002497942731,1
2016-02-25,-0.7773470913710309,1
2016-02-26,-0.7779812407096102,1
2016-02-29,-0.7783410917999001,1
2016-03-01,-0.7767099755003434,1
2016-03-02,-0.770933143459596,1
2016-03-03,-0.7702215806769801,1
2016-03-04,-0.7753533374786714,1
2016-03-07,-0.7720872609846339,1
2016-03-08,-0.7733017867676816,1
2016-03-09,-0.7748020852690718,1
2016-03-10,-0.7773449666778915,1
2016-03-11,-0.7789257100310784,1
2016-03-14,-0.7739050354244811,1
2016-03-15,-0.7773622383278062,1
2016-03-16,-0.7807984564977242,1
2016-03-17,-0.7771007995477803,1
2016-03-18,-0.775776300295704,1
2016-03-21,-0.7722438921607339,1
2016-03-22,-0.772594167139397,1
2016-03-23,-0.7725151858951981,1
2016-03-24,-0.7727498392617362,1
2016-03-25,-0.7718419011404393,1
2016-03-28,-0.7733090616563794,1
2016-03-29,-0.7732305853798636,1
2016-03-30,-0.7703143812625693,1
2016-03-31,-0.7723516383190089,1
2016-04-01,-0.7716159908410911,1
2016-04-05,-0.7648599686761511,1
2016-04-06,-0.764207921820575,1
2016-04-07,-0.769588051379406,1
2016-04-08,-0.7668830294195743,1
2016-04-11,-0.7656532352885549,1
2016-04-12,-0.7633431341972475,1
2016-04-13,-0.7615157704214935,1
2016-04-14,-0.7575368582440004,1
2016-04-15,-0.7618020092408436,1
2016-04-18,-0.7607411950566384,1
2016-04-19,-0.7631078822855065,1
2016-04-20,-0.7702002372409896,1
2016-04-21,-0.7710008986327362,1
2016-04-22,-0.7678467438811237,1
2016-04-25,-0.7710905017765308,1
2016-04-26,-0.7710603969108523,1
2016-04-27,-0.7685641622418202,1
2016-04-28,-0.7691093069247893,1
2016-04-29,-0.7680386998352015,1
2016-05-03,-0.768417171986407,1
2016-05-04,-0.7671363355392877,1
2016-05-05,-0.7719767547638123,1
2016-05-06,-0.774736073937402,1
2016-05-09,-0.7801484969505201,1
2016-05-10,-0.780161582202405,1
2016-05-11,-0.7827258046074903,1
2016-05-12,-0.7888882271021599,1
2016-05-13,-0.7921063098620469,1
2016-05-16,-0.7886239931059441,1
2016-05-17,-0.7897138747015672,1
2016-05-18,-0.7946493975625635,1
2016-05-19,-0.7929425981436143,1
2016-05-20,-0.7916837597252996,1
2016-05-23,-0.786656310196827,1
2016-05-24,-0.786807903907103,1
2016-05-25,-0.7848823195031311,1
2016-05-26,-0.7867034765074206,1
2016-05-27,-0.7927236010502584,1
2016-05-30,-0.7931891506285702,1
2016-05-31,-0.7850635088961924,1
2016-06-01,-0.787383857715031,1
2016-06-02,-0.7861749953492823,1
2016-06-03,-0.7844724264821749,1
2016-06-06,-0.7820564384334491,1
2016-06-07,-0.7807175813864192,1
2016-06-08,-0.7857326909291413,1
2016-06-13,-0.7868533617290898,1
2016-06-14,-0.7850175517343557,1
2016-06-15,-0.7842232725280543,1
2016-06-16,-0.7883680431159722,1
2016-06-17,-0.792108246336187,1
2016-06-20,-0.7924381246642366,1
2016-06-21,-0.7952497469893482,1
2016-06-22,-0.7900012181616627,1
2016-06-23,-0.7906448766397863,1
2016-06-24,-0.790006121552547,1
2016-06-27,-0.7837473852695205,1
2016-06-28,-0.7867736617118529,1
2016-06-29,-0.7861719407190795,1
2016-06-30,-0.7852391535821714,1
2016-07-01,-0.7896356055598573,1
2016-07-04,-0.786868658805021,1
2016-07-05,-0.7848409068497199,1
2016-07-06,-0.7841721912040341,1
2016-07-07,-0.7859769444427154,1
2016-07-08,-0.7855213203814684,1
2016-07-11,-0.7865644800198337,1
2016-07-12,-0.7871482792191488,1
2016-07-13,-0.7857828905854528,1
2016-07-14,-0.7841652607042975,1
2016-07-15,-0.7859773528968752,1
2016-07-18,-0.7840736549905671,1
2016-07-19,-0.7813559135905289,1
2016-07-20,-0.7810898659690971,1
2016-07-21,-0.7802469756641214,1
2016-07-22,-0.7819312753768796,1
2016-07-25,-0.7805379896155731,1
2016-07-26,-0.7780716315942351,1
2016-07-27,-0.7790890164207137,1
2016-07-28,-0.7837698727022979,1
2016-07-29,-0.7855634508893538,1
2016-08-01,-0.7877540708519551,1
2016-08-02,-0.7839026500380601,1
2016-08-03,-0.7811037516770512,1
2016-08-04,-0.778600285089225,1
2016-08-05,-0.7778564231750508,1
2016-08-08,-0.7756341172720186,1
2016-08-09,-0.7723302894805246,1
2016-08-10,-0.7761830652956443,1
2016-08-11,-0.7774573526286612,1
2016-08-12,-0.7747636472070989,1
2016-08-15,-0.7738499164274787,1
2016-08-16,-0.7753835035945102,1
2016-08-17,-0.7766785119498062,1
2016-08-18,-0.7758420999109106,1
2016-08-19,-0.7745491671319803,1
2016-08-22,-0.7764490563666475,1
2016-08-23,-0.7758911396245429,1
2016-08-24,-0.7746967222985799,1
2016-08-25,-0.7816865664628481,1
2016-08-26,-0.7826363329088176,1
2016-08-29,-0.7842778081108122,1
2016-08-30,-0.7839755700119204,1
2016-08-31,-0.7838461642136465,1
2016-09-01,-0.784702144292028,1
2016-09-02,-0.7849964707720979,1
2016-09-05,-0.7818165376142792,1
2016-09-06,-0.7797020450864803,1
2016-09-07,-0.7856805695563488,1
2016-09-08,-0.7854999837698557,1
2016-09-09,-0.7853329167621065,1
2016-09-12,-0.7876630407558848,1
2016-09-13,-0.7841162298299789,1
2016-09-14,-0.7878387630211229,1
2016-09-19,-0.7858339961978704,1
2016-09-20,-0.7853619720612223,1
2016-09-21,-0.7906453683851511,1
2016-09-22,-0.7915025822705164,1
2016-09-23,-0.7913705768915218,1
2016-09-26,-0.793380262389506,1
2016-09-27,-0.7920538447449356,1
2016-09-28,-0.7946650456370183,1
2016-09-29,-0.7950493172414604,1
2016-09-30,-0.7942113013188621,-1
2016-10-10,-0.790271571221987,-1
2016-10-11,-0.7883210572024029,-1
2016-10-12,-0.7879079577508448,-1
2016-10-13,-0.7875266934262537,-1
2016-10-14,-0.7888290884355562,-1
2016-10-17,-0.7904509539556899,-1
2016-10-18,-0.7862041251391221,-1
2016-10-19,-0.7852063528463985,-1
2016-10-20,-0.7858236853643515,-1
2016-10-21,-0.7871170038027381,-1
2016-10-24,-0.7860992465571709,-1
2016-10-25,-0.7846634382940354,-1
2016-10-26,-0.785610301693689,-1
2016-10-27,-0.7871009984720668,-1
2016-10-28,-0.7865458602372914,-1
2016-10-31,-0.785557040146275,-1
2016-11-01,-0.7810210910829406,-1
2016-11-02,-0.7792468058768496,-1
2016-11-03,-0.7794193182039452,-1
2016-11-04,-0.7797859254284358,-1
2016-11-07,-0.7804398495362557,-1
2016-11-08,-0.7787927424060338,-1
2016-11-09,-0.780466325423768,-1
2016-11-10,-0.7799794501803639,-1
2016-11-11,-0.7779086478284571,-1
2016-11-14,-0.7759509774188567,-1
2016-11-15,-0.7752219455950123,-1
2016-11-16,-0.7775172398584539,-1
2016-11-17,-0.7782143302359932,-1
2016-11-18,-0.7803426689729259,-1
2016-11-21,-0.7806106976434336,-1
2016-11-22,-0.7801093976163149,-1
2016-11-23,-0.779394259124778,-1
2016-11-24,-0.7804201326784803,-1
2016-11-25,-0.7804690722518847,-1
2016-11-28,-0.7799068652218397,-1
2016-11-29,-0.7815305331721573,-1
2016-11-30,-0.7824950155667307,-1
2016-12-01,-0.7824833729362229,-1
2016-12-02,-0.7846151634821626,-1
2016-12-05,-0.7845440748613872,-1
2016-12-06,-0.7827300863569707,-1
2016-12-07,-0.7807417696330988,-1
2016-12-08,-0.7836746267243737,-1
2016-12-09,-0.7840098840076938,-1
2016-12-12,-0.7875269073719057,-1
2016-12-13,-0.7863777298446393,-1
2016-12-14,-0.7839005721238287,-1
2016-12-15,-0.7836563321604173,-1
2016-12-16,-0.7814259227192607,-1
2016-12-19,-0.7830288214062722,-1
2016-12-20,-0.7835368064397739,-1
2016-12-21,-0.7813458197351669,-1
2016-12-22,-0.7814500613849179,-1
2016-12-23,-0.7827491786884996,-1
2016-12-26,-0.7806182387675157,-1
2016-12-27,-0.7806388979537711,-1
2016-12-28,-0.7806403465713424,-1
2016-12-29,-0.7817302849026101,-1
2016-12-30,-0.7830247519546286,-1
2017-01-03,-0.7853668539086722,-1
2017-01-04,-0.7847918872894777,-1
2017-01-05,-0.7852111165301849,-1
2017-01-06,-0.786697027543499,-1
2017-01-09,-0.7846328620423006,-1
2017-01-10,-0.7835168142919714,-1
2017-01-11,-0.7879519672655828,-1
2017-01-12,-0.7897667319142317,-1
2017-01-13,-0.7922273781362353,-1
2017-01-16,-0.7941085518146341,-1
2017-01-17,-0.7924232053950268,-1
2017-01-18,-0.7937301144752031,-1
2017-01-19,-0.7948069211897546,-1
2017-01-20,-0.7922401143686825,-1
2017-01-23,-0.7895700713872903,-1
2017-01-24,-0.7899869426128832,-1
2017-01-25,-0.793371097726004,-1
2017-01-26,-0.7931621338579444,-1
2017-02-03,-0.7947225504532127,-1
2017-02-06,-0.7929413279202769,-1
2017-02-07,-0.7930602653309274,-1
2017-02-08,-0.7929784254401969,-1
2017-02-09,-0.7929251371276498,-1
2017-02-10,-0.7962713126292678,-1
2017-02-13,-0.797910956887199,-1
2017-02-14,-0.7989695518482591,-1
2017-02-15,-0.801693455143263,-1
2017-02-16,-0.80076515658021,-1
2017-02-17,-0.8011911811845142,-1
2017-02-20,-0.8001802766629351,-1
2017-02-21,-0.7992060432945336,-1
2017-02-22,-0.8003032654727494,-1
2017-02-23,-0.8004313842093186,-1
2017-02-24,-0.7995267364993404,-1
2017-02-27,-0.8013180250227413,-1
2017-02-28,-0.8005700081966359,-1
2017-03-01,-0.7994478010797348,-1
2017-03-02,-0.8005409446598726,-1
2017-03-03,-0.8010699599565675,-1
2017-03-06,-0.7979547809643477,-1
2017-03-07,-0.7974300632025184,-1
2017-03-08,-0.7992426476769054,-1
2017-03-09,-0.8027737528820302,-1
2017-03-10,-0.8033700269811218,-1
2017-03-13,-0.8021550004946707,-1
2017-03-14,-0.8002421602748727,-1
2017-03-15,-0.8028533430660083,-1
2017-03-16,-0.8012087031374003,-1
2017-03-17,-0.8050223458639924,-1
2017-03-20,-0.8068893678992007,-1
2017-03-21,-0.8078687345281675,-1
2017-03-22,-0.8085260708743918,-1
2017-03-23,-0.8108573238733724,-1
2017-03-24,-0.8122995189918865,-1
2017-03-27,-0.8122652325166057,-1
2017-03-28,-0.8138748387505254,-1
2017-03-29,-0.8155282080733904,-1
2017-03-30,-0.8173392771764216,-1
2017-03-31,-0.8169409393607148,-1
2017-04-05,-0.8146349430062345,-1
2017-04-06,-0.8171207689182793,-1
2017-04-07,-0.819621827854877,-1
2017-04-10,-0.8199507896301459,-1
2017-04-11,-0.8173879429306331,-1
2017-04-12,-0.8210073250492054,-1
2017-04-13,-0.8213740004229595,-1
2017-04-14,-0.8211448341184318,-1
2017-04-17,-0.8221568897797501,-1
2017-04-18,-0.8224727574801933,-1
2017-04-19,-0.8216820284089944,-1
2017-04-20,-0.8261190370009149,-1
2017-04-21,-0.8282153788281956,-1
2017-04-24,-0.829933704457685,-1
2017-04-25,-0.8325310702687841,-1
2017-04-26,-0.8331448125499202,-1
2017-04-27,-0.8325555594055424,-1
2017-04-28,-0.8315145350538423,-1
2017-05-02,-0.8316590299319775,-1
2017-05-03,-0.8318839878495081,-1
2017-05-04,-0.8338623313074457,-1
2017-05-05,-0.8365499374991591,-1
2017-05-08,-0.8395668471443567,-1
2017-05-09,-0.8389922156922158,-1
2017-05-10,-0.8406564125039734,-1
2017-05-11,-0.8411866814902574,-1
2017-05-12,-0.8403715541039666,-1
2017-05-15,-0.8386674435406007,-1
2017-05-16,-0.8373177274259653,-1
2017-05-17,-0.8370448503756253,-1
2017-05-18,-0.8383257495280486,-1
2017-05-19,-0.8389183710253308,-1
2017-05-22,-0.8401635344943604,-1
2017-05-23,-0.8417262877897199,-1
2017-05-24,-0.8406834486619434,-1
2017-05-25,-0.8385295582858957,-1
2017-05-26,-0.8397928140729943,-1
2017-05-31,-0.8412202607074145,-1
2017-06-01,-0.8420892598081279,-1
2017-06-02,-0.8402387642512564,-1
2017-06-05,-0.8405692249520549,-1
2017-06-06,-0.840422413262652,-1
2017-06-07,-0.8363249152517852,-1
2017-06-08,-0.8359374456913595,-1
2017-06-09,-0.8356117484007997,-1
2017-06-12,-0.8377232611654997,-1
2017-06-13,-0.8351941745074216,-1
2017-06-14,-0.8342479287860114,-1
2017-06-15,-0.8341233651857478,-1
2017-06-16,-0.8332677359889331,-1
2017-06-19,-0.8331975203175623,-1
2017-06-20,-0.832457674568222,-1
2017-06-21,-0.8311596234074866,-1
2017-06-22,-0.8326775997667538,-1
2017-06-23,-0.8323463933415567,-1
2017-06-26,-0.8309687934807247,-1
2017-06-27,-0.830099830482234,-1
2017-06-28,-0.8307304247267416,-1
2017-06-29,-0.8294270127040093,-1
2017-06-30,-0.8295580187675782,-1
2017-07-03,-0.8315868613536238,-1
2017-07-04,-0.8313574350246095,-1
2017-07-05,-0.8309965963724835,-1
2017-07-06,-0.8308871057946607,-1
2017-07-07,-0.8327149392364421,-1
2017-07-10,-0.8317103398449728,-1
2017-07-11,-0.8336328725574328,-1
2017-07-12,-0.8322610211372906,-1
2017-07-13,-0.8304196934936173,-1
2017-07-14,-0.8301549302583686,-1
2017-07-17,-0.831217072637704,-1
2017-07-18,-0.8285778225588099,-1
2017-07-19,-0.8252492807378913,-1
2017-07-20,-0.822527167925498,-1
2017-07-21,-0.8229794078888528,-1
2017-07-24,-0.8232970100012514,-1
2017-07-25,-0.8237662341929987,-1
2017-07-26,-0.8243105066187479,-1
2017-07-27,-0.8224911498268657,-1
2017-07-28,-0.8213557673842685,-1
2017-07-31,-0.8189607832471074,-1
2017-08-01,-0.8173000958517935,-1
2017-08-02,-0.8159087428725637,-1
2017-08-03,-0.8166607955029145,-1
2017-08-04,-0.8148774235557591,-1
2017-08-07,-0.8128460875313863,-1
2017-08-08,-0.8122638369957128,-1
2017-08-09,-0.8125002405817535,-1
2017-08-10,-0.8157750588332097,-1
2017-08-11,-0.8169983288115652,-1
2017-08-14,-0.8123642650888994,-1
2017-08-15,-0.8118286315270695,-1
2017-08-16,-0.8091335977792055,-1
2017-08-17,-0.805379005979262,-1
2017-08-18,-0.8066832327456778,-1
2017-08-21,-0.8063453896349372,-1
2017-08-22,-0.8065102560466766,-1
2017-08-23,-0.8060475922418727,-1
2017-08-24,-0.8047384125753997,-1
2017-08-25,-0.8056587454804089,-1
2017-08-28,-0.8058030774638982,-1
2017-08-29,-0.8065386117526501,-1
2017-08-30,-0.8096833151201445,-1
2017-08-31,-0.8092040032229467,-1
2017-09-01,-0.808159647179291,-1
2017-09-04,-0.8053105066319244,-1
2017-09-05,-0.8071973883477821,-1
2017-09-06,-0.805745141505144,-1
2017-09-07,-0.8077384596303298,-1
2017-09-08,-0.8067769913281254,-1
2017-09-11,-0.8052663993526074,-1
2017-09-12,-0.8054993969308224,-1
2017-09-13,-0.8043261084751475,-1
2017-09-14,-0.8021856002942491,-1
2017-09-15,-0.802176782617496,-1
2017-09-18,-0.8011526001260411,-1
2017-09-19,-0.8007716027810559,-1
2017-09-20,-0.7969927342763604,-1
2017-09-21,-0.7977612297734904,-1
2017-09-22,-0.7977593687620624,-1
2017-09-25,-0.7990177302490307,-1
2017-09-26,-0.7977478887130561,-1
2017-09-27,-0.7974348974264263,-1
2017-09-28,-0.7979379955663993,-1
2017-09-29,-0.7967922722521827,-1
2017-10-09,-0.7941554304361621,-1
2017-10-10,-0.7914412585056793,-1
2017-10-11,-0.7919042128543168,-1
2017-10-12,-0.7921171564709693,-1
2017-10-13,-0.7902978360517573,-1
2017-10-16,-0.7898682538533102,-1
2017-10-17,-0.7916319271908349,-1
2017-10-18,-0.794157985079642,-1
2017-10-19,-0.7953713842940279,-1
2017-10-20,-0.7935237236332845,-1
2017-10-23,-0.7931867237508522,-1
2017-10-24,-0.7938913572690253,-1
2017-10-25,-0.7939737763068871,-1
2017-10-26,-0.7961785907698987,-1
2017-10-27,-0.7986788626757171,-1
2017-10-30,-0.8027257400612006,-1
2017-10-31,-0.8022731030151143,-1
2017-11-01,-0.8024433518715763,-1
2017-11-02,-0.804203643467766,-1
2017-11-03,-0.8047683208929551,-1
2017-11-06,-0.8052970508610274,-1
2017-11-07,-0.8058666299774089,-1
2017-11-08,-0.8061082376217407,-1
2017-11-09,-0.805682215165955,-1
2017-11-10,-0.8044302449936453,-1
2017-11-13,-0.8079106325581679,-1
2017-11-14,-0.8093789609512976,-1
2017-11-15,-0.8120650221510374,-1
2017-11-16,-0.8146161208424076,-1
2017-11-17,-0.8167878291668124,-1
2017-11-20,-0.8175145046464326,-1
2017-11-21,-0.8174056762847872,-1
2017-11-22,-0.8171793093138867,-1
2017-11-23,-0.818714680722067,-1
2017-11-24,-0.8199755127404559,-1
2017-11-27,-0.8224643136208347,-1
2017-11-28,-0.8206054443046971,-1
2017-11-29,-0.8215194057427198,-1
2017-11-30,-0.8229835105396712,-1
2017-12-01,-0.8223123988291721,-1
2017-12-04,-0.8257137717306737,-1
2017-12-05,-0.8283082560666106,-1
2017-12-06,-0.8288227360115962,-1
2017-12-07,-0.8281892448027857,-1
2017-12-08,-0.8287740923951604,-1
2017-12-11,-0.8292812199883554,-1
2017-12-12,-0.8308429449499803,-1
2017-12-13,-0.8316009098056338,-1
2017-12-14,-0.8323480870668774,-1
2017-12-15,-0.8324097103886778,-1
2017-12-18,-0.8350015935042253,-1
2017-12-19,-0.8345930190092172,-1
2017-12-20,-0.8376373169090187,-1
2017-12-21,-0.8375234033537359,-1
2017-12-22,-0.8384390498303748,-1
2017-12-25,-0.838994019727071,-1
2017-12-26,-0.8403582625700058,-1
2017-12-27,-0.8423063269671377,-1
2017-12-28,-0.8428522184374958,-1
2017-12-29,-0.8444958721822452,-1
2018-01-02,-0.8468120048594872,-1
2018-01-03,-0.8472832757231663,-1
2018-01-04,-0.847954731867252,-1
2018-01-05,-0.8486447590470072,-1
2018-01-08,-0.8494609874001873,-1
2018-01-09,-0.8482349221537705,-1
2018-01-10,-0.8486472584164553,-1
2018-01-11,-0.8467764991853536,-1
2018-01-12,-0.8468484888949528,-1
2018-01-15,-0.850974363081539,-1
2018-01-16,-0.8524220213541878,-1
2018-01-17,-0.8525545938322138,-1
2018-01-18,-0.8538812717880273,-1
2018-01-19,-0.8548280895609749,-1
2018-01-22,-0.8532339749469015,-1
2018-01-23,-0.8529092745767335,-1
2018-01-24,-0.8530850191174483,-1
2018-01-25,-0.853257529544593,-1
2018-01-26,-0.8524975636885628,-1
2018-01-29,-0.853259389524231,-1
2018-01-30,-0.8552262432404077,-1
2018-01-31,-0.8580668737628383,-1
2018-02-01,-0.860533277225289,-1
2018-02-02,-0.8610469577128479,-1
2018-02-05,-0.8620915410676749,-1
2018-02-06,-0.8648807620520265,-1
2018-02-07,-0.8646769851585832,-1
2018-02-08,-0.8632028423077601,-1
2018-02-09,-0.8649053325091841,-1
2018-02-12,-0.8607930153273826,-1
2018-02-13,-0.8622468020210086,-1
2018-02-14,-0.8619422915279704,-1
2018-02-22,-0.859636298104537,-1
2018-02-23,-0.8578211838540598,-1
2018-02-26,-0.8547536963584895,-1
2018-02-27,-0.852739389017788,-1
2018-02-28,-0.8540529896204021,-1
2018-03-01,-0.8513711806213752,-1
2018-03-02,-0.8505410433088568,-1
2018-03-05,-0.8512992488931693,-1
2018-03-06,-0.8496325505269682,-1
2018-03-07,-0.8477227861709827,-1
2018-03-08,-0.8490390925968403,-1
2018-03-09,-0.8467162444879345,-1
2018-03-12,-0.8443969648509723,-1
2018-03-13,-0.8456118559518063,-1
2018-03-14,-0.845891924502311,-1
2018-03-15,-0.84658346685304,-1
2018-03-16,-0.8459505517010434,-1
2018-03-19,-0.8452588123962419,-1
2018-03-20,-0.8438331324192583,-1
2018-03-21,-0.8447367135399892,-1
2018-03-22,-0.8438330618280946,-1
2018-03-23,-0.8450009542506489,-1
2018-03-26,-0.8413241929765897,-1
2018-03-27,-0.8354751398358836,-1
2018-03-28,-0.8358076339318877,-1
2018-03-29,-0.8345128833912191,-1
2018-03-30,-0.8301484663344717,-1
2018-04-02,-0.8289769027128533,-1
2018-04-03,-0.8299586254749122,-1
2018-04-04,-0.8314096092381421,-1
2018-04-09,-0.829730983984922,-1
2018-04-10,-0.829133249213425,-1
2018-04-11,-0.8286475012352655,-1
2018-04-12,-0.8281745881002767,-1
2018-04-13,-0.8278744532160138,-1
2018-04-16,-0.8275959889486237,-1
2018-04-17,-0.8279976842388886,-1
2018-04-18,-0.8231738667082272,-1
2018-04-19,-0.8216935244405781,-1
2018-04-20,-0.8218857231378721,-1
2018-04-23,-0.8209786720701743,-1
2018-04-24,-0.8172110767002433,-1
2018-04-25,-0.8168756702232004,-1
2018-04-26,-0.8166106922873595,-1
2018-04-27,-0.8170526169890306,-1
2018-05-02,-0.8173969272038525,-1
2018-05-03,-0.8155216183818242,-1
2018-05-04,-0.8148819752737725,-1
2018-05-07,-0.8122083709561261,-1
2018-05-08,-0.8095844528453718,-1
2018-05-09,-0.8072772883027641,-1
2018-05-10,-0.8063614657615322,-1
2018-05-11,-0.8064032109723611,-1
2018-05-14,-0.8041471443659668,-1
2018-05-15,-0.8026933301791128,-1
2018-05-16,-0.8032137684023153,-1
2018-05-17,-0.8012524824514187,-1
2018-05-18,-0.8029471732582235,-1
2018-05-21,-0.8000326603437365,-1
2018-05-22,-0.7989658917532853,-1
2018-05-23,-0.8011022309365913,-1
2018-05-24,-0.8006716897161923,-1
2018-05-25,-0.8039056311126258,-1
2018-05-28,-0.8047133927956349,-1
2018-05-29,-0.8061383293415252,-1
2018-05-30,-0.8095889198188656,-1
2018-05-31,-0.8073754477358022,1
2018-06-01,-0.8088779062440583,1
2018-06-04,-0.8095732002960021,1
2018-06-05,-0.8067848263441294,1
2018-06-06,-0.8070741321736696,1
2018-06-07,-0.8109601065070101,1
2018-06-08,-0.8142277143656286,1
2018-06-11,-0.8149355241990895,1
2018-06-12,-0.8127688744426947,1
2018-06-13,-0.813431570713625,1
2018-06-14,-0.814110041441842,1
2018-06-15,-0.8164445029455899,1
2018-06-19,-0.8195454413250848,1
2018-06-20,-0.817858511605294,1
2018-06-21,-0.8198080279009881,1
2018-06-22,-0.8165386441367204,1
2018-06-25,-0.8198676063326001,1
2018-06-26,-0.822426474797137,1
2018-06-27,-0.8224635857047683,1
2018-06-28,-0.824050102550546,1
2018-06-29,-0.8231619590920126,1
2018-07-02,-0.8244308172773949,1
2018-07-03,-0.8201023496655623,1
2018-07-04,-0.8203928256469288,1
2018-07-05,-0.8229746890764884,1
2018-07-06,-0.821998906553064,1
2018-07-09,-0.8191567384276062,1
2018-07-10,-0.8177126129621832,1
2018-07-11,-0.8186200032286124,1
2018-07-12,-0.8158231334071433,1
2018-07-13,-0.8146457434783517,1
2018-07-16,-0.8158916160798382,1
2018-07-17,-0.8144631196126177,1
2018-07-18,-0.8139867409131479,1
2018-07-19,-0.8145990743838678,1
2018-07-20,-0.8157387583876256,1
2018-07-23,-0.8146985880281427,1
2018-07-24,-0.812006644937894,1
2018-07-25,-0.8106579085630183,1
2018-07-26,-0.8080182938538151,1
2018-07-27,-0.809235449550139,1
2018-07-30,-0.8096889304332687,1
2018-07-31,-0.8110915486172531,1
2018-08-01,-0.8131252169882142,1
2018-08-02,-0.8144222801999418,1
2018-08-03,-0.8156632158666586,1
2018-08-06,-0.8160338531867228,1
2018-08-07,-0.8117899389877555,1
2018-08-08,-0.8137982205892593,1
2018-08-09,-0.8094953079129831,1
2018-08-10,-0.8084518850582959,1
2018-08-13,-0.8073239474990115,1
2018-08-14,-0.8091545763922453,1
2018-08-15,-0.8111973291430619,1
2018-08-16,-0.8114935922040495,1
2018-08-17,-0.8131203461725478,1
2018-08-20,-0.8117245181719657,1
2018-08-21,-0.8098812477282266,1
2018-08-22,-0.8092653145692067,1
2018-08-23,-0.8063126181949694,1
2018-08-24,-0.807939715514239,1
2018-08-27,-0.8029149886084674,1
2018-08-28,-0.8019223235033606,1
2018-08-29,-0.8045229584971378,1
2018-08-30,-0.8060277738356976,1
2018-08-31,-0.8065547675707122,1
2018-09-03,-0.805565111443285,1
2018-09-04,-0.801601578848198,1
2018-09-05,-0.8020300962100347,1
2018-09-06,-0.8008781389197349,1
2018-09-07,-0.7996579652374218,1
2018-09-10,-0.7989157483770433,1
2018-09-11,-0.7954262949266463,1
2018-09-12,-0.7963581413047298,1
2018-09-13,-0.7929985222502406,1
2018-09-14,-0.7954972483476863,1
2018-09-17,-0.7951363152845541,1
2018-09-18,-0.7935769714197828,1
2018-09-19,-0.7909774923245324,1
2018-09-20,-0.7882448521635838,1
2018-09-21,-0.7913585449212944,1
2018-09-25,-0.791239526425631,1
2018-09-26,-0.7942264598330315,1
2018-09-27,-0.7935670220186568,1
2018-09-28,-0.7906722089545084,1
2018-10-08,-0.7932919908705907,1
2018-10-09,-0.7951615567736433,1
2018-10-10,-0.7962648746458609,1
2018-10-11,-0.7970465382208148,1
2018-10-12,-0.8014566132565266,1
2018-10-15,-0.801570365481539,1
2018-10-16,-0.803629976317674,1
2018-10-17,-0.8036863222905697,1
2018-10-18,-0.80513033894009,1
2018-10-19,-0.8013695125616194,1
2018-10-22,-0.7965461163482851,1
2018-10-23,-0.7982529562736198,1
2018-10-24,-0.7996874604209329,1
2018-10-25,-0.8010030573026785,1
2018-10-26,-0.8023119784642748,1
2018-10-29,-0.8036602481800873,1
2018-10-30,-0.8006879364552596,1
2018-10-31,-0.7988761317371099,1
2018-11-01,-0.7959797539158273,1
2018-11-02,-0.7898463414734709,1
2018-11-05,-0.7863835184859468,1
2018-11-06,-0.784183364869307,1
2018-11-07,-0.7871715920901984,1
2018-11-08,-0.7842292077144714,1
2018-11-09,-0.7872264600915847,1
2018-11-12,-0.7818820077885669,1
2018-11-13,-0.7770939465489465,1
2018-11-14,-0.7750266034543944,1
2018-11-15,-0.7691052585060779,1
2018-11-16,-0.7653754723997659,1
2018-11-19,-0.7621458280385894,1
2018-11-20,-0.7632213949781984,1
2018-11-21,-0.7616377393572544,1
2018-11-22,-0.7584957623774087,1
2018-11-23,-0.7617348720619733,1
2018-11-26,-0.7605664234344371,1
2018-11-27,-0.7617032494674181,1
2018-11-28,-0.7585694098138677,1
2018-11-29,-0.7596245149251113,1
2018-11-30,-0.7559580663858484,1
2018-12-03,-0.7484887436445101,1
2018-12-04,-0.7452493945549794,1
2018-12-05,-0.7480806782129485,1
2018-12-06,-0.7489398743866685,1
2018-12-07,-0.7483122334125274,1
2018-12-10,-0.7490844495352642,1
2018-12-11,-0.7439644285430119,1
2018-12-12,-0.7442794587280179,1
2018-12-13,-0.7429685508453068,1
2018-12-14,-0.7465979548991345,1
2018-12-17,-0.7444299424421623,1
2018-12-18,-0.7442148010439004,1
2018-12-19,-0.7473105471611688,1
2018-12-20,-0.7472089740732593,1
2018-12-21,-0.7483974661140245,1
2018-12-24,-0.7481039896178192,1
2018-12-25,-0.7472330059039517,1
2018-12-26,-0.7457938921010279,1
2018-12-27,-0.7456169711863151,1
2018-12-28,-0.7458253091440958,1
2019-01-02,-0.741977522936115,1
2019-01-03,-0.7416340088822463,1
2019-01-04,-0.7357374242124126,1
2019-01-07,-0.7272152583594501,1
2019-01-08,-0.7242412253607918,1
2019-01-09,-0.7218570339267303,1
2019-01-10,-0.7195176823723315,1
2019-01-11,-0.7185163514592985,1
2019-01-14,-0.7145889593514807,1
2019-01-15,-0.7142798735388083,1
2019-01-16,-0.7200179609092971,1
2019-01-17,-0.7185627324828089,1
2019-01-18,-0.7176958864111729,1
2019-01-21,-0.7159430324830276,1
2019-01-22,-0.7160687961946668,1
2019-01-23,-0.7130275301672651,1
2019-01-24,-0.7129036752791081,1
2019-01-25,-0.7151762296392613,1
2019-01-28,-0.716156690046146,1
2019-01-29,-0.722175656100934,1
2019-01-30,-0.7262735808461824,1
2019-01-31,-0.7280060066536198,1
2019-02-01,-0.7241111135001116,1
2019-02-11,-0.7211129008947937,1
2019-02-12,-0.718397300794435,1
2019-02-13,-0.7202757503406185,1
2019-02-14,-0.7246086058718169,1
2019-02-15,-0.7241449901249044,1
2019-02-18,-0.7214494061419567,1
2019-02-19,-0.721083616386356,1
2019-02-20,-0.7202098380938785,1
2019-02-21,-0.7182777822358356,1
2019-02-22,-0.7139284416314632,1
2019-02-25,-0.7076860743075161,1
2019-02-26,-0.7047715602140178,1
2019-02-27,-0.7038347177951075,1
2019-02-28,-0.7055517784662814,1
2019-03-01,-0.7063364830554691,1
2019-03-04,-0.7002814641323246,1
2019-03-05,-0.6942503511987927,1
2019-03-06,-0.6943013976568186,1
2019-03-07,-0.6923373448551169,1
2019-03-08,-0.6926050562954388,1
2019-03-11,-0.6844375890887023,1
2019-03-12,-0.6800333714592626,1
2019-03-13,-0.6797100649905887,1
2019-03-14,-0.6845127349205653,1
2019-03-15,-0.6824602446942055,1
2019-03-18,-0.6804471817934962,1
2019-03-19,-0.6758222461581568,1
2019-03-20,-0.6754697023072216,1
2019-03-21,-0.6710071872335581,1
2019-03-22,-0.668612997265104,1
2019-03-25,-0.6691626649150666,1
2019-03-26,-0.6702384585395428,1
2019-03-27,-0.6702663766642206,1
2019-03-28,-0.6712511046422069,1
2019-03-29,-0.6679781452769423,1
2019-04-01,-0.6613772075248633,1
2019-04-02,-0.6595849959592736,1
2019-04-03,-0.6580394111168456,1
2019-04-04,-0.6576898890978709,1
2019-04-08,-0.6624477042594987,1
2019-04-09,-0.6659171123699992,1
2019-04-10,-0.6671958779890015,1
2019-04-11,-0.6693503722896279,1
2019-04-12,-0.6689224924221855,1
2019-04-15,-0.6719061818098315,1
2019-04-16,-0.6682647104831807,1
2019-04-17,-0.6678042113922044,1
2019-04-18,-0.6662552390123776,1
2019-04-19,-0.66370701522234,1
2019-04-22,-0.6631173338176082,1
2019-04-23,-0.664633829127475,1
2019-04-24,-0.6607486287658071,1
2019-04-25,-0.6635126620535586,1
2019-04-26,-0.6649816469271602,1
2019-04-29,-0.6667337508788925,1
2019-04-30,-0.6645317669370204,1
2019-05-06,-0.6654859096845502,1
2019-05-07,-0.6610642485797997,1
2019-05-08,-0.6590168932966288,1
2019-05-09,-0.664094355431754,1
2019-05-10,-0.6614816592559319,1
2019-05-13,-0.6644108029485455,1
2019-05-14,-0.6674426192894745,1
2019-05-15,-0.6639203564676838,1
2019-05-16,-0.6640125755449934,1
2019-05-17,-0.6722118027273484,1
2019-05-20,-0.6728333852300544,1
2019-05-21,-0.670046257633556,1
2019-05-22,-0.6694611177772668,1
2019-05-23,-0.6775287759121782,1
2019-05-24,-0.6867499730816178,1
2019-05-27,-0.6810677037807954,1
2019-05-28,-0.6815366932065993,1
2019-05-29,-0.6793088264631548,1
2019-05-30,-0.6814239428774128,1
2019-05-31,-0.6846271626614655,1
2019-06-03,-0.6916129881865668,1
2019-06-04,-0.6978379725175476,1
2019-06-05,-0.7013962049350978,1
2019-06-06,-0.7027232749341416,1
2019-06-10,-0.7068456022821041,1
2019-06-11,-0.7043327191111507,1
2019-06-12,-0.7020094899711461,1
2019-06-13,-0.6978860402946573,1
2019-06-14,-0.7008565435577865,1
2019-06-17,-0.7029825461226379,1
2019-06-18,-0.7042859337349788,1
2019-06-19,-0.702255739033969,1
2019-06-20,-0.7032819065491313,1
2019-06-21,-0.7012655153167469,1
2019-06-24,-0.7012336765436307,1
2019-06-25,-0.6996364853887689,1
2019-06-26,-0.7001736776334044,1
2019-06-27,-0.697575666494199,1
2019-06-28,-0.7038152698086854,1
2019-07-01,-0.7037807483961984,1
2019-07-02,-0.7059178553263908,1
2019-07-03,-0.7094078683566866,1
2019-07-04,-0.7109163612450797,1
2019-07-05,-0.7109725574811675,1
2019-07-08,-0.7151502308343942,1
2019-07-09,-0.7150457069317938,1
2019-07-10,-0.7151863717237928,1
2019-07-11,-0.7164625869130472,1
2019-07-12,-0.716305810917857,1
2019-07-15,-0.718217588469598,1
2019-07-16,-0.7202851263572836,1
2019-07-17,-0.7209847504583248,1
2019-07-18,-0.725699671841656,1
2019-07-19,-0.726349260987449,1
2019-07-22,-0.7245417765346598,1
2019-07-23,-0.7251690878068803,1
2019-07-24,-0.7193374965916473,1
2019-07-25,-0.7176963411292164,1
2019-07-26,-0.7159914750556321,1
2019-07-29,-0.7169711707000946,1
2019-07-30,-0.713282845586502,1
2019-07-31,-0.7163752433726421,1
2019-08-01,-0.7163246642806256,1
2019-08-02,-0.7156993983404673,1
2019-08-05,-0.7229727227427042,1
2019-08-06,-0.7251528263495337,1
2019-08-07,-0.7254477581502923,1
2019-08-08,-0.7281395177496838,1
2019-08-09,-0.7316581881306711,1
2019-08-12,-0.7267573289953254,1
2019-08-13,-0.7288083827232791,1
2019-08-14,-0.7326964571940932,1
2019-08-15,-0.732960186886863,1
2019-08-16,-0.7309860664062159,1
2019-08-19,-0.7243135113731008,1
2019-08-20,-0.7296063364045723,1
2019-08-21,-0.7301161128147926,1
2019-08-22,-0.7315756735064539,1
2019-08-23,-0.7316625145085178,1
2019-08-26,-0.7326158326117927,1
2019-08-27,-0.7288673779315662,1
2019-08-28,-0.7264666530534655,1
2019-08-29,-0.7263387757936502,1
2019-08-30,-0.7255556892463236,1
2019-09-02,-0.7228356435271495,1
2019-09-03,-0.7261098282286748,1
2019-09-04,-0.7260413344896414,1
2019-09-05,-0.7257325336455664,1
2019-09-06,-0.7225759672313603,1
2019-09-09,-0.7166887273790346,1
2019-09-10,-0.7161761535307037,1
2019-09-11,-0.719535710920482,1
2019-09-12,-0.720281462695996,1
2019-09-16,-0.72123076532679,1
2019-09-17,-0.7236835853808058,1
2019-09-18,-0.7236600681833814,1
2019-09-19,-0.7201608838746818,1
2019-09-20,-0.7210812565171617,1
2019-09-23,-0.718404599933565,1
2019-09-24,-0.722463992333777,1
2019-09-25,-0.723709590615618,1
2019-09-26,-0.725336062742117,1
2019-09-27,-0.721949412623649,1
2019-09-30,-0.7237064240765158,1
2019-10-08,-0.7219080387381765,1
2019-10-09,-0.7208287863072675,1
2019-10-10,-0.7164017326814535,1
2019-10-11,-0.7160474428058566,1
2019-10-14,-0.7117555685648637,1
2019-10-15,-0.7160406004417802,1
2019-10-16,-0.7174932170045137,1
2019-10-17,-0.7170428547288551,1
2019-10-18,-0.7163142316333155,1
2019-10-21,-0.7164982356742722,1
2019-10-22,-0.71439054037675,1
2019-10-23,-0.7170860640863427,1
2019-10-24,-0.7199873636390307,1
2019-10-25,-0.7190621202570793,1
2019-10-28,-0.7121456897281973,1
2019-10-29,-0.7141829489010044,1
2019-10-30,-0.7144712088396449,1
2019-10-31,-0.7149143891409279,1
2019-11-01,-0.7137008448474514,1
2019-11-04,-0.7120729573664287,1
2019-11-05,-0.7109538466629041,1
2019-11-06,-0.7093228290700136,1
2019-11-07,-0.7069818819809282,1
2019-11-08,-0.7089869228063563,1
2019-11-11,-0.7093303892632242,1
2019-11-12,-0.7114084367908272,1
2019-11-13,-0.7106527664350508,1
2019-11-14,-0.7086895456396138,1
2019-11-15,-0.7105200896168101,1
2019-11-18,-0.709161239012398,1
2019-11-19,-0.7102428599500777,1
2019-11-20,-0.7110786869273293,1
2019-11-21,-0.7111065485853079,1
2019-11-22,-0.7137243282554313,1
2019-11-25,-0.714784685522608,1
2019-11-26,-0.7149531228157388,1
2019-11-27,-0.7176093740176316,1
2019-11-28,-0.7187024245234602,1
2019-11-29,-0.719616015957064,1
2019-12-02,-0.7178229285201859,1
2019-12-03,-0.7218546773822802,1
2019-12-04,-0.7253356484351349,1
2019-12-05,-0.7243191402290842,1
2019-12-06,-0.7249011560026232,1
2019-12-09,-0.7258375584970196,1
2019-12-10,-0.728719185783822,1
2019-12-11,-0.7297591622955419,1
2019-12-12,-0.7285154385760803,1
2019-12-13,-0.7285792386766584,1
2019-12-16,-0.7261932487594571,1
2019-12-17,-0.7217649906830812,1
2019-12-18,-0.7202569107746918,1
2019-12-19,-0.722433442741644,1
2019-12-20,-0.7246568217808129,1
2019-12-23,-0.7276314707159098,1
2019-12-24,-0.7245811896677072,1
2019-12-25,-0.7205347740297524,1
2019-12-26,-0.7154582785808538,1
2019-12-27,-0.7188550500839237,1
2019-12-30,-0.7173940012433758,1
2019-12-31,-0.7164709531232514,1
2020-01-02,-0.7136616438799694,1
2020-01-03,-0.7153513747080728,1
2020-01-06,-0.7124550830031455,1
2020-01-07,-0.7127413602860109,1
2020-01-08,-0.711315541581461,1
2020-01-09,-0.7063937734060721,1
2020-01-10,-0.7076355626785309,1
2020-01-13,-0.7034709936212914,1
2020-01-14,-0.7031186353637033,1
2020-01-15,-0.70514568917899,1
2020-01-16,-0.7036669110181416,1
2020-01-17,-0.7046108286305819,1
2020-01-20,-0.7032971381513246,1
2020-01-21,-0.709468697829755,1
2020-01-22,-0.7049672861997288,1
2020-01-23,-0.7068470564065993,1
2020-02-03,-0.7069298152083259,1
2020-02-04,-0.7057161524039948,1
2020-02-05,-0.7015199244589819,1
2020-02-06,-0.6964635632288964,1
2020-02-07,-0.6922350249416775,1
2020-02-10,-0.692185891657515,1
2020-02-11,-0.6918742893910504,1
2020-02-12,-0.6836549376772627,1
2020-02-13,-0.6840400049367354,1
2020-02-14,-0.6830594462287995,1
2020-02-17,-0.6787959975538579,1
2020-02-18,-0.6723725734677422,1
2020-02-19,-0.6735531476568656,1
2020-02-20,-0.6733442207599191,1
2020-02-21,-0.6692361759414626,1
2020-02-24,-0.664038165913033,1
2020-02-25,-0.6589360701653892,1
2020-02-26,-0.6582015708294389,1
2020-02-27,-0.6567611873091111,1
2020-02-28,-0.660282572940495,1
2020-03-02,-0.65376250749374,1
2020-03-03,-0.6515775687198763,1
2020-03-04,-0.650653851435051,1
2020-03-05,-0.648810025883289,1
2020-03-06,-0.648135356358362,1
2020-03-09,-0.6517249539514782,1
2020-03-10,-0.6474809248987516,1
2020-03-11,-0.6487102548468691,1
2020-03-12,-0.6524701860775878,1
2020-03-13,-0.6511451201010061,1
2020-03-16,-0.6541110181138236,1
2020-03-17,-0.6543170617955407,1
2020-03-18,-0.6609267043968502,1
2020-03-19,-0.6596498342879165,1
2020-03-20,-0.6602269477143075,1
2020-03-23,-0.6644722710822223,1
2020-03-24,-0.6601492546055279,1
2020-03-25,-0.6533562140431065,1
2020-03-26,-0.6585791143603799,1
2020-03-27,-0.662576219913933,1
2020-03-30,-0.6661527619132203,1
2020-03-31,-0.6648218373567474,1
2020-04-01,-0.6637400812292363,1
2020-04-02,-0.6576382668122882,1
2020-04-03,-0.6614793483775522,1
2020-04-07,-0.6562107934882964,1
2020-04-08,-0.6568254923099288,1
2020-04-09,-0.6576231083666408,1
2020-04-10,-0.659446878116571,1
2020-04-13,-0.6643197878606518,1
2020-04-14,-0.6596437428113021,1
2020-04-15,-0.662738880275537,1
2020-04-16,-0.6609828193025848,1
2020-04-17,-0.661523014418124,1
2020-04-20,-0.6594047981797623,1
2020-04-21,-0.6585731933033334,1
2020-04-22,-0.6582306175693041,1
2020-04-23,-0.6569386596520917,1
2020-04-24,-0.6609709741648838,1
2020-04-27,-0.6600398018319186,1
2020-04-28,-0.6594459820224224,1
2020-04-29,-0.6630023490285428,1
2020-04-30,-0.6632099604456533,1
2020-05-06,-0.6640774851108903,1
2020-05-07,-0.6681802072068055,1
2020-05-08,-0.668007957587724,1
2020-05-11,-0.667755050399644,1
2020-05-12,-0.673179210113396,1
2020-05-13,-0.6730881585690871,1
2020-05-14,-0.6739918637534589,1
2020-05-15,-0.6784808066244384,1
2020-05-18,-0.6838452573582863,1
2020-05-19,-0.6802971481463894,1
2020-05-20,-0.684791856980964,1
2020-05-21,-0.6901259161313043,1
2020-05-22,-0.6969921897079445,1
2020-05-25,-0.701391878033854,1
2020-05-26,-0.6956884277352535,1
2020-05-27,-0.6959589316636934,1
2020-05-28,-0.6930561828625238,1
2020-05-29,-0.697263473602886,1
2020-06-01,-0.6929069793521297,1
2020-06-02,-0.6925042941376571,1
2020-06-03,-0.6936516342007748,1
2020-06-04,-0.6936602798652846,1
2020-06-05,-0.6917274496740125,1
2020-06-08,-0.6976947447679855,1
2020-06-09,-0.6961447735135746,1
2020-06-10,-0.695847244993659,1
2020-06-11,-0.6965018683156387,1
2020-06-12,-0.6929163370414789,1
2020-06-15,-0.692520021937819,1
2020-06-16,-0.6869455285557878,1
2020-06-17,-0.6885222124305573,1
2020-06-18,-0.6886322550347224,1
2020-06-19,-0.6845103657084911,1
2020-06-22,-0.6849865753234712,1
2020-06-23,-0.6884625701085526,1
2020-06-24,-0.6872936531036168,1
2020-06-29,-0.6856497821135596,1
2020-06-30,-0.6802930814366057,1
2020-07-01,-0.6798524719565933,1
2020-07-02,-0.6775190532389777,1
2020-07-03,-0.681434907520279,1
2020-07-06,-0.6744330505558006,1
2020-07-07,-0.67861515770741,1
2020-07-08,-0.6749317830777996,1
2020-07-09,-0.6715298967179477,1
2020-07-10,-0.6687950907265688,1
2020-07-13,-0.661178366923516,1
2020-07-14,-0.6645055061491566,1
2020-07-15,-0.6661025967208124,1
2020-07-16,-0.6699073149599108,1
2020-07-17,-0.6694435767705923,1
2020-07-20,-0.6664865374672502,1
2020-07-21,-0.6658320816445296,1
2020-07-22,-0.6670815112406926,1
2020-07-23,-0.6666140424034619,1
2020-07-24,-0.6677252233223939,1
2020-07-27,-0.6662412722457447,1
2020-07-28,-0.6624314206892998,1
2020-07-29,-0.6539203138611183,1
2020-07-30,-0.6572748745570718,1
2020-07-31,-0.6574530429230521,1
2020-08-03,-0.6496682068746905,1
2020-08-04,-0.6524611453051421,1
2020-08-05,-0.6485287187139667,1
2020-08-06,-0.6468158151691223,1
2020-08-07,-0.6470334400985843,1
2020-08-10,-0.6464564215940477,1
2020-08-11,-0.6493262527452577,1
2020-08-12,-0.6492480402331354,1
2020-08-13,-0.6509561511778347,1
2020-08-14,-0.6477359211504871,1
2020-08-17,-0.6414401753813722,1
2020-08-18,-0.6375475279554935,1
2020-08-19,-0.6379652196160718,1
2020-08-20,-0.6433103849485933,1
2020-08-21,-0.6420162107249172,1
2020-08-24,-0.6391993834392419,1
2020-08-25,-0.6405923129563962,1
2020-08-26,-0.6483225822821764,1
2020-08-27,-0.6464748152204921,1
2020-08-28,-0.64527348886431,1
2020-08-31,-0.6457539255192276,1
2020-09-01,-0.6442473869070771,1
2020-09-02,-0.6414276273370245,1
2020-09-03,-0.6424661986465616,1
2020-09-04,-0.6394945420087313,1
2020-09-07,-0.6386043654058496,1
2020-09-08,-0.6351716826810884,1
2020-09-09,-0.6373352111240138,1
2020-09-10,-0.6438581533574419,1
2020-09-11,-0.641194986244278,1
2020-09-14,-0.6362425728931627,1
2020-09-15,-0.6362867392692682,1
2020-09-16,-0.6389295961912709,1
2020-09-17,-0.6381005585882531,1
2020-09-18,-0.6354400059291504,1
2020-09-21,-0.634357804003384,1
2020-09-22,-0.6392673862081479,1
2020-09-23,-0.6381139934893906,1
2020-09-24,-0.6436282747274007,1
2020-09-25,-0.6470037911680143,1
2020-09-28,-0.655373244026635,1
2020-09-29,-0.6552708123783972,1
2020-09-30,-0.6615933737504613,1
2020-10-09,-0.6608291637449365,1
2020-10-12,-0.6543867787300067,1
2020-10-13,-0.6589464401384292,1
2020-10-14,-0.6603766322613076,1
2020-10-15,-0.6590975697753524,1
2020-10-16,-0.6569211462975292,1
2020-10-19,-0.6572016699736593,1
2020-10-20,-0.6600443892382996,1
2020-10-21,-0.6624749119450095,1
2020-10-22,-0.6642756994899266,1
2020-10-23,-0.6670439141246581,1
2020-10-26,-0.6634978467909709,1
2020-10-27,-0.6633087257873542,1
2020-10-28,-0.6649002447106885,1
2020-10-29,-0.6722559148325536,1
2020-10-30,-0.6752632635345227,1
2020-11-02,-0.6777087618225466,1
2020-11-03,-0.6814486999637311,1
2020-11-04,-0.6805858029816355,1
2020-11-05,-0.680390975236931,1
2020-11-06,-0.6832018478742438,1
2020-11-09,-0.6782563969856608,1
2020-11-10,-0.6798555507876842,1
2020-11-11,-0.6812683360903655,1
2020-11-12,-0.6808049892877048,1
2020-11-13,-0.6825332452311141,1
2020-11-16,-0.6836630384463228,1
2020-11-17,-0.6894877775165303,1
2020-11-18,-0.6911025504706007,1
2020-11-19,-0.6884801610263726,1
2020-11-20,-0.6858913586120782,1
2020-11-23,-0.6869096582641008,1
2020-11-24,-0.6890560949194325,1
2020-11-25,-0.6912847242998914,1
2020-11-26,-0.6906113501678166,1
2020-11-27,-0.6942486835947967,1
2020-11-30,-0.6969116148523565,1
2020-12-01,-0.694471526127142,1
2020-12-02,-0.6958737933662171,1
2020-12-03,-0.6986949493434974,1
2020-12-04,-0.698101617320295,1
2020-12-07,-0.7012455088565758,1
2020-12-08,-0.70210143145843,1
2020-12-09,-0.7081361249614985,1
2020-12-10,-0.7077300857890463,1
2020-12-11,-0.7063505034436808,1
2020-12-14,-0.7085504340537425,1
2020-12-15,-0.7140519907943828,1
2020-12-16,-0.714741180894525,1
2020-12-17,-0.7121268459806055,1
2020-12-18,-0.713451286943824,1
2020-12-21,-0.711713404839561,1
2020-12-22,-0.7138788812161158,1
2020-12-23,-0.7097923353749019,1
2020-12-24,-0.7130277853225454,1
2020-12-25,-0.7082262699309954,1
2020-12-28,-0.7062994141021318,1
2020-12-29,-0.705223090841964,1
2020-12-30,-0.705266963447322,1
2020-12-31,-0.701023456752457,1
2021-01-04,-0.7034321700571183,1
2021-01-05,-0.7091833768457872,1
2021-01-06,-0.7118691991878333,1
2021-01-07,-0.7106124577205329,1
2021-01-08,-0.7098045068236024,1
2021-01-11,-0.7108888755759925,1
2021-01-12,-0.7098340961843793,1
2021-01-13,-0.7133785808825965,1
2021-01-14,-0.7126826614638598,1
2021-01-15,-0.7133078095970625,1
2021-01-18,-0.7092416632453068,1
2021-01-19,-0.710740626532697,1
2021-01-20,-0.7101126970856446,1
2021-01-21,-0.7099481795087529,1
2021-01-22,-0.7098543872545985,1
2021-01-25,-0.7082978112601028,1
2021-01-26,-0.7115316381696044,1
2021-01-27,-0.715178332340312,1
2021-01-28,-0.7170728629475851,1
2021-01-29,-0.7225742193079958,1
2021-02-01,-0.7206684660397232,1
2021-02-02,-0.7247447417943965,1
2021-02-03,-0.7255665366385207,1
2021-02-04,-0.7248938183791006,1
2021-02-05,-0.7278650548064207,1
2021-02-08,-0.7281189957229562,1
2021-02-09,-0.7268038522727863,1
2021-02-10,-0.7244428179040729,1
2021-02-18,-0.7226934532371462,1
2021-02-19,-0.7217966340744087,1
2021-02-22,-0.72352045569813,1
2021-02-23,-0.7247251142767209,1
2021-02-24,-0.7264874856584567,1
2021-02-25,-0.7262671208884829,1
2021-02-26,-0.7268947099463179,1
2021-03-01,-0.7230549189201061,1
2021-03-02,-0.7238531405734665,1
2021-03-03,-0.724754244345698,1
2021-03-04,-0.7268079082130412,1
2021-03-05,-0.7264983635819882,1
2021-03-08,-0.7291685070164377,1
2021-03-09,-0.7312952872996306,1
2021-03-10,-0.7331807911910071,1
2021-03-11,-0.7279966075328222,1
2021-03-12,-0.7284504487207355,1
2021-03-15,-0.7275819351753557,1
2021-03-16,-0.7286153596197248,1
2021-03-17,-0.7280845438473796,1
2021-03-18,-0.7285488094895999,1
2021-03-19,-0.7317955103998504,1
2021-03-22,-0.7295336185341639,1
2021-03-23,-0.7349917320116514,1
2021-03-24,-0.7345417263686115,1
2021-03-25,-0.7378407126644083,1
2021-03-26,-0.7336977951124986,1
2021-03-29,-0.7358988475544629,1
2021-03-30,-0.7371826265565792,1
2021-03-31,-0.737642981374901,-1
2021-04-01,-0.7389597250252041,-1
2021-04-02,-0.7413879715575435,-1
2021-04-06,-0.7441027592012648,-1
2021-04-07,-0.7440670987834939,-1
2021-04-08,-0.743990356254476,-1
2021-04-09,-0.7441264709081834,-1
2021-04-12,-0.7453326754912675,-1
2021-04-13,-0.7447318677027301,-1
2021-04-14,-0.7435770833083609,-1
2021-04-15,-0.7439351468420663,-1
2021-04-16,-0.7403858991867059,-1
2021-04-19,-0.7360839492933849,-1
2021-04-20,-0.7389249907646777,-1
2021-04-21,-0.7386378058224837,-1
2021-04-22,-0.738652925051879,-1
2021-04-23,-0.7404811290324338,-1
2021-04-26,-0.7411234289474927,-1
2021-04-27,-0.7415483809317037,-1
2021-04-28,-0.7390464093639354,-1
2021-04-29,-0.7393536854469908,-1
2021-04-30,-0.7374363543184812,-1
2021-05-06,-0.7353801369582016,-1
2021-05-07,-0.7364467847484247,-1
2021-05-10,-0.7345934687401188,-1
2021-05-11,-0.732344444469682,-1
2021-05-12,-0.7277168952882851,-1
2021-05-13,-0.7253640136606475,-1
2021-05-14,-0.7225945421508857,-1
2021-05-17,-0.725402924029395,-1
2021-05-18,-0.7240769571156231,-1
2021-05-19,-0.7246681615598746,-1
2021-05-20,-0.7264681827684142,-1
2021-05-21,-0.7261041683440113,-1
2021-05-24,-0.7235641086401112,-1
2021-05-25,-0.7201586902824544,-1
2021-05-26,-0.7172097220330235,-1
2021-05-27,-0.7137460994302459,-1
2021-05-28,-0.7164976499947537,-1
2021-05-31,-0.7119127502105776,-1
2021-06-01,-0.7120719032404982,-1
2021-06-02,-0.7116952754972204,-1
2021-06-03,-0.7112229537258304,-1
2021-06-04,-0.7079184684530194,-1
2021-06-07,-0.702357175486601,-1
2021-06-08,-0.699598983603116,-1
2021-06-09,-0.7020212207229597,-1
2021-06-10,-0.6980188473570669,-1
2021-06-11,-0.6972639089247755,-1
2021-06-15,-0.6980367219758766,-1
2021-06-16,-0.6984655510287756,-1
2021-06-17,-0.693364742930409,-1
2021-06-18,-0.6885032536154174,-1
2021-06-21,-0.6870376365612715,-1
2021-06-22,-0.6837094931293043,-1
2021-06-23,-0.6801743972343666,-1
2021-06-24,-0.6803604041518091,-1
2021-06-25,-0.681624403637358,-1
2021-06-28,-0.6791059874299588,-1
2021-06-29,-0.6794306739565363,-1
2021-06-30,-0.6752912334473875,1
2021-07-01,-0.6775310986632012,1
2021-07-02,-0.6782163547676571,1
2021-07-05,-0.6739065344015344,1
2021-07-06,-0.6736367851747095,1
2021-07-07,-0.6681166085565009,1
2021-07-08,-0.6657288428348777,1
2021-07-09,-0.6617172824621289,1
2021-07-12,-0.6563591582479907,1
2021-07-13,-0.6558662820044384,1
2021-07-14,-0.6553010907343855,1
2021-07-15,-0.6560870085689776,1
2021-07-16,-0.6581815268275553,1
2021-07-19,-0.65636508592091,1
2021-07-20,-0.6524460565298569,1
2021-07-21,-0.647715729914325,1
2021-07-22,-0.643808085483563,1
2021-07-23,-0.6415677441680188,1
2021-07-26,-0.6403546232715798,1
2021-07-27,-0.6418429187077256,1
2021-07-28,-0.6423197333145395,1
2021-07-29,-0.6336210030180903,1
2021-07-30,-0.6292208199467798,1
2021-08-02,-0.625213062791039,1
2021-08-03,-0.6277555053066824,1
2021-08-04,-0.6218029568110673,1
2021-08-05,-0.6229028428347393,1
2021-08-06,-0.619282373066066,1
2021-08-09,-0.6200551446343426,1
2021-08-10,-0.6165664331108994,1
2021-08-11,-0.6152900747614558,1
2021-08-12,-0.6138566944989294,1
2021-08-13,-0.6122867968893235,1
2021-08-16,-0.6118139703855596,1
2021-08-17,-0.6154159920813976,1
2021-08-18,-0.614912609855044,1
2021-08-19,-0.6137667749078136,1
2021-08-20,-0.6139932317243306,1
2021-08-23,-0.6081893082252846,1
2021-08-24,-0.6098782523773507,1
2021-08-25,-0.6088071161381677,1
2021-08-26,-0.6069225530709852,1
2021-08-27,-0.6044010933399863,1
2021-08-30,-0.6021650213396837,1
2021-08-31,-0.6029391542809672,1
2021-09-01,-0.6038980150010735,1
2021-09-02,-0.6004474204218778,1
2021-09-03,-0.6024660705433927,1
2021-09-06,-0.6002129138552105,1
2021-09-07,-0.5963760976233694,1
2021-09-08,-0.5930433436456005,1
2021-09-09,-0.596329543973495,1
2021-09-10,-0.5988323538740534,1
2021-09-13,-0.5999722387080587,1
2021-09-14,-0.6014745888871833,1
2021-09-15,-0.6015276050582369,1
2021-09-16,-0.6028316727689188,1
2021-09-17,-0.6034603478623701,1
2021-09-22,-0.6030770469200575,1
2021-09-23,-0.600095346566628,1
2021-09-24,-0.6045080857684861,1
2021-09-27,-0.6043719082988275,1
2021-09-28,-0.6033060648048173,1
2021-09-29,-0.611225927543957,1
2021-09-30,-0.6077511924412297,1
2021-10-08,-0.6103511685618014,1
2021-10-11,-0.6130153118533583,1
2021-10-12,-0.6180494628190901,1
2021-10-13,-0.6209017083035724,1
2021-10-14,-0.6217571949483338,1
2021-10-15,-0.620524826335275,1
2021-10-18,-0.6195290494393041,1
2021-10-19,-0.619264862490128,1
2021-10-20,-0.6181329830543745,1
2021-10-21,-0.6212465789060201,1
2021-10-22,-0.6280054947113031,1
2021-10-25,-0.6274575738548833,1
2021-10-26,-0.6279741890155618,1
2021-10-27,-0.6286466645972323,1
2021-10-28,-0.6299153265346639,1
2021-10-29,-0.624864246005868,1
2021-11-01,-0.6312152490968629,1
2021-11-02,-0.6364237163563856,1
2021-11-03,-0.6389365475529529,1
2021-11-04,-0.634392621201081,1
2021-11-05,-0.6405719662851048,1
2021-11-08,-0.6382800957910927,1
2021-11-09,-0.6386261652708118,1
2021-11-10,-0.6384120940227722,1
2021-11-11,-0.639086211982928,1
2021-11-12,-0.6387807356218039,1
2021-11-15,-0.6399849523758031,1
2021-11-16,-0.641188185855646,1
2021-11-17,-0.6361579713539881,1
2021-11-18,-0.6328312294083897,1
2021-11-19,-0.6319053120941202,1
2021-11-22,-0.6291833091261778,1
2021-11-23,-0.6291631443555238,1
2021-11-24,-0.6337342380352581,1
2021-11-25,-0.634561588578684,1
2021-11-26,-0.6347900340152719,1
2021-11-29,-0.6332631316430457,1
2021-11-30,-0.633788101856671,1
2021-12-01,-0.6343774069680649,1
2021-12-02,-0.6364856297064314,1
2021-12-03,-0.633834129406672,1
2021-12-06,-0.6394224394260459,1
2021-12-07,-0.6414807489498069,1
2021-12-08,-0.6391346975003676,1
2021-12-09,-0.6416524650240005,1
2021-12-10,-0.6432827718256635,1
2021-12-13,-0.643030914648836,1
2021-12-14,-0.6420227875375822,1
2021-12-15,-0.6424710492622713,1
2021-12-16,-0.6402754206803202,1
2021-12-17,-0.6426075862469779,1
2021-12-20,-0.6408253024406647,1
2021-12-21,-0.6372279121874478,1
2021-12-22,-0.6365108961552434,1
2021-12-23,-0.6368940846682646,1
2021-12-24,-0.636505301416338,1
2021-12-27,-0.6336078076827042,1
2021-12-28,-0.6318355628294641,1
2021-12-29,-0.6284550909947463,1
2021-12-30,-0.6290966129879507,1
2021-12-31,-0.6280725789157947,1
2022-01-04,-0.6240073999515302,1
2022-01-05,-0.6220310802767414,1
2022-01-06,-0.6215538015319128,1
2022-01-07,-0.6252852327999779,1
2022-01-10,-0.6242626950385117,1
2022-01-11,-0.6271670043080186,1
2022-01-12,-0.6250255957042998,1
2022-01-13,-0.6270660860162643,1
2022-01-14,-0.6250552797617186,1
2022-01-17,-0.6181719348359693,1
2022-01-18,-0.6214712211635344,1
2022-01-19,-0.6212344135824961,1
2022-01-20,-0.621696043514659,1
2022-01-21,-0.6206128268530147,1
2022-01-24,-0.6222992450581747,1
2022-01-25,-0.6275744435345103,1
2022-01-26,-0.6255006193820223,1
2022-01-27,-0.6298974126217414,1
2022-01-28,-0.6326535393080589,1
2022-02-07,-0.6299218301699168,1
2022-02-08,-0.6304430078884238,1
2022-02-09,-0.6280630379113492,1
2022-02-10,-0.6295966588607573,1
2022-02-11,-0.6335634172513666,1
2022-02-14,-0.6364569073983433,1
2022-02-15,-0.6346504869964528,1
2022-02-16,-0.6314818236325406,1
2022-02-17,-0.6348371396317601,1
2022-02-18,-0.6333203253248134,1
2022-02-21,-0.6306898316740309,1
2022-02-22,-0.6349991794709696,1
2022-02-23,-0.6306788902066981,1
2022-02-24,-0.6334190239307363,1
2022-02-25,-0.6316524753098381,1
2022-02-28,-0.6324138871754148,1
2022-03-01,-0.6322446635069342,1
2022-03-02,-0.6324522106120709,1
2022-03-03,-0.6340112006980091,1
2022-03-04,-0.6348565198654251,1
2022-03-07,-0.6380976370947609,1
2022-03-08,-0.6385530413529755,1
2022-03-09,-0.6369530005202856,1
2022-03-10,-0.6370970338794796,1
2022-03-11,-0.635365974631312,1
2022-03-14,-0.6374830175535409,1
2022-03-15,-0.6419372370419036,1
2022-03-16,-0.6365695182709029,1
2022-03-17,-0.6340391385389685,1
2022-03-18,-0.6335062106753487,1
2022-03-21,-0.6285407740494241,1
2022-03-22,-0.6265904908745125,1
2022-03-23,-0.6281637603645788,1
2022-03-24,-0.6309803484539143,1
2022-03-25,-0.6312760036455637,1
2022-03-28,-0.6294819022630356,1
2022-03-29,-0.6308394058581734,1
2022-03-30,-0.6289980543948831,1
2022-03-31,-0.6287114017588433,1
2022-04-01,-0.6312644992979324,1
2022-04-06,-0.6312723989616558,1
2022-04-07,-0.6363169805419138,1
2022-04-08,-0.634913735691886,1
2022-04-11,-0.6387891976817895,1
2022-04-12,-0.6325958830706264,1
2022-04-13,-0.635378030377166,1
2022-04-14,-0.6320466191861435,1
2022-04-15,-0.6370724696238504,1
2022-04-18,-0.6351659140147293,1
2022-04-19,-0.6361648612250109,1
2022-04-20,-0.6429444518018678,1
2022-04-21,-0.6458324098846631,1
2022-04-22,-0.648339834066457,1
2022-04-25,-0.6512034615596909,1
2022-04-26,-0.6522325289001615,1
2022-04-27,-0.6474888209802169,1
2022-04-28,-0.6449484410553801,1
2022-04-29,-0.6388152433225291,1
2022-05-05,-0.6330720121279417,1
2022-05-06,-0.635354698713964,1
2022-05-09,-0.6338651254531601,1
2022-05-10,-0.6326193493523106,1
2022-05-11,-0.635955576916533,1
2022-05-12,-0.6345289741025005,1
2022-05-13,-0.6316571211755103,1
2022-05-16,-0.6308918528807891,1
2022-05-17,-0.6323939209378845,1
2022-05-18,-0.6341903513545113,1
2022-05-19,-0.6336147895927734,1
2022-05-20,-0.6335158932086019,1
2022-05-23,-0.6354578440409188,1
2022-05-24,-0.6388454724617046,1
2022-05-25,-0.6403836985481112,1
2022-05-26,-0.6371298505583088,1
2022-05-27,-0.6387716555343276,1
2022-05-30,-0.6370080763186934,1
2022-05-31,-0.6361540310111395,1
2022-06-01,-0.6362392246182591,1
2022-06-02,-0.633245350926865,1
2022-06-06,-0.6261960092790578,1
2022-06-07,-0.624710078358721,1
2022-06-08,-0.6209766451621502,1
2022-06-09,-0.6230910626067817,1
2022-06-10,-0.6226598537705731,1
2022-06-13,-0.623206778143466,1
2022-06-14,-0.6202531005156875,1
2022-06-15,-0.6169201596810805,1
2022-06-16,-0.6215521981225561,1
2022-06-17,-0.6227280959725819,1
2022-06-20,-0.6224770788297024,1
2022-06-21,-0.6271627635629726,1
2022-06-22,-0.6286990155832554,1
2022-06-23,-0.6249319748959704,1
2022-06-24,-0.6208578734959647,1
2022-06-27,-0.6177288554082254,1
2022-06-28,-0.6131761617618543,1
2022-06-29,-0.6147518717514183,1
2022-06-30,-0.6153211228261407,1
2022-07-01,-0.6149565671087396,1
2022-07-04,-0.6126437709714863,1
2022-07-05,-0.6151845761251972,1
2022-07-06,-0.6139981668303728,1
2022-07-07,-0.6099290843661076,1
2022-07-08,-0.6067381872762235,1
2022-07-11,-0.6105685320090732,1
2022-07-12,-0.6108198114584393,1
2022-07-13,-0.609884541773088,1
2022-07-14,-0.6047480444128043,1
2022-07-15,-0.6069109964454064,1
2022-07-18,-0.6019379986787492,1
2022-07-19,-0.5976452097978486,1
2022-07-20,-0.5897691604156636,1
2022-07-21,-0.5863750319024896,1
2022-07-22,-0.5810055459804281,1
2022-07-25,-0.5792035217606677,1
2022-07-26,-0.5812955076315719,1
2022-07-27,-0.5752827105784312,1
2022-07-28,-0.5787414928435635,1
2022-07-29,-0.5797828110308471,1
2022-08-01,-0.5743748180703698,1
2022-08-02,-0.5797446623950863,1
2022-08-03,-0.5816276242950882,1
2022-08-04,-0.5789806703385747,1
2022-08-05,-0.5744278207078319,1
2022-08-08,-0.5700819781493833,1
2022-08-09,-0.567793825903374,1
2022-08-10,-0.5667453705296686,1
2022-08-11,-0.5628975286814352,1
2022-08-12,-0.5645126128124499,1
2022-08-15,-0.563086274116739,1
2022-08-16,-0.562610992395702,1
2022-08-17,-0.5559192279244993,1
2022-08-18,-0.5562978171599879,1
2022-08-19,-0.558595265514082,1
2022-08-22,-0.5555940280374041,1
2022-08-23,-0.5557052393042251,1
2022-08-24,-0.5611449989258108,1
2022-08-25,-0.5628194585981972,1
2022-08-26,-0.5662197128628004,1
2022-08-29,-0.5687487610223292,1
2022-08-30,-0.569098685390771,1
2022-08-31,-0.5730300787116642,1
2022-09-01,-0.5709621924451347,1
2022-09-02,-0.5706590461268305,1
2022-09-05,-0.5713575347294911,1
2022-09-06,-0.5671282661493102,1
2022-09-07,-0.5637329060856298,1
2022-09-08,-0.5662902177311154,1
2022-09-09,-0.5688884994280107,1
2022-09-13,-0.5706523986319911,1
2022-09-14,-0.5710471073278645,1
2022-09-15,-0.5733302086754335,1
2022-09-16,-0.5813870195893907,1
2022-09-19,-0.5864847492975948,1
2022-09-20,-0.5854005288219516,1
2022-09-21,-0.5887637235404996,1
2022-09-22,-0.5860025573966475,1
2022-09-23,-0.5925485221033131,1
2022-09-26,-0.5943761908769459,1
2022-09-27,-0.5915976813682892,1
2022-09-28,-0.5947358711082134,1
2022-09-29,-0.594564385867239,1
2022-09-30,-0.6009436875540256,1
2022-10-10,-0.6039939823844207,1
2022-10-11,-0.6014139968316736,1
2022-10-12,-0.5919263722385442,1
2022-10-13,-0.5930517525516379,1
2022-10-14,-0.5887228904824238,1
2022-10-17,-0.583619463487454,1
2022-10-18,-0.5873446849015355,1
2022-10-19,-0.5905699712313773,1
2022-10-20,-0.5944900922900328,1
2022-10-21,-0.5947083450679645,1
2022-10-24,-0.595874618867043,1
2022-10-25,-0.5938022259978603,1
2022-10-26,-0.5917313318918827,1
2022-10-27,-0.5961340109554611,1
2022-10-28,-0.6025361996820581,1
2022-10-31,-0.5985868774803482,1
2022-11-01,-0.5956241178786231,1
2022-11-02,-0.5893436084262309,1
2022-11-03,-0.5894254997410003,1
2022-11-04,-0.586402457925449,1
2022-11-07,-0.5894683868863606,1
2022-11-08,-0.5928875197319005,1
2022-11-09,-0.594179586628956,1
2022-11-10,-0.5951598104472755,1
2022-11-11,-0.598487717452338,1
2022-11-14,-0.5972838504033702,1
2022-11-15,-0.5940092198617523,1
2022-11-16,-0.5970577153387974,1
2022-11-17,-0.5958365712259837,1
2022-11-18,-0.5982625192937534,1
2022-11-21,-0.59506709468192,1
2022-11-22,-0.5993650941462789,1
2022-11-23,-0.6017732045160332,1
2022-11-24,-0.5962750282791803,1
2022-11-25,-0.5961595487324185,1
2022-11-28,-0.5951797888013313,1
2022-11-29,-0.592659317499782,1
2022-11-30,-0.5905704847454128,1
2022-12-01,-0.5849597471438874,1
2022-12-02,-0.5818550423683586,1
2022-12-05,-0.5827420315409166,1
2022-12-06,-0.5835715960015785,1
2022-12-07,-0.587317827252603,1
2022-12-08,-0.5903878232471177,1
2022-12-09,-0.588457247025348,1
2022-12-12,-0.5865254728113999,1
2022-12-13,-0.5857848083248475,1
2022-12-14,-0.5836791682950173,1
2022-12-15,-0.5773452150184978,1
2022-12-16,-0.5740916486542478,1
2022-12-19,-0.574322348820214,1
2022-12-20,-0.5791715861087484,1
2022-12-21,-0.580188921609268,1
2022-12-22,-0.5810242570831347,1
2022-12-23,-0.5768823611935424,1
2022-12-26,-0.568864539163447,1
2022-12-27,-0.5714491078436397,1
2022-12-28,-0.5684755035937589,1
2022-12-29,-0.5675469051880971,1
2022-12-30,-0.5627992054057405,1
2023-01-03,-0.5533955394209649,1
2023-01-04,-0.55334680204453,1
2023-01-05,-0.5574664319709455,1
2023-01-06,-0.5589523758486228,1
2023-01-09,-0.5641758076952533,1
2023-01-10,-0.5671604689415094,1
2023-01-11,-0.5700745883405455,1
2023-01-12,-0.5691890272207502,1
2023-01-13,-0.5685673366061498,1
2023-01-16,-0.5659227796740828,1
2023-01-17,-0.5644559271689199,1
2023-01-18,-0.5640404443431826,1
2023-01-19,-0.5665580554691942,1
2023-01-20,-0.5632949961374906,1
2023-01-30,-0.5553190916750493,1
2023-01-31,-0.5575929013396453,1
2023-02-01,-0.5580491196835621,1
2023-02-02,-0.5612067539453645,1
2023-02-03,-0.5610631080685616,1
2023-02-06,-0.5663835920951396,1
2023-02-07,-0.5651920304991404,1
2023-02-08,-0.5666391487617095,1
2023-02-09,-0.5614691340772036,1
2023-02-10,-0.5619057498292306,1
2023-02-13,-0.5584574989302723,1
2023-02-14,-0.5584182951586065,1
2023-02-15,-0.5604201007673864,1
2023-02-16,-0.5633665756222109,1
2023-02-17,-0.5685615457032236,1
2023-02-20,-0.564708516151016,1
2023-02-21,-0.5654955060088545,1
2023-02-22,-0.5631466266502679,1
2023-02-23,-0.5633529773371381,1
2023-02-24,-0.5641569445932983,1
2023-02-27,-0.5654653379039144,1
2023-02-28,-0.5620785015250953,1
2023-03-01,-0.5619761502707816,1
2023-03-02,-0.562417145780684,1
2023-03-03,-0.5637335290989705,1
2023-03-06,-0.5652242929247356,1
2023-03-07,-0.5715936936645881,1
2023-03-08,-0.5678883418402377,1
2023-03-09,-0.5688275532543012,1
2023-03-10,-0.5706035820325435,1
2023-03-13,-0.5679817642163788,1
2023-03-14,-0.569403728531153,1
2023-03-15,-0.5697974713680014,1
2023-03-16,-0.5724888824044341,1
2023-03-17,-0.5702602490605635,1
2023-03-20,-0.5688592558474617,1
2023-03-21,-0.56258193590213,1
2023-03-22,-0.5573040308598506,1
2023-03-23,-0.5528756958095788,1
2023-03-24,-0.5481012382799373,1
2023-03-27,-0.5456270933282261,1
2023-03-28,-0.552632450567517,1
2023-03-29,-0.5537888014147031,1
2023-03-30,-0.5524061232434448,1
2023-03-31,-0.5473920283808362,1
2023-04-03,-0.541615411232741,1
2023-04-04,-0.546210694250977,1
2023-04-06,-0.5441837461226677,1
2023-04-07,-0.5422639277691093,1
2023-04-10,-0.5436694220035321,1
2023-04-11,-0.5425890802154334,1
2023-04-12,-0.5373965630643796,1
2023-04-13,-0.5370912185640014,1
2023-04-14,-0.5342955791921551,1
2023-04-17,-0.5348198909129162,1
2023-04-18,-0.5377963242691763,1
2023-04-19,-0.5372565351108108,1
2023-04-20,-0.5336198244352861,1
2023-04-21,-0.5390792747514942,1
2023-04-24,-0.5410707480098006,1
2023-04-25,-0.5462632317463185,1
2023-04-26,-0.546475061335485,1
2023-04-27,-0.5531842809280384,1
2023-04-28,-0.5476226611111621,1
2023-05-04,-0.5470764417396452,1
2023-05-05,-0.5483969261560239,1
2023-05-08,-0.5489314388098046,1
2023-05-09,-0.5490003833408891,1
2023-05-10,-0.5543163551976044,1
2023-05-11,-0.553257662771566,1
2023-05-12,-0.5594269969255014,1
2023-05-15,-0.5569824676932648,1
2023-05-16,-0.5625029419711944,1
2023-05-17,-0.5556980138043488,1
2023-05-18,-0.5504685654099948,1
2023-05-19,-0.5538350665786922,1
2023-05-22,-0.5546499473335847,1
2023-05-23,-0.55719170015174,1
2023-05-24,-0.554877694797112,1
2023-05-25,-0.5541990864907078,1
2023-05-26,-0.5470039766732625,1
2023-05-29,-0.549505197366047,1
2023-05-30,-0.5492486179568133,1
2023-05-31,-0.5466828622775711,1
2023-06-01,-0.5438802873694711,1
2023-06-02,-0.5418150736786639,1
2023-06-05,-0.5345363108448776,1
2023-06-06,-0.5398933841168349,1
2023-06-07,-0.5355265739060836,1
2023-06-08,-0.5330175641509404,1
2023-06-09,-0.5303051925414839,1
2023-06-12,-0.5266335677429216,1
2023-06-13,-0.5213855429050228,1
2023-06-14,-0.5165006425761833,1
2023-06-15,-0.5175049280760813,1
2023-06-16,-0.5126610359601443,1
2023-06-19,-0.5111745641000978,1
2023-06-20,-0.5110229774980284,1
2023-06-21,-0.5176927555780605,1
2023-06-26,-0.5240251727896019,1
2023-06-27,-0.5218926196920142,1
2023-06-28,-0.5209285586974991,1
2023-06-29,-0.5172272314993985,1
2023-06-30,-0.5114792486119107,1
2023-07-03,-0.5128210956685665,1
2023-07-04,-0.5162171110708964,1
2023-07-05,-0.5182818052073773,1
2023-07-06,-0.5181630497990449,1
2023-07-07,-0.5234781765220544,1
2023-07-10,-0.5197516793974912,1
2023-07-11,-0.516661362657756,1
2023-07-12,-0.5234516080197652,1
2023-07-13,-0.515797699150193,1
2023-07-14,-0.5134321728726053,1
2023-07-17,-0.5114975914622074,1
2023-07-18,-0.5104557881718738,1
2023-07-19,-0.5104303218213098,1
2023-07-20,-0.5166467977503032,1
2023-07-21,-0.5132866047184134,1
2023-07-24,-0.5124388559503837,1
2023-07-25,-0.5032884341095982,1
2023-07-26,-0.5040699616019809,1
2023-07-27,-0.5033869818999113,1
2023-07-28,-0.5043036464542273,1
2023-07-31,-0.5015097910710701,1
2023-08-01,-0.4995464823008141,1
2023-08-02,-0.500031606710732,1
2023-08-03,-0.49593095225236217,1
2023-08-04,-0.49299347120467923,1
2023-08-07,-0.4929089231625507,1
2023-08-08,-0.49126008791358455,1
2023-08-09,-0.4950674483649606,1
2023-08-10,-0.491319456503213,1
2023-08-11,-0.4979396299869398,1
2023-08-14,-0.498406884711097,1
2023-08-15,-0.49956842952020986,1
2023-08-16,-0.5000145771116605,1
2023-08-17,-0.4924599350940682,1
2023-08-18,-0.4961206908452946,1
2023-08-21,-0.49826219703510055,1
2023-08-22,-0.49730415136693923,1
2023-08-23,-0.49995296461248934,1
2023-08-24,-0.5025465367814405,1
2023-08-25,-0.5081211209538549,1
2023-08-28,-0.5065059890806605,1
2023-08-29,-0.49809636537487806,1
2023-08-30,-0.49614601484705,1
2023-08-31,-0.4942099822212006,1
2023-09-01,-0.49784936132456903,1
2023-09-04,-0.49177284241497,1
2023-09-05,-0.4973396874713776,1
2023-09-06,-0.49511279458105584,1
2023-09-07,-0.5024827043779373,1
2023-09-08,-0.5006978311209539,1
2023-09-11,-0.4994352529246912,1
2023-09-12,-0.5033144441205624,1
2023-09-13,-0.5101716069671011,1
2023-09-14,-0.515214195934806,1
2023-09-15,-0.5105770478839337,1
2023-09-18,-0.5045223379807929,1
2023-09-19,-0.5107026837616943,1
2023-09-20,-0.511451869756221,1
2023-09-21,-0.5153626748844305,1
2023-09-22,-0.5116544352806291,1
2023-09-25,-0.5129547537942352,1
2023-09-26,-0.5150653431263988,1
2023-09-27,-0.5119244106853258,1
2023-09-28,-0.5096259320606172,1
2023-10-09,-0.5055073059054306,1
2023-10-10,-0.5035262506212256,1
2023-10-11,-0.5043070986990629,1
2023-10-12,-0.4979367658739879,1
2023-10-13,-0.5000335140751456,1
2023-10-16,-0.5027349113179223,1
2023-10-17,-0.501764762960038,1
2023-10-18,-0.5009012639456563,1
2023-10-19,-0.5018311110897398,1
2023-10-20,-0.500296417228846,1
2023-10-23,-0.500377375330348,1
2023-10-24,-0.4947328430894376,1
2023-10-25,-0.49547400481332265,1
2023-10-26,-0.49210460690887076,1
2023-10-27,-0.4855882332765719,1
2023-10-30,-0.4824598868966346,1
2023-10-31,-0.4862040767085601,1
2023-11-01,-0.48572107725743013,1
2023-11-02,-0.48794830245567755,1
2023-11-03,-0.483056493080311,1
2023-11-06,-0.4745841135420183,1
2023-11-07,-0.46901484100247415,1
2023-11-08,-0.4628972493561398,1
2023-11-09,-0.46226688777456587,1
2023-11-10,-0.46352050840916,1
2023-11-13,-0.45304145720364936,1
2023-11-14,-0.44926171795567627,1
2023-11-15,-0.4446517032753832,1
2023-11-16,-0.4433199167391336,1
2023-11-17,-0.4433824127035744,1
2023-11-20,-0.433839191098274,1
2023-11-21,-0.43265659627985026,1
2023-11-22,-0.4384876601987031,1
2023-11-23,-0.43026046731713624,1
2023-11-24,-0.43283599860879146,1
2023-11-27,-0.4277180064799383,1
2023-11-28,-0.42717242179291215,1
2023-11-29,-0.4378145880086813,1
2023-11-30,-0.4425740480329151,1
2023-12-01,-0.43611737061321826,1
2023-12-04,-0.43416849596579127,1
2023-12-05,-0.4420436847234101,1
2023-12-06,-0.4372195105387075,1
2023-12-07,-0.43957867794592337,1
2023-12-08,-0.4353724317927956,1
2023-12-11,-0.4330604351531442,1
2023-12-12,-0.4345803563473884,1
2023-12-13,-0.4370851161312189,1
2023-12-14,-0.43582966692512665,1
2023-12-15,-0.433602068620386,1
2023-12-18,-0.4367822367167142,1
2023-12-19,-0.4369999435540903,1
2023-12-20,-0.4376428096734713,1
2023-12-21,-0.43188974699656413,1
2023-12-22,-0.43446949181746086,1
2023-12-25,-0.44119615678523455,1
2023-12-26,-0.44369413927840196,1
2023-12-27,-0.44156221019956005,1
2023-12-28,-0.4357235415152515,1
2023-12-29,-0.43380936906503026,1
2024-01-02,-0.43664598823785783,1
2024-01-03,-0.4409180741897719,1
2024-01-04,-0.44597648699020104,1
2024-01-05,-0.45430343748197316,1
2024-01-08,-0.46091797277605284,1
2024-01-09,-0.4601635973593633,1
2024-01-10,-0.46436089578349554,1
2024-01-11,-0.4571494553436074,1
2024-01-12,-0.4590813271750097,1
2024-01-15,-0.4582073801942362,1
2024-01-16,-0.45821262106412036,1
2024-01-17,-0.4690624648838265,1
2024-01-18,-0.4738307620031421,1
2024-01-19,-0.4798166485491922,1
2024-01-22,-0.49060719622427684,1
2024-01-23,-0.4937188160427616,1
2024-01-24,-0.48869457623526735,1
2024-01-25,-0.4798231226292523,1
2024-01-26,-0.48010693131178855,1
2024-01-29,-0.49220111022317514,1
2024-01-30,-0.5084769437304624,1
2024-01-31,-0.5188611832871116,1
2024-02-01,-0.5246458639744582,1
2024-02-02,-0.5288124538591814,1
2024-02-05,-0.534388353894761,1
2024-02-06,-0.5311573665413157,1
2024-02-07,-0.5333868271252579,1
2024-02-08,-0.527030382105066,1
2024-02-19,-0.5200741779650396,1
2024-02-20,-0.5212843094619768,1
2024-02-21,-0.5249500729769249,1
2024-02-22,-0.5162991218235037,1
2024-02-23,-0.5073780966382827,1
2024-02-26,-0.5087661947415568,1
2024-02-27,-0.4958520679085081,1
2024-02-28,-0.5029844263998932,1
2024-02-29,-0.4944108144810365,1
2024-03-01,-0.4866261570069134,1
2024-03-04,-0.4826409660953995,1
2024-03-05,-0.4895513170823948,1
2024-03-06,-0.4885819610806969,1
2024-03-07,-0.48840844117998855,1
2024-03-08,-0.48612514788457944,1
2024-03-11,-0.48072680577152577,1
2024-03-12,-0.47923947551134666,1
2024-03-13,-0.4827085730803912,1
2024-03-14,-0.4863560511400088,1
2024-03-15,-0.48062186781016386,1
2024-03-18,-0.4702551111074635,1
2024-03-19,-0.4712864012889946,1
2024-03-20,-0.4640559285972185,1
2024-03-21,-0.464332106000289,1
2024-03-22,-0.46134295896737065,1
2024-03-25,-0.4686241680204407,1
2024-03-26,-0.4659020214722431,1
2024-03-27,-0.47236400366286885,1
2024-03-28,-0.46091259631750064,1
2024-03-29,-0.4613232027103814,1
2024-04-01,-0.46083256149251267,1
2024-04-02,-0.46857154116791905,1
2024-04-03,-0.4695266638228194,1
2024-04-08,-0.4709381244710198,1
2024-04-09,-0.4657031120222009,1
2024-04-10,-0.4643214120127589,1
2024-04-11,-0.4596610034212086,1
2024-04-12,-0.462025899372347,1
2024-04-15,-0.4612450039006978,1
2024-04-16,-0.47502484040579623,1
2024-04-17,-0.46078750956841635,1
2024-04-18,-0.46076953322487857,1
2024-04-19,-0.4611262487528827,1
2024-04-22,-0.45868073271134463,1
2024-04-23,-0.46020168314513893,1
2024-04-24,-0.450822740114052,1
2024-04-25,-0.4446292231758145,1
2024-04-26,-0.44166953038516843,1
2024-04-29,-0.43864663495548734,1
2024-04-30,-0.451163525776092,1
2024-05-06,-0.4441777210557756,1
2024-05-07,-0.43799844835401924,1
2024-05-08,-0.4351094744964477,1
2024-05-09,-0.42561213646627244,1
2024-05-10,-0.4262369295115406,1
2024-05-13,-0.42337806425471475,1
2024-05-14,-0.4164026360893168,1
2024-05-15,-0.4279796341474757,1
2024-05-16,-0.4308812229991844,1
2024-05-17,-0.43514036901811465,1
2024-05-20,-0.43978766175685785,1
2024-05-21,-0.4447349387200895,1
2024-05-22,-0.4440809684412262,1
2024-05-23,-0.4557208691785287,1
2024-05-24,-0.4663688221876894,1
2024-05-27,-0.46795352332103324,1
2024-05-28,-0.48094308106681,1
2024-05-29,-0.47417065770438555,1
2024-05-30,-0.4872396909016975,1
2024-05-31,-0.491589432140565,1
2024-06-03,-0.4963322284567893,1
2024-06-04,-0.4943534643957006,1
2024-06-05,-0.49957220561665794,1
2024-06-06,-0.5004327568271059,1
2024-06-07,-0.5040356402033703,1
2024-06-11,-0.5075387577428621,1
2024-06-12,-0.5057485024916532,1
2024-06-13,-0.5077065182224444,1
2024-06-14,-0.5052402416268088,1
2024-06-17,-0.5064308958633441,1
2024-06-18,-0.5094551142983267,1
2024-06-19,-0.5095389910204456,1
2024-06-20,-0.5174584481886239,1
2024-06-21,-0.519131430233213,1
2024-06-24,-0.5241815086644809,1
2024-06-25,-0.5220976523862639,1
2024-06-26,-0.5111878242395657,1
2024-06-27,-0.5093365336562702,1
2024-06-28,-0.5141090810625926,1
2024-07-01,-0.5133455642477247,1
2024-07-02,-0.5216530643689252,1
2024-07-03,-0.520867119168665,1
2024-07-04,-0.5233323672463646,1
2024-07-05,-0.5163024535262288,1
2024-07-08,-0.5227969600527408,1
2024-07-09,-0.509044934702973,1
2024-07-10,-0.5085593631168999,1
2024-07-11,-0.4960133283070618,1
2024-07-12,-0.4938364494587849,1
2024-07-15,-0.4890351528554896,1
2024-07-16,-0.49332043084612176,1
2024-07-17,-0.49443734621564667,1
2024-07-18,-0.4919509001526659,1
2024-07-19,-0.48553857043716947,1
2024-07-22,-0.48158507329598904,1
2024-07-23,-0.4913780926534322,1
2024-07-24,-0.4937847024255782,1
2024-07-25,-0.49865938415130956,1
2024-07-26,-0.49710052630666873,1
2024-07-29,-0.49057555684643933,1
2024-07-30,-0.49132365115803717,1
2024-07-31,-0.4781452647825742,1
2024-08-01,-0.47328052149028327,1
2024-08-02,-0.47888917480731924,1
2024-08-05,-0.48089790730371357,1
2024-08-06,-0.46892186231341737,1
2024-08-07,-0.46843201003572943,1
2024-08-08,-0.4661539895906795,1
2024-08-09,-0.46768297297316913,1
2024-08-12,-0.4730619546604904,1
2024-08-13,-0.4696421897365473,1
2024-08-14,-0.4673703979268028,1
2024-08-15,-0.4630613374192572,1
2024-08-16,-0.45836075316627556,1
2024-08-19,-0.4538475501933815,1
2024-08-20,-0.45829826469105694,1
2024-08-21,-0.4554013202045713,1
2024-08-22,-0.4588770278380039,1
2024-08-23,-0.4569318436064433,1
2024-08-26,-0.454606861390057,1
2024-08-27,-0.45535934725887933,1
2024-08-28,-0.45281367011054585,1
2024-08-29,-0.44143352746053044,1
2024-08-30,-0.4263336455606875,1
2024-09-02,-0.43211478710793577,1
2024-09-03,-0.42897240913231605,1
2024-09-04,-0.4342723564081916,1
2024-09-05,-0.4283322193115892,1
2024-09-06,-0.43072560627325557,1
2024-09-09,-0.43411533016856363,1
2024-09-10,-0.43595147255443595,1
2024-09-11,-0.4333267379126831,1
2024-09-12,-0.4295833166313476,1
2024-09-13,-0.43047062059952507,1
2024-09-18,-0.42479594499436496,1
2024-09-19,-0.41235501294766225,1
2024-09-20,-0.4197411538891735,1
2024-09-23,-0.4124368331799536,1
2024-09-24,-0.4002832955119204,1
2024-09-25,-0.39660253711964977,1
2024-09-26,-0.37861875062985556,1
2024-09-27,-0.3590007759942855,1
2024-09-30,-0.33236300269925906,1
2024-10-08,-0.31948190979202606,1
2024-10-09,-0.31813531488047747,1
2024-10-10,-0.32796086449277967,1
2024-10-11,-0.3315657696867003,1
2024-10-14,-0.3294315383613581,1
2024-10-15,-0.32938260735495967,1
2024-10-16,-0.3238317969362088,1
2024-10-17,-0.32516194013067085,1
2024-10-18,-0.305922624281351,1
2024-10-21,-0.29518265186080417,1
2024-10-22,-0.2932129449960255,1
2024-10-23,-0.2925666254182188,1
2024-10-24,-0.28522369179808116,1
2024-10-25,-0.271102055691938,1
2024-10-28,-0.26160311669874,1
2024-10-29,-0.2685043056726602,1
2024-10-30,-0.26451056163013176,1
2024-10-31,-0.2572823509063152,1
2024-11-01,-0.27257466090836024,1
2024-11-04,-0.26338399182657474,1
2024-11-05,-0.24581248738462377,1
2024-11-06,-0.23548202115082703,1
2024-11-07,-0.2325818827322579,1
2024-11-08,-0.22902003534396695,1
2024-11-11,-0.2161354374712537,1
2024-11-12,-0.21464315396253103,1
2024-11-13,-0.2102049902555998,1
2024-11-14,-0.21916988167888743,1
2024-11-15,-0.22071392980998927,1
2024-11-18,-0.22909596549065941,1
2024-11-19,-0.21734858816693595,1
2024-11-20,-0.20601054126367094,1
2024-11-21,-0.19740121776542358,1
2024-11-22,-0.20102285804884837,1
2024-11-25,-0.19247012365672164,1
2024-11-26,-0.19408109225154918,1
2024-11-27,-0.1858206872416641,1
2024-11-28,-0.17970789219880057,1
2024-11-29,-0.17035658726850764,1
2024-12-02,-0.1665128733903429,1
2024-12-03,-0.1742785297343331,1
2024-12-04,-0.17005626927829923,1
2024-12-05,-0.1663436261936989,1
2024-12-06,-0.1567590328039062,1
2024-12-09,-0.15977364038456604,1
2024-12-10,-0.15158326013660986,1
2024-12-11,-0.14217013184483546,1
2024-12-12,-0.13855502676449766,1
2024-12-13,-0.14007661890842832,1
2024-12-16,-0.13919305887545927,1
2024-12-17,-0.14061132060524434,1
2024-12-18,-0.13281434466287395,1
2024-12-19,-0.13787912715039188,1
2024-12-20,-0.13162867438576187,1
2024-12-23,-0.13821966105293998,1
2024-12-24,-0.14722312657083822,1
2024-12-25,-0.15447199525068747,1
2024-12-26,-0.16114543640581597,1
2024-12-27,-0.17551085692329932,1
2024-12-30,-0.1962721991674588,1
2024-12-31,-0.21746972554460609,1
2025-01-02,-0.21754317357704706,1
2025-01-03,-0.22198883311513595,1
2025-01-06,-0.21877014704484615,1
2025-01-07,-0.21903667192810913,1
2025-01-08,-0.2156732733762909,1
2025-01-09,-0.21247058983360226,1
2025-01-10,-0.21983981250277337,1
2025-01-13,-0.23339259610579074,1
2025-01-14,-0.2259992688274988,1
2025-01-15,-0.22971296970926933,1
2025-01-16,-0.22828304908715188,1
2025-01-17,-0.22753713050633678,1
2025-01-20,-0.23210733230253167,1
2025-01-21,-0.23610002029925833,1
2025-01-22,-0.2369297608209714,1
2025-01-23,-0.24420856539907296,1
2025-01-24,-0.24458873106779466,1
2025-01-27,-0.24539532518063098,1
2025-02-05,-0.24655829994882542,1
2025-02-06,-0.24738571560074682,1
2025-02-07,-0.24262397401073307,1
2025-02-10,-0.2435470248795813,1
2025-02-11,-0.2466692962120294,1
2025-02-12,-0.24801447948694486,1
2025-02-13,-0.24621648068512414,1
2025-02-14,-0.24358400682217932,1
2025-02-17,-0.23107588727544776,1
2025-02-18,-0.2313558482880976,1
2025-02-19,-0.21429738806048004,1
2025-02-20,-0.2199189748479135,1
2025-02-21,-0.22005388231297604,1
2025-02-24,-0.22132746889201105,1
2025-02-25,-0.21559255394469945,1
2025-02-26,-0.21150868841413167,1
2025-02-27,-0.2088605094273352,1
2025-02-28,-0.2259878505608069,1
2025-03-03,-0.22553454965843428,1
2025-03-04,-0.2279286563536226,1
2025-03-05,-0.23274633147855367,1
2025-03-06,-0.2219311768000826,1
2025-03-07,-0.2215670384922773,1
2025-03-10,-0.2274188455921813,1
2025-03-11,-0.23024821874764576,1
2025-03-12,-0.22703583501579458,1
2025-03-13,-0.23436583070671224,1
2025-03-14,-0.2307657175807957,1
2025-03-17,-0.2339659387423629,1
2025-03-18,-0.22855909280371334,1
2025-03-19,-0.22923244346297747,1
2025-03-20,-0.22445994811788356,1
2025-03-21,-0.23408521385405204,1
2025-03-24,-0.2396235100835493,1
2025-03-25,-0.24824314984170187,1
2025-03-26,-0.2391917441908212,1
2025-03-27,-0.24550961606921587,1
2025-03-28,-0.24639562099106033,1
2025-03-31,-0.2568496993780229,1
2025-04-01,-0.25599305146326157,1
2025-04-02,-0.2537493528950558,1
2025-04-03,-0.24907724128362504,1
2025-04-07,-0.2532251972512372,1
2025-04-08,-0.24278651512144822,1
2025-04-09,-0.23144327618847027,1
2025-04-10,-0.2312035520063819,1
2025-04-11,-0.22678583803793367,1
2025-04-14,-0.22398451142371986,1
2025-04-15,-0.22140047360149087,1
2025-04-16,-0.22608645692443227,1
2025-04-17,-0.24229676334091563,1
2025-04-18,-0.24141731622564075,1
2025-04-21,-0.23447074015817787,1
2025-04-22,-0.23608241780821013,1
2025-04-23,-0.23592454385075814,1
2025-04-24,-0.24367688742085997,1
2025-04-25,-0.2393014683140418,1
2025-04-28,-0.23911377627927385,1
2025-04-29,-0.24334930947616976,1
2025-04-30,-0.23270826856589197,1
