date,raw_value,signal
2010-01-04,,0
2010-01-05,,0
2010-01-06,,0
2010-01-07,,0
2010-01-08,,0
2010-01-11,,0
2010-01-12,,0
2010-01-13,,0
2010-01-14,,0
2010-01-15,,0
2010-01-18,,0
2010-01-19,,0
2010-01-20,,0
2010-01-21,,0
2010-01-22,,0
2010-01-25,,0
2010-01-26,,0
2010-01-27,,0
2010-01-28,,0
2010-01-29,,0
2010-02-01,,0
2010-02-02,,0
2010-02-03,,0
2010-02-04,,0
2010-02-05,,0
2010-02-08,,0
2010-02-09,,0
2010-02-10,,0
2010-02-11,,0
2010-02-12,,0
2010-02-22,,0
2010-02-23,,0
2010-02-24,,0
2010-02-25,,0
2010-02-26,,0
2010-03-01,,0
2010-03-02,,0
2010-03-03,,0
2010-03-04,,0
2010-03-05,,0
2010-03-08,,0
2010-03-09,,0
2010-03-10,,0
2010-03-11,,0
2010-03-12,,0
2010-03-15,,0
2010-03-16,,0
2010-03-17,,0
2010-03-18,,0
2010-03-19,,0
2010-03-22,,0
2010-03-23,,0
2010-03-24,,0
2010-03-25,,0
2010-03-26,,0
2010-03-29,,0
2010-03-30,,0
2010-03-31,,0
2010-04-01,,0
2010-04-02,,0
2010-04-06,,0
2010-04-07,,0
2010-04-08,,0
2010-04-09,,0
2010-04-12,,0
2010-04-13,,0
2010-04-14,,0
2010-04-15,,0
2010-04-16,,0
2010-04-19,,0
2010-04-20,,0
2010-04-21,,0
2010-04-22,,0
2010-04-23,,0
2010-04-26,,0
2010-04-27,,0
2010-04-28,,0
2010-04-29,,0
2010-04-30,,0
2010-05-04,,0
2010-05-05,,0
2010-05-06,,0
2010-05-07,,0
2010-05-10,,0
2010-05-11,,0
2010-05-12,,0
2010-05-13,,0
2010-05-14,,0
2010-05-17,,0
2010-05-18,,0
2010-05-19,,0
2010-05-20,,0
2010-05-21,,0
2010-05-24,,0
2010-05-25,,0
2010-05-26,,0
2010-05-27,,0
2010-05-28,,0
2010-05-31,,0
2010-06-01,,0
2010-06-02,,0
2010-06-03,,0
2010-06-04,,0
2010-06-07,,0
2010-06-08,,0
2010-06-09,,0
2010-06-10,,0
2010-06-11,,0
2010-06-17,,0
2010-06-18,,0
2010-06-21,,0
2010-06-22,,0
2010-06-23,,0
2010-06-24,,0
2010-06-25,,0
2010-06-28,,0
2010-06-29,,0
2010-06-30,,0
2010-07-01,,0
2010-07-02,,0
2010-07-05,,0
2010-07-06,,0
2010-07-07,,0
2010-07-08,,0
2010-07-09,,0
2010-07-12,,0
2010-07-13,,0
2010-07-14,,0
2010-07-15,,0
2010-07-16,,0
2010-07-19,,0
2010-07-20,,0
2010-07-21,,0
2010-07-22,,0
2010-07-23,,0
2010-07-26,,0
2010-07-27,,0
2010-07-28,,0
2010-07-29,,0
2010-07-30,,0
2010-08-02,,0
2010-08-03,,0
2010-08-04,,0
2010-08-05,,0
2010-08-06,,0
2010-08-09,,0
2010-08-10,,0
2010-08-11,,0
2010-08-12,,0
2010-08-13,,0
2010-08-16,,0
2010-08-17,,0
2010-08-18,,0
2010-08-19,,0
2010-08-20,,0
2010-08-23,,0
2010-08-24,,0
2010-08-25,,0
2010-08-26,,0
2010-08-27,,0
2010-08-30,,0
2010-08-31,,0
2010-09-01,,0
2010-09-02,,0
2010-09-03,,0
2010-09-06,,0
2010-09-07,,0
2010-09-08,,0
2010-09-09,,0
2010-09-10,,0
2010-09-13,,0
2010-09-14,,0
2010-09-15,,0
2010-09-16,,0
2010-09-17,,0
2010-09-20,,0
2010-09-21,,0
2010-09-27,,0
2010-09-28,,0
2010-09-29,,0
2010-09-30,,0
2010-10-08,,0
2010-10-11,,0
2010-10-12,,0
2010-10-13,,0
2010-10-14,,0
2010-10-15,,0
2010-10-18,,0
2010-10-19,,0
2010-10-20,,0
2010-10-21,,0
2010-10-22,,0
2010-10-25,,0
2010-10-26,,0
2010-10-27,,0
2010-10-28,,0
2010-10-29,,0
2010-11-01,,0
2010-11-02,,0
2010-11-03,,0
2010-11-04,,0
2010-11-05,,0
2010-11-08,,0
2010-11-09,,0
2010-11-10,,0
2010-11-11,,0
2010-11-12,,0
2010-11-15,,0
2010-11-16,,0
2010-11-17,,0
2010-11-18,,0
2010-11-19,,0
2010-11-22,,0
2010-11-23,,0
2010-11-24,,0
2010-11-25,,0
2010-11-26,,0
2010-11-29,,0
2010-11-30,,0
2010-12-01,,0
2010-12-02,,0
2010-12-03,,0
2010-12-06,,0
2010-12-07,,0
2010-12-08,,0
2010-12-09,,0
2010-12-10,,0
2010-12-13,,0
2010-12-14,,0
2010-12-15,,0
2010-12-16,,0
2010-12-17,,0
2010-12-20,,0
2010-12-21,,0
2010-12-22,,0
2010-12-23,,0
2010-12-24,,0
2010-12-27,,0
2010-12-28,,0
2010-12-29,,0
2010-12-30,,0
2010-12-31,,0
2011-01-04,,0
2011-01-05,,0
2011-01-06,,0
2011-01-07,,0
2011-01-10,,0
2011-01-11,,0
2011-01-12,,0
2011-01-13,,0
2011-01-14,,0
2011-01-17,,0
2011-01-18,,0
2011-01-19,,0
2011-01-20,,0
2011-01-21,,0
2011-01-24,,0
2011-01-25,,0
2011-01-26,,0
2011-01-27,,0
2011-01-28,,0
2011-01-31,,0
2011-02-01,,0
2011-02-09,,0
2011-02-10,,0
2011-02-11,,0
2011-02-14,,0
2011-02-15,,0
2011-02-16,,0
2011-02-17,,0
2011-02-18,,0
2011-02-21,,0
2011-02-22,,0
2011-02-23,,0
2011-02-24,,0
2011-02-25,,0
2011-02-28,,0
2011-03-01,,0
2011-03-02,,0
2011-03-03,,0
2011-03-04,,0
2011-03-07,,0
2011-03-08,,0
2011-03-09,,0
2011-03-10,,0
2011-03-11,,0
2011-03-14,,0
2011-03-15,,0
2011-03-16,,0
2011-03-17,,0
2011-03-18,,0
2011-03-21,,0
2011-03-22,,0
2011-03-23,,0
2011-03-24,,0
2011-03-25,,0
2011-03-28,,0
2011-03-29,,0
2011-03-30,,0
2011-03-31,,0
2011-04-01,,0
2011-04-06,,0
2011-04-07,,0
2011-04-08,,0
2011-04-11,,0
2011-04-12,,0
2011-04-13,,0
2011-04-14,,0
2011-04-15,,0
2011-04-18,,0
2011-04-19,,0
2011-04-20,,0
2011-04-21,,0
2011-04-22,,0
2011-04-25,,0
2011-04-26,,0
2011-04-27,,0
2011-04-28,,0
2011-04-29,,0
2011-05-03,,0
2011-05-04,,0
2011-05-05,,0
2011-05-06,,0
2011-05-09,,0
2011-05-10,,0
2011-05-11,,0
2011-05-12,,0
2011-05-13,,0
2011-05-16,,0
2011-05-17,,0
2011-05-18,,0
2011-05-19,,0
2011-05-20,,0
2011-05-23,,0
2011-05-24,,0
2011-05-25,,0
2011-05-26,,0
2011-05-27,,0
2011-05-30,,0
2011-05-31,,0
2011-06-01,,0
2011-06-02,,0
2011-06-03,,0
2011-06-07,,0
2011-06-08,,0
2011-06-09,,0
2011-06-10,,0
2011-06-13,,0
2011-06-14,,0
2011-06-15,,0
2011-06-16,,0
2011-06-17,,0
2011-06-20,,0
2011-06-21,,0
2011-06-22,,0
2011-06-23,,0
2011-06-24,,0
2011-06-27,,0
2011-06-28,,0
2011-06-29,,0
2011-06-30,,0
2011-07-01,,0
2011-07-04,,0
2011-07-05,,0
2011-07-06,,0
2011-07-07,,0
2011-07-08,,0
2011-07-11,,0
2011-07-12,,0
2011-07-13,,0
2011-07-14,,0
2011-07-15,,0
2011-07-18,,0
2011-07-19,,0
2011-07-20,,0
2011-07-21,,0
2011-07-22,,0
2011-07-25,,0
2011-07-26,,0
2011-07-27,,0
2011-07-28,,0
2011-07-29,,0
2011-08-01,,0
2011-08-02,0.02049732407833403,0
2011-08-03,0.019851320069803273,0
2011-08-04,0.01996938948913559,0
2011-08-05,0.021806537961749202,0
2011-08-08,0.024766052529046963,0
2011-08-09,0.02533452499935513,0
2011-08-10,0.024663599405002685,0
2011-08-11,0.0241550898474271,0
2011-08-12,0.023912193506729518,0
2011-08-15,0.023135030352479748,0
2011-08-16,0.02360682897944412,0
2011-08-17,0.02394175061565655,0
2011-08-18,0.024934355001677323,0
2011-08-19,0.025973360815771035,0
2011-08-22,0.026954686038560473,0
2011-08-23,0.025922194076231225,0
2011-08-24,0.026054649374880022,0
2011-08-25,0.024273919670857014,0
2011-08-26,0.024942478002975346,0
2011-08-29,0.02473579936832543,0
2011-08-30,0.024782078887383388,0
2011-08-31,0.02521656519860179,0
2011-09-01,0.025874358809344834,0
2011-09-02,0.026600004651736148,0
2011-09-05,0.02817770343085453,0
2011-09-06,0.028895564211370718,0
2011-09-07,0.027199225409687555,0
2011-09-08,0.02751006886804583,0
2011-09-09,0.027803803920917768,0
2011-09-13,0.02884744710200704,0
2011-09-14,0.028454055566283165,0
2011-09-15,0.028292049080275446,0
2011-09-16,0.02792723714540262,0
2011-09-19,0.02912626066084733,0
2011-09-20,0.028857854824475906,0
2011-09-21,0.02696470053599031,0
2011-09-22,0.029125711983785017,0
2011-09-23,0.030513754059023408,0
2011-09-26,0.03249278040687015,0
2011-09-27,0.031633358646769465,0
2011-09-28,0.03232532515627501,0
2011-09-29,0.03363243791079463,0
2011-09-30,0.03399570539381552,0
2011-10-10,0.03523374391484356,0
2011-10-11,0.03522909795997892,0
2011-10-12,0.032657464894212174,0
2011-10-13,0.031856324511743396,0
2011-10-14,0.03255788584416578,0
2011-10-17,0.03208361448558524,0
2011-10-18,0.03427050368992872,0
2011-10-19,0.03463433024670785,0
2011-10-20,0.03627731835561527,0
2011-10-21,0.0367003940925796,0
2011-10-24,0.03486543985305835,0
2011-10-25,0.03310975222304723,0
2011-10-26,0.032647652544937844,0
2011-10-27,0.03281765024388321,0
2011-10-28,0.033058603156727887,0
2011-10-31,0.03332768783690898,0
2011-11-01,0.03348710715816541,0
2011-11-02,0.032661170394658295,0
2011-11-03,0.03242778668516464,0
2011-11-04,0.031984671492954406,0
2011-11-07,0.03229925302798072,0
2011-11-08,0.03288074857610859,0
2011-11-09,0.03276144417420656,0
2011-11-10,0.03482015316071733,0
2011-11-11,0.0344432257555192,0
2011-11-14,0.03314424333236034,0
2011-11-15,0.0323610165093624,0
2011-11-16,0.03441629421524788,0
2011-11-17,0.03440132535276695,0
2011-11-18,0.03581905904664511,0
2011-11-21,0.03565852014744344,0
2011-11-22,0.03593173041458152,0
2011-11-23,0.036844473276333244,0
2011-11-24,0.036520756057619834,0
2011-11-25,0.03703418170066104,0
2011-11-28,0.03666124159333059,0
2011-11-29,0.03583828543742279,0
2011-11-30,0.0384453190606956,0
2011-12-01,0.03787924613041735,0
2011-12-02,0.039058053194135155,0
2011-12-05,0.04035859705623888,0
2011-12-06,0.0401891560488461,0
2011-12-07,0.039892307636358856,0
2011-12-08,0.039884526047689745,0
2011-12-09,0.040497345753422745,0
2011-12-12,0.04118053797641456,0
2011-12-13,0.04265688979574339,0
2011-12-14,0.043596013548390614,0
2011-12-15,0.04518140772886148,0
2011-12-16,0.04379089897738826,0
2011-12-19,0.04387901204835087,0
2011-12-20,0.04408924192546748,0
2011-12-21,0.045085660529870876,0
2011-12-22,0.04529820844209859,0
2011-12-23,0.04460850138358332,0
2011-12-26,0.04530681215208867,0
2011-12-27,0.046440835299074675,0
2011-12-28,0.04639201113734145,0
2011-12-29,0.04641725896864972,0
2011-12-30,0.04544565518088967,0
2012-01-04,0.04563220298548057,0
2012-01-05,0.04683170584191366,0
2012-01-06,0.04663396428966572,0
2012-01-09,0.04446344910471743,0
2012-01-10,0.042061864507963134,0
2012-01-11,0.04213944816236099,0
2012-01-12,0.0424260374098158,0
2012-01-13,0.043684705960339194,0
2012-01-16,0.04509178029812202,0
2012-01-17,0.042060545000597784,0
2012-01-18,0.04341835953390756,0
2012-01-19,0.042623828975346,0
2012-01-20,0.041744286295026085,0
2012-01-30,0.04261651452909487,0
2012-01-31,0.04237234840441509,0
2012-02-01,0.04286805724618234,0
2012-02-02,0.04126426166569426,0
2012-02-03,0.04062812726165031,0
2012-02-06,0.040080287665672475,0
2012-02-07,0.04131516251010099,0
2012-02-08,0.039217761595074584,0
2012-02-09,0.038728884961303105,0
2012-02-10,0.03884533604496857,0
2012-02-13,0.038799401132149754,0
2012-02-14,0.039012511888404745,0
2012-02-15,0.038090182240609116,0
2012-02-16,0.0383336366101716,0
2012-02-17,0.03835869467796426,0
2012-02-20,0.038431475106861235,0
2012-02-21,0.037719964969763514,0
2012-02-22,0.03680233185313068,0
2012-02-23,0.036633368708610975,0
2012-02-24,0.03580127403827254,0
2012-02-27,0.03525964502085487,0
2012-02-28,0.03529137565760919,0
2012-02-29,0.036179522987683635,0
2012-03-01,0.03604393691491234,0
2012-03-02,0.03484881871586567,0
2012-03-05,0.03525721531301801,0
2012-03-06,0.036271932742354795,0
2012-03-07,0.036854597036825726,0
2012-03-08,0.036079158742479994,0
2012-03-09,0.03547517209882176,0
2012-03-12,0.03566270654163708,0
2012-03-13,0.03493947297538576,0
2012-03-14,0.036919269887579695,0
2012-03-15,0.037275625484767705,0
2012-03-16,0.03642122186297668,0
2012-03-19,0.03601123646905409,0
2012-03-20,0.03715053389180293,0
2012-03-21,0.03705229921881469,0
2012-03-22,0.037204366141902805,0
2012-03-23,0.038372324597885636,0
2012-03-26,0.03838083818071023,0
2012-03-27,0.03802091250573634,0
2012-03-28,0.04003434455332507,0
2012-03-29,0.04113438599060726,0
2012-03-30,0.04073515398377126,0
2012-04-05,0.03922481023975257,0
2012-04-06,0.03902957769472588,0
2012-04-09,0.039550586856557594,0
2012-04-10,0.038881100727123585,0
2012-04-11,0.03895397446367953,0
2012-04-12,0.03752970935929931,0
2012-04-13,0.03743419006178924,0
2012-04-16,0.0374988837609472,0
2012-04-17,0.038152974298344154,0
2012-04-18,0.036566543979444685,0
2012-04-19,0.036548802181380166,0
2012-04-20,0.03585273595548226,0
2012-04-23,0.036479219935103384,0
2012-04-24,0.03648691413947985,0
2012-04-25,0.03569637596324029,0
2012-04-26,0.03562362751139792,0
2012-04-27,0.036354714604752716,0
2012-05-02,0.035091594891971285,0
2012-05-03,0.034973799467641335,0
2012-05-04,0.03448937758671938,0
2012-05-07,0.03433925318123761,0
2012-05-08,0.03444893988370105,0
2012-05-09,0.03571574348884945,0
2012-05-10,0.03576100994411226,0
2012-05-11,0.03660275831137942,0
2012-05-14,0.03748062664733916,0
2012-05-15,0.03804610684130797,0
2012-05-16,0.03942272136455896,0
2012-05-17,0.03796757047700845,0
2012-05-18,0.0395135563264184,0
2012-05-21,0.039103996959820704,0
2012-05-22,0.03821051923858749,0
2012-05-23,0.038613302662998845,0
2012-05-24,0.03924877004802475,0
2012-05-25,0.040435616542445534,0
2012-05-28,0.03916037529907428,0
2012-05-29,0.037982966523571644,0
2012-05-30,0.038044407290160356,0
2012-05-31,0.03861592354458931,0
2012-06-01,0.038621621881892075,0
2012-06-04,0.04053078094472422,0
2012-06-05,0.04036858791417766,0
2012-06-06,0.040389119861411284,0
2012-06-07,0.04071773431367841,0
2012-06-08,0.041727841525042046,0
2012-06-11,0.040455866422792384,0
2012-06-12,0.040658847885026196,0
2012-06-13,0.039543221886189986,0
2012-06-14,0.040114236468150585,0
2012-06-15,0.039884987850806616,0
2012-06-18,0.03930873843312822,0
2012-06-19,0.03977273768629845,0
2012-06-20,0.03993863114337166,0
2012-06-21,0.041024945790873256,0
2012-06-25,0.042890910387105664,0
2012-06-26,0.042985758623606006,0
2012-06-27,0.04351242115561569,0
2012-06-28,0.04419800641400994,0
2012-06-29,0.04321096958322596,0
2012-07-02,0.04257219187367989,0
2012-07-03,0.04256976515471413,0
2012-07-04,0.04269054663951652,0
2012-07-05,0.043662500955306965,0
2012-07-06,0.042967552790499026,0
2012-07-09,0.044956436534074516,0
2012-07-10,0.04544698566005079,0
2012-07-11,0.04518375181737512,0
2012-07-12,0.04457007718805189,0
2012-07-13,0.044555380365194,0
2012-07-16,0.04606574026601756,0
2012-07-17,0.04551256310556686,0
2012-07-18,0.04527311148127065,0
2012-07-19,0.04471322929526056,0
2012-07-20,0.04536449776331714,0
2012-07-23,0.04639593727953326,0
2012-07-24,0.04617305873458098,0
2012-07-25,0.046584613194571606,0
2012-07-26,0.04698821027455997,0
2012-07-27,0.04693495018104101,0
2012-07-30,0.047607148629501064,0
2012-07-31,0.04778738363381911,0
2012-08-01,0.0469207477956594,0
2012-08-02,0.0474718774716735,0
2012-08-03,0.046522971857714264,0
2012-08-06,0.045342540510655324,0
2012-08-07,0.04494826754485355,0
2012-08-08,0.04461423716534505,0
2012-08-09,0.044495475268225365,0
2012-08-10,0.04499110295582677,0
2012-08-13,0.04600769759081959,0
2012-08-14,0.04560343263520323,0
2012-08-15,0.04605512113940671,0
2012-08-16,0.04636617951626674,0
2012-08-17,0.046475245497468336,0
2012-08-20,0.04644382197624776,0
2012-08-21,0.045813366744172336,0
2012-08-22,0.04584194508941394,0
2012-08-23,0.045815998638213104,0
2012-08-24,0.04697140876694345,0
2012-08-27,0.0479737040088384,0
2012-08-28,0.04729777837591996,0
2012-08-29,0.0474065939967798,0
2012-08-30,0.04797881181485774,0
2012-08-31,0.048018587227313905,0
2012-09-03,0.04727664700488597,0
2012-09-04,0.048166090749923035,0
2012-09-05,0.04820394487801539,0
2012-09-06,0.04751264464505898,0
2012-09-07,0.044402929119959515,0
2012-09-10,0.04363251412942868,0
2012-09-11,0.04400145385297378,0
2012-09-12,0.043564410521004904,0
2012-09-13,0.04433121510877931,0
2012-09-14,0.043243943882206204,0
2012-09-17,0.044814603595743,0
2012-09-18,0.04600532318580112,0
2012-09-19,0.045686521077781275,0
2012-09-20,0.04747749553834985,0
2012-09-21,0.04773097135319501,0
2012-09-24,0.04743449085595278,0
2012-09-25,0.04794770602902367,0
2012-09-26,0.04936217538339807,0
2012-09-27,0.04714183073299889,0
2012-09-28,0.045843179012507056,0
2012-10-08,0.04604751396582414,0
2012-10-09,0.044258300944012265,0
2012-10-10,0.043849939411405005,0
2012-10-11,0.044604706292138634,0
2012-10-12,0.04470894600251021,0
2012-10-15,0.04505342895903288,0
2012-10-16,0.04480969761009289,0
2012-10-17,0.044489839006348626,0
2012-10-18,0.04330250296585021,0
2012-10-19,0.04327316961964908,0
2012-10-22,0.043060281119389046,0
2012-10-23,0.04365898823213217,0
2012-10-24,0.043719806927713704,0
2012-10-25,0.04388708065890985,0
2012-10-26,0.04510514954196517,0
2012-10-29,0.04545185077818369,0
2012-10-30,0.04478530010343997,0
2012-10-31,0.044375280623817466,0
2012-11-01,0.042744534536806614,0
2012-11-02,0.042459911999155574,0
2012-11-05,0.04263798435322203,0
2012-11-06,0.04305305690500558,0
2012-11-07,0.043212673973749234,0
2012-11-08,0.04458735600693706,0
2012-11-09,0.044721668181739144,0
2012-11-12,0.044348264569003724,0
2012-11-13,0.04569154248967859,0
2012-11-14,0.04556920693369904,0
2012-11-15,0.04669436602236534,0
2012-11-16,0.04744097362618767,0
2012-11-19,0.04749829058733409,0
2012-11-20,0.047706357152475835,0
2012-11-21,0.0467706558407973,0
2012-11-22,0.04728971861171531,0
2012-11-23,0.04681361260421938,0
2012-11-26,0.04731214042835811,0
2012-11-27,0.04854800520748262,0
2012-11-28,0.04944490077828329,0
2012-11-29,0.05016004807863294,0
2012-11-30,0.04938223821970886,0
2012-12-03,0.050404923763087105,0
2012-12-04,0.04958093567020355,0
2012-12-05,0.04694127359286346,0
2012-12-06,0.047049399709336505,0
2012-12-07,0.04561725771005718,0
2012-12-10,0.044669851368746044,0
2012-12-11,0.04507802167422455,0
2012-12-12,0.0448459154986096,0
2012-12-13,0.04571749973652743,0
2012-12-14,0.042245432560444655,0
2012-12-17,0.041894790262315226,0
2012-12-18,0.041833389556891414,0
2012-12-19,0.0416209475538654,0
2012-12-20,0.04125866644023879,0
2012-12-21,0.041744045258743034,0
2012-12-24,0.04149190884026433,0
2012-12-25,0.03962177932567394,0
2012-12-26,0.039270985146183594,0
2012-12-27,0.03983845679971841,0
2012-12-28,0.03900533518561677,0
2012-12-31,0.03791135504514069,0
2013-01-04,0.03697709633635588,0
2013-01-07,0.03673539584224999,0
2013-01-08,0.03687761467683939,0
2013-01-09,0.036973544464548785,0
2013-01-10,0.03645818818627647,0
2013-01-11,0.037644824137818965,0
2013-01-14,0.03531682305984692,0
2013-01-15,0.0347895611148249,0
2013-01-16,0.03523658811130622,0
2013-01-17,0.036056504988717084,0
2013-01-18,0.03519969076486284,0
2013-01-21,0.034976450504102745,0
2013-01-22,0.035515529415162186,0
2013-01-23,0.03535267351326442,0
2013-01-24,0.03591298870978743,0
2013-01-25,0.0362438540191756,0
2013-01-28,0.03432188685615006,0
2013-01-29,0.033829043883430866,0
2013-01-30,0.03325342019106607,0
2013-01-31,0.03325715860511931,0
2013-02-01,0.03236454453981819,0
2013-02-04,0.03232553111890033,0
2013-02-05,0.03222047011553723,0
2013-02-06,0.032084997242873704,0
2013-02-07,0.03238959292095079,0
2013-02-08,0.03194746321267455,0
2013-02-18,0.03206864715602079,0
2013-02-19,0.03319296661448121,0
2013-02-20,0.032893497943162125,0
2013-02-21,0.03484136812019997,0
2013-02-22,0.03510872929943924,0
2013-02-25,0.03460335376335361,0
2013-02-26,0.03545111133924301,0
2013-02-27,0.035011759965097755,0
2013-02-28,0.03348050965028417,0
2013-03-01,0.033512968094092585,0
2013-03-04,0.03619781951942651,0
2013-03-05,0.03459228864550519,0
2013-03-06,0.0338414361784883,0
2013-03-07,0.034578134222497774,0
2013-03-08,0.03490206117975143,0
2013-03-11,0.035086540702306365,0
2013-03-12,0.035977553883991806,0
2013-03-13,0.03665961397049074,0
2013-03-14,0.03644569403085601,0
2013-03-15,0.036143589124465976,0
2013-03-18,0.03729021039664963,0
2013-03-19,0.036923610405736336,0
2013-03-20,0.035264890986364254,0
2013-03-21,0.03487130305046921,0
2013-03-22,0.03466479885519194,0
2013-03-25,0.035229307044655954,0
2013-03-26,0.036177128596922195,0
2013-03-27,0.03667812863097873,0
2013-03-28,0.0390487175396307,0
2013-03-29,0.038850958632050764,0
2013-04-01,0.038871437179950924,0
2013-04-02,0.03951669191339519,0
2013-04-03,0.039834164163094016,0
2013-04-08,0.04013035149433486,0
2013-04-09,0.03988713688604357,0
2013-04-10,0.04009194721579171,0
2013-04-11,0.040222184493506195,0
2013-04-12,0.04077763104259388,0
2013-04-15,0.041860361570277387,0
2013-04-16,0.04179327334353019,0
2013-04-17,0.041525775163460746,0
2013-04-18,0.04116734062458801,0
2013-04-19,0.03938244835551976,0
2013-04-22,0.03901642172621507,0
2013-04-23,0.04120333195504844,0
2013-04-24,0.04015667865767684,0
2013-04-25,0.041233340237256735,0
2013-04-26,0.04335703863898538,0
2013-05-02,0.043418351500548916,0
2013-05-03,0.04210596555415344,0
2013-05-06,0.040994540897309764,0
2013-05-07,0.04098209792475279,0
2013-05-08,0.040384001813739225,0
2013-05-09,0.040660927745754,0
2013-05-10,0.04037573172855917,0
2013-05-13,0.04041145675661947,0
2013-05-14,0.04131312625460897,0
2013-05-15,0.04085164100035156,0
2013-05-16,0.039970228359381146,0
2013-05-17,0.0388888147614386,0
2013-05-20,0.03814343227098405,0
2013-05-21,0.03775897433742726,0
2013-05-22,0.03810532142019246,0
2013-05-23,0.03889933712826274,0
2013-05-24,0.038307423400883785,0
2013-05-27,0.03808242445737056,0
2013-05-28,0.03741196970230583,0
2013-05-29,0.037112617926791346,0
2013-05-30,0.037250068642222155,0
2013-05-31,0.037722212904325994,0
2013-06-03,0.03782588366730797,0
2013-06-04,0.03868886343725719,0
2013-06-05,0.03861043202492562,0
2013-06-06,0.03951325912096654,0
2013-06-07,0.040389619069664665,0
2013-06-13,0.042749615506356635,0
2013-06-14,0.041861285584423945,0
2013-06-17,0.04188959944925378,0
2013-06-18,0.0417474810291842,0
2013-06-19,0.04158429371871264,0
2013-06-20,0.04241027731174806,0
2013-06-21,0.04407382360134246,0
2013-06-24,0.048653129011235044,0
2013-06-25,0.04872149202503397,0
2013-06-26,0.04891774410709722,0
2013-06-27,0.04949979687293747,0
2013-06-28,0.04860903739531531,0
2013-07-01,0.04796092779265278,0
2013-07-02,0.04720926600858237,0
2013-07-03,0.04748342456250125,0
2013-07-04,0.04721502686044013,0
2013-07-05,0.0472456111091916,0
2013-07-08,0.04945606361042242,0
2013-07-09,0.049081724766799756,0
2013-07-10,0.046664683550687355,0
2013-07-11,0.04409917149649876,0
2013-07-12,0.045059346564182146,0
2013-07-15,0.04396885463227308,0
2013-07-16,0.04347013432535556,0
2013-07-17,0.04393395541384232,0
2013-07-18,0.04442813960477101,0
2013-07-19,0.04559375578049368,0
2013-07-22,0.04451578368400053,0
2013-07-23,0.042648246542142366,0
2013-07-24,0.04243669154269002,0
2013-07-25,0.04410204984400785,0
2013-07-26,0.04437043066774286,0
2013-07-29,0.045768888005985775,0
2013-07-30,0.045404667026779005,0
2013-07-31,0.04531942040604426,0
2013-08-01,0.043770202769624164,0
2013-08-02,0.04368261729696095,0
2013-08-05,0.04263832526855479,0
2013-08-06,0.04215228782865271,0
2013-08-07,0.042304769455493274,0
2013-08-08,0.041497807435559864,0
2013-08-09,0.041386625923044276,0
2013-08-12,0.0397039978549322,0
2013-08-13,0.03879207625981182,0
2013-08-14,0.038744712357649404,0
2013-08-15,0.03943718271114129,0
2013-08-16,0.040564810245865085,0
2013-08-19,0.039022998384683705,0
2013-08-20,0.03858110169072029,0
2013-08-21,0.03891167390137548,0
2013-08-22,0.039250260066631806,0
2013-08-23,0.04008157156146426,0
2013-08-26,0.039377985898001996,0
2013-08-27,0.0390672716823061,0
2013-08-28,0.0388665295847193,0
2013-08-29,0.039452967537625894,0
2013-08-30,0.04059202084671678,0
2013-09-02,0.04029754275445118,0
2013-09-03,0.03921098540016888,0
2013-09-04,0.03897415441969327,0
2013-09-05,0.03894064537511436,0
2013-09-06,0.03849293633138143,0
2013-09-09,0.03624744506874742,0
2013-09-10,0.03552488511401563,0
2013-09-11,0.03500499570027145,0
2013-09-12,0.034630082472081006,0
2013-09-13,0.034861195166857165,0
2013-09-16,0.035087788429133085,0
2013-09-17,0.037002837649494275,0
2013-09-18,0.03688249882849907,0
2013-09-23,0.036099211193572185,0
2013-09-24,0.036372472207775335,0
2013-09-25,0.03670437743083178,0
2013-09-26,0.03834975659395587,0
2013-09-27,0.03804885527484256,0
2013-09-30,0.03747293452414695,0
2013-10-08,0.036567401552855816,0
2013-10-09,0.035633458506902374,0
2013-10-10,0.03646181153135167,0
2013-10-11,0.035227517835747346,0
2013-10-14,0.03443840960909349,0
2013-10-15,0.0345466281002493,0
2013-10-16,0.03588202454129993,0
2013-10-17,0.035969986418424735,0
2013-10-18,0.03562428551002418,0
2013-10-21,0.03417385965199473,0
2013-10-22,0.034689129651069295,0
2013-10-23,0.03579053919836325,0
2013-10-24,0.03598509788582375,0
2013-10-25,0.03763128685003385,0
2013-10-28,0.03796900773412684,0
2013-10-29,0.03853478360663264,0
2013-10-30,0.03821709912998799,0
2013-10-31,0.04059752750288686,0
2013-11-01,0.04068743010796888,0
2013-11-04,0.04042381841612976,0
2013-11-05,0.03955302896764547,0
2013-11-06,0.04018419767551411,0
2013-11-07,0.03995567587177282,0
2013-11-08,0.04063165065290184,0
2013-11-11,0.03947504983222558,0
2013-11-12,0.03868475257388905,0
2013-11-13,0.03972933312022583,0
2013-11-14,0.03863747514116823,0
2013-11-15,0.03626716510039487,0
2013-11-18,0.03351294265966804,0
2013-11-19,0.033495309338234976,0
2013-11-20,0.032498821573843484,0
2013-11-21,0.032829905718633146,0
2013-11-22,0.033579260851412336,0
2013-11-25,0.034238752706889676,0
2013-11-26,0.03437024374011239,0
2013-11-27,0.034131411348768376,0
2013-11-28,0.03463296809787467,0
2013-11-29,0.035115192686099875,0
2013-12-02,0.03527950176882896,0
2013-12-03,0.034940258080372925,0
2013-12-04,0.034192980021091356,0
2013-12-05,0.03376707788576878,0
2013-12-06,0.03383723403764662,0
2013-12-09,0.033321814040060946,0
2013-12-10,0.032741411708434205,0
2013-12-11,0.033604716935152885,0
2013-12-12,0.03377651912473039,0
2013-12-13,0.03437100693517052,0
2013-12-16,0.034980284773222854,0
2013-12-17,0.035295882194668754,0
2013-12-18,0.0352371408542089,0
2013-12-19,0.03572003431729959,0
2013-12-20,0.037347536567858386,0
2013-12-23,0.037025632664012174,0
2013-12-24,0.03716035070759848,0
2013-12-25,0.0362595201397597,0
2013-12-26,0.03769878822835369,0
2013-12-27,0.03661617141181484,0
2013-12-30,0.03667744316713512,0
2013-12-31,0.03595625970653078,0
2014-01-02,0.03539334691472657,0
2014-01-03,0.035740935669490284,0
2014-01-06,0.03718544559070126,0
2014-01-07,0.037181466924843705,0
2014-01-08,0.03748874290992524,0
2014-01-09,0.038280161952734496,0
2014-01-10,0.03904073416857548,0
2014-01-13,0.03917190526851938,0
2014-01-14,0.038127501785631034,0
2014-01-15,0.038548703932381224,0
2014-01-16,0.03823813546218933,0
2014-01-17,0.03888423443885729,0
2014-01-20,0.03957590978330911,0
2014-01-21,0.039183629261060594,0
2014-01-22,0.03778801980219008,0
2014-01-23,0.03806826473407265,0
2014-01-24,0.03712726601154856,0
2014-01-27,0.038132323998651095,0
2014-01-28,0.03784264170873684,0
2014-01-29,0.03723224331197397,0
2014-01-30,0.037957129462755895,0
2014-02-07,0.0375101200016133,0
2014-02-10,0.03570520554650109,0
2014-02-11,0.03519108864517657,0
2014-02-12,0.03486224123554386,0
2014-02-13,0.03553017409055637,0
2014-02-14,0.03468963693237606,0
2014-02-17,0.03338141228958681,0
2014-02-18,0.03371725096149735,0
2014-02-19,0.032873058235759915,0
2014-02-20,0.03358415097936285,0
2014-02-21,0.034389842888698466,0
2014-02-24,0.03577121479390018,0
2014-02-25,0.03843478013967408,0
2014-02-26,0.03790482408207196,0
2014-02-27,0.038750600484200155,0
2014-02-28,0.03785264423540335,0
2014-03-03,0.036711824535522554,0
2014-03-04,0.0364503365525924,0
2014-03-05,0.03686917964021399,0
2014-03-06,0.03670281720887041,0
2014-03-07,0.0368572034236584,0
2014-03-10,0.039478414727249486,0
2014-03-11,0.039243628721082266,0
2014-03-12,0.039444340192503355,0
2014-03-13,0.03842213157214765,0
2014-03-14,0.0392221762803659,0
2014-03-17,0.0381257503754245,0
2014-03-18,0.037797632511194564,0
2014-03-19,0.03815359327213889,0
2014-03-20,0.0396805441081495,0
2014-03-21,0.03808923738100617,0
2014-03-24,0.037254532862686325,0
2014-03-25,0.037263433629695406,0
2014-03-26,0.03728886954297866,0
2014-03-27,0.038225215773233186,0
2014-03-28,0.039865591481957514,0
2014-03-31,0.04049657643719129,0
2014-04-01,0.03961692243523809,0
2014-04-02,0.03938610149518629,0
2014-04-03,0.039776317671877656,0
2014-04-04,0.03884335962162058,0
2014-04-08,0.037950309228886425,0
2014-04-09,0.03731417994719304,0
2014-04-10,0.03657749912255995,0
2014-04-11,0.036806264337197254,0
2014-04-14,0.03692259142426225,0
2014-04-15,0.03829615617502359,0
2014-04-16,0.03858560176002805,0
2014-04-17,0.039661523707184204,0
2014-04-18,0.03940232707304126,0
2014-04-21,0.04063662600062124,0
2014-04-22,0.04073605463087549,0
2014-04-23,0.04060255281756486,0
2014-04-24,0.041123396277373464,0
2014-04-25,0.04256798908958917,0
2014-04-28,0.044423791356584384,0
2014-04-29,0.04404270031566276,0
2014-04-30,0.044223661599839634,0
2014-05-05,0.04397158724264395,0
2014-05-06,0.043988770506040574,0
2014-05-07,0.04492809422993294,0
2014-05-08,0.04533635193749092,0
2014-05-09,0.046774850108658984,0
2014-05-12,0.04499986404911057,0
2014-05-13,0.044803167355945125,0
2014-05-14,0.04460286333624506,0
2014-05-15,0.04548259750227186,0
2014-05-16,0.045517119498979505,0
2014-05-19,0.04645840446771486,0
2014-05-20,0.046206261238744224,0
2014-05-21,0.0454484504254463,0
2014-05-22,0.04547986313833791,0
2014-05-23,0.04500226688016651,0
2014-05-26,0.04439175116823057,0
2014-05-27,0.04477190594224244,0
2014-05-28,0.04404844328635284,0
2014-05-29,0.04488748750287318,0
2014-05-30,0.045295297161215164,0
2014-06-03,0.045848895965809836,0
2014-06-04,0.04656421682798638,0
2014-06-05,0.04545356425564622,0
2014-06-06,0.04556354648524795,0
2014-06-09,0.045561322253556205,0
2014-06-10,0.044636648915365076,0
2014-06-11,0.044454318272829765,0
2014-06-12,0.04458743865444236,0
2014-06-13,0.043511194060699594,0
2014-06-16,0.04366187298571476,0
2014-06-17,0.04458073629082799,0
2014-06-18,0.045061049735260324,0
2014-06-19,0.046808843159760694,0
2014-06-20,0.04637097923924527,0
2014-06-23,0.046174953599410484,0
2014-06-24,0.04571894561291634,0
2014-06-25,0.046037212232842156,0
2014-06-26,0.045349711104041575,0
2014-06-27,0.04529340090258092,0
2014-06-30,0.04457892884910956,0
2014-07-01,0.044225828665648434,0
2014-07-02,0.04337587628665118,0
2014-07-03,0.04275818697967321,0
2014-07-04,0.042597560725426455,0
2014-07-07,0.04313438785489074,0
2014-07-08,0.04283404497902533,0
2014-07-09,0.0438691148755369,0
2014-07-10,0.04416287972638222,0
2014-07-11,0.043884465175398166,0
2014-07-14,0.04293253083633744,0
2014-07-15,0.0426543785658508,0
2014-07-16,0.04242188558876177,0
2014-07-17,0.042377676124086563,0
2014-07-18,0.04189596275545243,0
2014-07-21,0.042057267478951915,0
2014-07-22,0.041396053417871136,0
2014-07-23,0.04136583826134186,0
2014-07-24,0.04066656228001494,0
2014-07-25,0.0400943055671201,0
2014-07-28,0.038165050811671,0
2014-07-29,0.037676044150378916,0
2014-07-30,0.03755377917721968,0
2014-07-31,0.03711813515929424,0
2014-08-01,0.03784773819400469,0
2014-08-04,0.0366282413306185,0
2014-08-05,0.03650266528868297,0
2014-08-06,0.03661608889865964,0
2014-08-07,0.037498918863256285,0
2014-08-08,0.037037985390799555,0
2014-08-11,0.03580682636953806,0
2014-08-12,0.03586046252358346,0
2014-08-13,0.03609399049409955,0
2014-08-14,0.03721194508282298,0
2014-08-15,0.03660853316778144,0
2014-08-18,0.03582458240574216,0
2014-08-19,0.03544137546940783,0
2014-08-20,0.035659870594331726,0
2014-08-21,0.035884015577071916,0
2014-08-22,0.03550079152282784,0
2014-08-25,0.036196629123680275,0
2014-08-26,0.037215462762349355,0
2014-08-27,0.03746678258386614,0
2014-08-28,0.03842243733298081,0
2014-08-29,0.03827931532763149,0
2014-09-01,0.03739888164165012,0
2014-09-02,0.03624029443419309,0
2014-09-03,0.03533710636604054,0
2014-09-04,0.03454934720926455,0
2014-09-05,0.0338975069336646,0
2014-09-09,0.03385136958742689,0
2014-09-10,0.03389264234867834,0
2014-09-11,0.034046888747096535,0
2014-09-12,0.033528255875179755,0
2014-09-15,0.03315851578145203,0
2014-09-16,0.034781251231050546,0
2014-09-17,0.03500263309607444,0
2014-09-18,0.03523379155489071,0
2014-09-19,0.035837837404730136,0
2014-09-22,0.03725244837926809,0
2014-09-23,0.03672771380962059,0
2014-09-24,0.03510169169098584,0
2014-09-25,0.03546791538283194,0
2014-09-26,0.03524927747182854,0
2014-09-29,0.03497259992648291,0
2014-09-30,0.03475317161857061,0
2014-10-08,0.03391852966923869,0
2014-10-09,0.0336279801374648,0
2014-10-10,0.03390503375667332,0
2014-10-13,0.03428778345811775,0
2014-10-14,0.0354094651727876,0
2014-10-15,0.03580694173645471,0
2014-10-16,0.03658248797554124,0
2014-10-17,0.03708576829136557,0
2014-10-20,0.037107289271262556,0
2014-10-21,0.03778020415698879,0
2014-10-22,0.037713064708914994,0
2014-10-23,0.03844709079376735,0
2014-10-24,0.03868745867978777,0
2014-10-27,0.039091208452493934,0
2014-10-28,0.037914264891774296,0
2014-10-29,0.03747573734640529,0
2014-10-30,0.03684475910821229,0
2014-10-31,0.0365916188241377,0
2014-11-03,0.03681262068499533,0
2014-11-04,0.03749746013233218,0
2014-11-05,0.03804266399454674,0
2014-11-06,0.03762103377258361,0
2014-11-07,0.03854718959194289,0
2014-11-10,0.03775075172584061,0
2014-11-11,0.03853766311992639,0
2014-11-12,0.037220944836548954,0
2014-11-13,0.03736327357663226,0
2014-11-14,0.03687045632232394,0
2014-11-17,0.03666711874383915,0
2014-11-18,0.0375888837177668,0
2014-11-19,0.03742667130654411,0
2014-11-20,0.037102085935692294,0
2014-11-21,0.036145235728641124,0
2014-11-24,0.03670850908906661,0
2014-11-25,0.035249409095455306,0
2014-11-26,0.034387024362453035,0
2014-11-27,0.03371676556890474,0
2014-11-28,0.032533002297849195,0
2014-12-01,0.032745427467921646,0
2014-12-02,0.030503887130323024,0
2014-12-03,0.02936040013163973,0
2014-12-04,0.026593167030851392,0
2014-12-05,0.024995908122707203,0
2014-12-08,0.023367068935903075,0
2014-12-09,0.027164537371965163,0
2014-12-10,0.02567400795244642,0
2014-12-11,0.025672262930979677,0
2014-12-12,0.025067936355232155,0
2014-12-15,0.02391015532931645,0
2014-12-16,0.023044180235729364,0
2014-12-17,0.022623051936044948,0
2014-12-18,0.022584451020292738,0
2014-12-19,0.02251641509679999,0
2014-12-22,0.022709640845338983,0
2014-12-23,0.024771679412966874,0
2014-12-24,0.02627424599215747,0
2014-12-25,0.024139054385260837,0
2014-12-26,0.022705627437416984,0
2014-12-29,0.02290330356588638,0
2014-12-30,0.023025093163859305,0
2014-12-31,0.021842719824162686,0
2015-01-05,0.020091763437050145,0
2015-01-06,0.01966397723109979,0
2015-01-07,0.019447208415491107,0
2015-01-08,0.02056046917243473,0
2015-01-09,0.02074288362505334,0
2015-01-12,0.021508416943335634,0
2015-01-13,0.021745519077862832,0
2015-01-14,0.022357651309086776,0
2015-01-15,0.02069754511714813,0
2015-01-16,0.020451022640018933,0
2015-01-19,0.024690956684888632,0
2015-01-20,0.02350532993996013,0
2015-01-21,0.02118741223138925,0
2015-01-22,0.020969153103919093,0
2015-01-23,0.02101243413298265,0
2015-01-26,0.020715813894300182,0
2015-01-27,0.021078061468122154,0
2015-01-28,0.021320359602815524,0
2015-01-29,0.021756109679537776,0
2015-01-30,0.02251503234382641,0
2015-02-02,0.024004032070350484,0
2015-02-03,0.022831981957955952,0
2015-02-04,0.023223814802519824,0
2015-02-05,0.024313630506653645,0
2015-02-06,0.025197915156578987,0
2015-02-09,0.025080385349732594,0
2015-02-10,0.02406391660572639,0
2015-02-11,0.023987674378020796,0
2015-02-12,0.023773457666367598,0
2015-02-13,0.023448162382632594,0
2015-02-16,0.02307076117381085,0
2015-02-17,0.022555813551076796,0
2015-02-25,0.022782034324419338,0
2015-02-26,0.02167072084794182,0
2015-02-27,0.02122766266931888,0
2015-03-02,0.020465029478549446,0
2015-03-03,0.02141907312761262,0
2015-03-04,0.021122426011813467,0
2015-03-05,0.021000198061410312,0
2015-03-06,0.020961401337586887,0
2015-03-09,0.019783047550054028,0
2015-03-10,0.0195466017415118,0
2015-03-11,0.0202394526071787,0
2015-03-12,0.01962905285755759,0
2015-03-13,0.018700678177070697,0
2015-03-16,0.017000236629267314,0
2015-03-17,0.0161386880022635,0
2015-03-18,0.01497400481221775,0
2015-03-19,0.01502817801380052,0
2015-03-20,0.014877686558505208,0
2015-03-23,0.01342473366972282,0
2015-03-24,0.013401911348702604,0
2015-03-25,0.013381619771261816,0
2015-03-26,0.012806846545220602,0
2015-03-27,0.011986752464983742,0
2015-03-30,0.010822941162304228,0
2015-03-31,0.010571544820900398,0
2015-04-01,0.010159781185450266,0
2015-04-02,0.010353801783276918,0
2015-04-03,0.009538822749815226,0
2015-04-07,0.008217674029214757,0
2015-04-08,0.007145633812524491,0
2015-04-09,0.007449568453917657,0
2015-04-10,0.006599639677585804,0
2015-04-13,0.0059343676152043,0
2015-04-14,0.006337718206822836,0
2015-04-15,0.0074161314195954064,0
2015-04-16,0.006804092492919224,0
2015-04-17,0.006118399917211692,0
2015-04-20,0.00799659159389541,0
2015-04-21,0.007480486748369403,0
2015-04-22,0.006510043181244644,0
2015-04-23,0.006222451503368268,0
2015-04-24,0.005955483520652977,0
2015-04-27,0.005517068874184315,0
2015-04-28,0.006037710049351858,0
2015-04-29,0.0056919588521385026,0
2015-04-30,0.006688198437335986,0
2015-05-04,0.006075098600579185,0
2015-05-05,0.007412327226015286,0
2015-05-06,0.007360414340704613,0
2015-05-07,0.00846678240190022,0
2015-05-08,0.00798558942781883,0
2015-05-11,0.006564219103430656,0
2015-05-12,0.005666906943194876,0
2015-05-13,0.0057180616643630125,0
2015-05-14,0.005893524531843414,0
2015-05-15,0.00632496536222505,0
2015-05-18,0.006031146382836958,0
2015-05-19,0.0046774804308215845,0
2015-05-20,0.004443207226812976,0
2015-05-21,0.0035376743992957885,0
2015-05-22,0.0028593640337799334,0
2015-05-25,0.0017697254241108365,0
2015-05-26,2.9635236137463827e-05,0
2015-05-27,-1.543309504571655e-05,0
2015-05-28,0.0016591035927248504,0
2015-05-29,0.0011846048627941058,0
2015-06-01,-0.0012186800315824517,0
2015-06-02,-0.0015486397185515074,0
2015-06-03,-0.0018278719864461904,0
2015-06-04,-0.0018315386966364436,0
2015-06-05,-0.0021739884319131875,0
2015-06-08,-0.0023424998250344276,0
2015-06-09,-0.0021791953325882504,0
2015-06-10,-0.002678834286180369,0
2015-06-11,-0.003156236907796116,0
2015-06-12,-0.0035391802977445957,0
2015-06-15,-0.003425698988957837,0
2015-06-16,-0.0016852063251640778,0
2015-06-17,-0.0022595450837010617,0
2015-06-18,-0.0007001699541388587,0
2015-06-19,0.0015063030798725952,0
2015-06-23,0.0005701873582673669,0
2015-06-24,-0.0003055847654071797,0
2015-06-25,0.0010418323744995697,0
2015-06-26,0.003987417581064606,0
2015-06-29,0.005692201820459576,0
2015-06-30,0.003606184739145833,0
2015-07-01,0.005625856357370201,0
2015-07-02,0.007169613453581865,0
2015-07-03,0.010040313673845426,0
2015-07-06,0.010333812044714355,0
2015-07-07,0.011755145856963294,0
2015-07-08,0.014097977080870197,0
2015-07-09,0.011798028680717422,0
2015-07-10,0.0094747066204618,0
2015-07-13,0.00829167091939697,0
2015-07-14,0.008175032767087038,0
2015-07-15,0.009351157387275433,0
2015-07-16,0.009308763489766704,0
2015-07-17,0.007792400648400033,0
2015-07-20,0.0073869258051185785,0
2015-07-21,0.006876968816769476,0
2015-07-22,0.0067850883058519565,0
2015-07-23,0.0062033884378216025,0
2015-07-24,0.006881361148500832,0
2015-07-27,0.010444869585302927,0
2015-07-28,0.011433596175766267,0
2015-07-29,0.010024760854233754,0
2015-07-30,0.011136096974749113,0
2015-07-31,0.011247902378087177,0
2015-08-03,0.011998968857113788,0
2015-08-04,0.010241942903820536,0
2015-08-05,0.010934439711788868,0
2015-08-06,0.01144730775887226,0
2015-08-07,0.010385981538541048,0
2015-08-10,0.008202761028848406,0
2015-08-11,0.0076849152642844976,0
2015-08-12,0.00808372012639317,0
2015-08-13,0.007566267823874387,0
2015-08-14,0.0076126233338433685,0
2015-08-17,0.007185684139671716,0
2015-08-18,0.01006861983558701,0
2015-08-19,0.009351018977231972,0
2015-08-20,0.011014970411033026,0
2015-08-21,0.01349059529560969,0
2015-08-24,0.018092980706537948,0
2015-08-25,0.022799165648515425,0
2015-08-26,0.024160780737424094,0
2015-08-27,0.022160964000916827,0
2015-08-28,0.01980015899968641,0
2015-08-31,0.021170139074203613,0
2015-09-01,0.02240416434556744,0
2015-09-02,0.02260186883045119,0
2015-09-07,0.02343054975702867,0
2015-09-08,0.021491567494604284,0
2015-09-09,0.02027420017699482,0
2015-09-10,0.021009136517297744,0
2015-09-11,0.020961972118847316,0
2015-09-14,0.02312880893354248,0
2015-09-15,0.025594137311405654,0
2015-09-16,0.022734004052861384,0
2015-09-17,0.02367374441835502,0
2015-09-18,0.02343632330925631,0
2015-09-21,0.022105152329381657,0
2015-09-22,0.02160348533142554,0
2015-09-23,0.022464222060988685,0
2015-09-24,0.02213016751112331,0
2015-09-25,0.023358068236676605,0
2015-09-28,0.02305222653924968,0
2015-09-29,0.02453720677426746,0
2015-09-30,0.024388837984859968,0
2015-10-08,0.02255757922324901,0
2015-10-09,0.0227464822920031,0
2015-10-12,0.02092692991748841,0
2015-10-13,0.021121526047415202,0
2015-10-14,0.022321393287484764,0
2015-10-15,0.02064212312454083,0
2015-10-16,0.01950834702329963,0
2015-10-19,0.019514497855175776,0
2015-10-20,0.019423230534141186,0
2015-10-21,0.021342549356458032,0
2015-10-22,0.020380718568284953,0
2015-10-23,0.019523223523851673,0
2015-10-26,0.019460906367528914,0
2015-10-27,0.019643624368370367,0
2015-10-28,0.020522865449869046,0
2015-10-29,0.019343090660955332,0
2015-10-30,0.01815539639902462,0
2015-11-02,0.019122992579960554,0
2015-11-03,0.01898806292058062,0
2015-11-04,0.01623884936552973,0
2015-11-05,0.01582428107519832,0
2015-11-06,0.014737089728828985,0
2015-11-09,0.013105042833515705,0
2015-11-10,0.013147096551599131,0
2015-11-11,0.01359797099907016,0
2015-11-12,0.013664058973206925,0
2015-11-13,0.014477445415047162,0
2015-11-16,0.013809656286420294,0
2015-11-17,0.01404875427391223,0
2015-11-18,0.014388808466514975,0
2015-11-19,0.013528298789537721,0
2015-11-20,0.013371494384691915,0
2015-11-23,0.013580557873166914,0
2015-11-24,0.013593045226870742,0
2015-11-25,0.013254103962632192,0
2015-11-26,0.013815314580240167,0
2015-11-27,0.016328910896448237,0
2015-11-30,0.016310644755704436,0
2015-12-01,0.01615765437129906,0
2015-12-02,0.015480978328021918,0
2015-12-03,0.01481358401950009,0
2015-12-04,0.01548264287254716,0
2015-12-07,0.015152551638901696,0
2015-12-08,0.016262699709102057,0
2015-12-09,0.016281330614938378,0
2015-12-10,0.016371718359474857,0
2015-12-11,0.016753344042114655,0
2015-12-14,0.014143556755887493,0
2015-12-15,0.014209073707628906,0
2015-12-16,0.014143897372331356,0
2015-12-17,0.013357957058952298,0
2015-12-18,0.01380926265084106,0
2015-12-21,0.01377563577114128,0
2015-12-22,0.013776735154989433,0
2015-12-23,0.014207407800677967,0
2015-12-24,0.014843982847301679,0
2015-12-25,0.014591135786911267,0
2015-12-28,0.015595474530187961,0
2015-12-29,0.015081008863724172,0
2015-12-30,0.01464419045532962,0
2015-12-31,0.01520059262258426,0
2016-01-04,0.018118564458902246,0
2016-01-05,0.01832327362727801,0
2016-01-06,0.017302837734149236,0
2016-01-07,0.021280408454231424,0
2016-01-08,0.0206429532962066,0
2016-01-11,0.02379923977051294,0
2016-01-12,0.023924344875068237,0
2016-01-13,0.02604017850524092,0
2016-01-14,0.024428478342483264,0
2016-01-15,0.02633108275190259,0
2016-01-18,0.025503371650990928,0
2016-01-19,0.023577166886338468,0
2016-01-20,0.02395637881972274,0
2016-01-21,0.025997854776243803,0
2016-01-22,0.02546791831082885,0
2016-01-25,0.02417320342313312,0
2016-01-26,0.027874426514035214,0
2016-01-27,0.02782381033487464,0
2016-01-28,0.029914567593907235,0
2016-01-29,0.028507371162845505,0
2016-02-01,0.02943884175523147,0
2016-02-02,0.027483925788228936,0
2016-02-03,0.027429801798408045,0
2016-02-04,0.026885992715557555,0
2016-02-05,0.02735609504324485,0
2016-02-15,0.02774000153941767,0
2016-02-16,0.025770700346159754,0
2016-02-17,0.02517682650537749,0
2016-02-18,0.025304265095603802,0
2016-02-19,0.025338663325207005,0
2016-02-22,0.023988763347710385,0
2016-02-23,0.024369989929761197,0
2016-02-24,0.023881236321665875,0
2016-02-25,0.02764334768788385,0
2016-02-26,0.027449042609312413,0
2016-02-29,0.029664654409983143,0
2016-03-01,0.028548724577764677,0
2016-03-02,0.025939021311316285,0
2016-03-03,0.025591833228111087,0
2016-03-04,0.0259802213897415,0
2016-03-07,0.024997074866716918,0
2016-03-08,0.024770865748544344,0
2016-03-09,0.026049453248876687,0
2016-03-10,0.027323050664635563,0
2016-03-11,0.02750773935100511,0
2016-03-14,0.026227855003161243,0
2016-03-15,0.0264718963303378,0
2016-03-16,0.026880880431702985,0
2016-03-17,0.025739538151787256,0
2016-03-18,0.024699851725933048,0
2016-03-21,0.023418173828909983,0
2016-03-22,0.023674205706756542,0
2016-03-23,0.023331249437442324,0
2016-03-24,0.023854785240454673,0
2016-03-25,0.02341128794964142,0
2016-03-28,0.023404991049001917,0
2016-03-29,0.024314896912306115,0
2016-03-30,0.02325040489638277,0
2016-03-31,0.02279045557606997,0
2016-04-01,0.022832566244320108,0
2016-04-05,0.021707826340780053,0
2016-04-06,0.021578095468448993,0
2016-04-07,0.021980216014231883,0
2016-04-08,0.022188212165872825,0
2016-04-11,0.02137832016358092,0
2016-04-12,0.02159654528534103,0
2016-04-13,0.020724948453327216,0
2016-04-14,0.02030223689235598,0
2016-04-15,0.020360800869383362,0
2016-04-18,0.021124271702146116,0
2016-04-19,0.020964491791082954,0
2016-04-20,0.02232661520792617,0
2016-04-21,0.02281080996006661,0
2016-04-22,0.02247086291062794,0
2016-04-25,0.02266190658741324,0
2016-04-26,0.022429158469103126,0
2016-04-27,0.022665539992954533,0
2016-04-28,0.022882900017233303,0
2016-04-29,0.02195327018091038,0
2016-05-03,0.020875342574993676,0
2016-05-04,0.020821503771997294,0
2016-05-05,0.020513794879171196,0
2016-05-06,0.022092644708999,0
2016-05-09,0.023866403713424796,0
2016-05-10,0.023690628141854984,0
2016-05-11,0.023664570712973804,0
2016-05-12,0.02375698511536998,0
2016-05-13,0.023837430297751663,0
2016-05-16,0.02301725869162143,0
2016-05-17,0.02305513997809227,0
2016-05-18,0.023682604186480292,0
2016-05-19,0.02350489750448631,0
2016-05-20,0.02319920548016509,0
2016-05-23,0.022670612593207205,0
2016-05-24,0.023283662686372247,0
2016-05-25,0.023344876680362902,0
2016-05-26,0.023172502548637754,0
2016-05-27,0.023145945879336906,0
2016-05-30,0.02288638799650107,0
2016-05-31,0.021013926539550604,0
2016-06-01,0.020813724268970914,0
2016-06-02,0.020362014199660113,0
2016-06-03,0.02007265775695234,0
2016-06-06,0.020161261976671684,0
2016-06-07,0.02009102343602239,0
2016-06-08,0.020217590100237395,0
2016-06-13,0.023073182823600456,0
2016-06-14,0.02322185742161889,0
2016-06-15,0.02217342596340037,0
2016-06-16,0.02253175545284308,0
2016-06-17,0.02233400960342909,0
2016-06-20,0.022105612291901153,0
2016-06-21,0.022495952709717736,0
2016-06-22,0.02195251586394003,0
2016-06-23,0.022141361725907485,0
2016-06-24,0.02321896731694226,0
2016-06-27,0.022808413559378387,0
2016-06-28,0.022117377430055447,0
2016-06-29,0.021931044144308416,0
2016-06-30,0.022145876537925963,0
2016-07-01,0.022540839488628072,0
2016-07-04,0.021399028386859552,0
2016-07-05,0.02101500155753217,0
2016-07-06,0.020982699847601767,0
2016-07-07,0.021273337512968934,0
2016-07-08,0.021645810618284696,0
2016-07-11,0.021386986058972865,0
2016-07-12,0.020496229462105862,0
2016-07-13,0.020084636083731122,0
2016-07-14,0.02023268287837463,0
2016-07-15,0.020403094425956846,0
2016-07-18,0.020563947776336595,0
2016-07-19,0.020657750719868036,0
2016-07-20,0.020950356357757445,0
2016-07-21,0.02100535887023618,0
2016-07-22,0.021312083620791643,0
2016-07-25,0.021101814951323978,0
2016-07-26,0.020696169954543528,0
2016-07-27,0.022000453474325957,0
2016-07-28,0.022133060025072062,0
2016-07-29,0.02248733547415735,0
2016-08-01,0.022927105574511594,0
2016-08-02,0.022667858604714673,0
2016-08-03,0.022596392221933125,0
2016-08-04,0.022448797335178888,0
2016-08-05,0.022716651278716585,0
2016-08-08,0.022298195058069372,0
2016-08-09,0.02225465509600712,0
2016-08-10,0.022569243342119138,0
2016-08-11,0.023023005408218267,0
2016-08-12,0.022514092627683998,0
2016-08-15,0.02163295614891002,0
2016-08-16,0.021476281404892928,0
2016-08-17,0.02123037194597787,0
2016-08-18,0.021493505380063435,0
2016-08-19,0.021161405395664714,0
2016-08-22,0.021795088312104555,0
2016-08-23,0.021186706240767055,0
2016-08-24,0.02112118076848825,0
2016-08-25,0.021389758905487128,0
2016-08-26,0.02113515142885626,0
2016-08-29,0.020635518387407445,0
2016-08-30,0.019769927390584762,0
2016-08-31,0.019656099004244688,0
2016-09-01,0.019946270807183943,0
2016-09-02,0.01997977745272222,0
2016-09-05,0.019785490956531725,0
2016-09-06,0.019235858652146345,0
2016-09-07,0.018991613582647237,0
2016-09-08,0.01900240985281474,0
2016-09-09,0.01934878421452189,0
2016-09-12,0.020170387032734046,0
2016-09-13,0.020314268813656538,0
2016-09-14,0.020671850598322418,0
2016-09-19,0.020203818028979127,0
2016-09-20,0.02042795947795493,0
2016-09-21,0.02024155949528141,-1
2016-09-22,0.020005498406662436,-1
2016-09-23,0.020288474885048983,-1
2016-09-26,0.02125129575849547,-1
2016-09-27,0.02095950250534571,-1
2016-09-28,0.020973350709594236,-1
2016-09-29,0.020753782023114967,-1
2016-09-30,0.020604042960451898,-1
2016-10-10,0.02036757528290384,-1
2016-10-11,0.019943076461461328,-1
2016-10-12,0.019724906568063135,-1
2016-10-13,0.01976310557879276,-1
2016-10-14,0.019834850882693184,-1
2016-10-17,0.020253192723300825,-1
2016-10-18,0.01955727053632902,-1
2016-10-19,0.0199375114283114,-1
2016-10-20,0.020007212186953657,-1
2016-10-21,0.020145351278397904,-1
2016-10-24,0.019573844806268496,-1
2016-10-25,0.019426207774783696,-1
2016-10-26,0.019359565137162898,-1
2016-10-27,0.019694005910973807,-1
2016-10-28,0.02095427551834658,-1
2016-10-31,0.02076543107312596,-1
2016-11-01,0.020424290800870902,-1
2016-11-02,0.0207473806340676,-1
2016-11-03,0.020464255519508374,-1
2016-11-04,0.020547821695884632,-1
2016-11-07,0.02035489647052461,-1
2016-11-08,0.01994835591275617,-1
2016-11-09,0.020244946860098343,-1
2016-11-10,0.01937494140017488,-1
2016-11-11,0.018828263434680626,-1
2016-11-14,0.018200023003744854,-1
2016-11-15,0.01820125484655767,-1
2016-11-16,0.018024629662573576,-1
2016-11-17,0.017641131097311007,-1
2016-11-18,0.01797581367857023,-1
2016-11-21,0.017734368167928727,-1
2016-11-22,0.01747890322917179,-1
2016-11-23,0.01782313955273564,-1
2016-11-24,0.01782026629586675,-1
2016-11-25,0.017390989290913778,-1
2016-11-28,0.017399723571667587,-1
2016-11-29,0.01703485454204981,-1
2016-11-30,0.016769747613218006,-1
2016-12-01,0.016082477435253376,-1
2016-12-02,0.016570526497312183,-1
2016-12-05,0.016637946491352505,-1
2016-12-06,0.015841206227936208,-1
2016-12-07,0.015778055834424178,-1
2016-12-08,0.016053120478776255,-1
2016-12-09,0.015776715688327614,-1
2016-12-12,0.016034326400053825,-1
2016-12-13,0.015585933139089105,-1
2016-12-14,0.015537140492253042,-1
2016-12-15,0.01458597365803934,-1
2016-12-16,0.01489276225527611,-1
2016-12-19,0.014476109766990736,-1
2016-12-20,0.014228694870355336,-1
2016-12-21,0.014685822347299211,-1
2016-12-22,0.01554536550400714,-1
2016-12-23,0.016100711344597035,-1
2016-12-26,0.016094701668228573,-1
2016-12-27,0.01607161574529925,-1
2016-12-28,0.01664397465988609,-1
2016-12-29,0.017478331059601726,-1
2016-12-30,0.01772055814329768,-1
2017-01-03,0.016322994044380208,-1
2017-01-04,0.015136908040966707,-1
2017-01-05,0.014815355769846321,-1
2017-01-06,0.015160594424281734,-1
2017-01-09,0.015203314552001211,-1
2017-01-10,0.015217975916944466,-1
2017-01-11,0.015309216204595286,-1
2017-01-12,0.01576952205856884,-1
2017-01-13,0.015923049020964683,-1
2017-01-16,0.016125623362696254,-1
2017-01-17,0.015667677928800645,-1
2017-01-18,0.01568163194126585,-1
2017-01-19,0.01596151687057224,-1
2017-01-20,0.015503684971753688,-1
2017-01-23,0.015224133110942992,-1
2017-01-24,0.01475945417154182,-1
2017-01-25,0.01399694747891423,-1
2017-01-26,0.013767268509990313,-1
2017-02-03,0.013285930685726144,-1
2017-02-06,0.012317484839577772,-1
2017-02-07,0.012389904155382388,-1
2017-02-08,0.012438489764899016,-1
2017-02-09,0.012616081910858508,-1
2017-02-10,0.012240513913662696,-1
2017-02-13,0.01212127116080186,-1
2017-02-14,0.012350012718705942,-1
2017-02-15,0.012597570236477222,-1
2017-02-16,0.012872036563405416,-1
2017-02-17,0.013474356712584915,-1
2017-02-20,0.013436147820646165,-1
2017-02-21,0.012950826110333324,-1
2017-02-22,0.012919974064326455,-1
2017-02-23,0.013145369202945803,-1
2017-02-24,0.012914924505772238,-1
2017-02-27,0.013280013674432746,-1
2017-02-28,0.01309782421909643,-1
2017-03-01,0.012714120545823854,-1
2017-03-02,0.012763843754078755,-1
2017-03-03,0.012741661903750819,-1
2017-03-06,0.012380067846765742,-1
2017-03-07,0.012249096683115947,-1
2017-03-08,0.011916922522109373,-1
2017-03-09,0.012183865738855888,-1
2017-03-10,0.01220466152853155,-1
2017-03-13,0.012244385248916752,-1
2017-03-14,0.012462519914169641,-1
2017-03-15,0.012625191028148137,-1
2017-03-16,0.012792483707509905,-1
2017-03-17,0.013286676439730374,-1
2017-03-20,0.01315468800096243,-1
2017-03-21,0.013054195395067802,-1
2017-03-22,0.013311516781016351,-1
2017-03-23,0.013301028669171149,-1
2017-03-24,0.013567691390983572,-1
2017-03-27,0.013961062203870334,-1
2017-03-28,0.014151545831784546,-1
2017-03-29,0.014147458083264106,-1
2017-03-30,0.01459595718919305,-1
2017-03-31,0.01435159939628542,-1
2017-04-05,0.013319137736574643,-1
2017-04-06,0.013217587214163697,-1
2017-04-07,0.013402553035031545,-1
2017-04-10,0.013442521668966131,-1
2017-04-11,0.013196042323637643,-1
2017-04-12,0.013367507966348405,-1
2017-04-13,0.013345965342079824,-1
2017-04-14,0.01358795846049328,-1
2017-04-17,0.013357695293929807,-1
2017-04-18,0.013834854640336597,-1
2017-04-19,0.01434817599945809,-1
2017-04-20,0.014182894156282572,-1
2017-04-21,0.013984398023304867,-1
2017-04-24,0.014456030202168908,-1
2017-04-25,0.015037964077439306,-1
2017-04-26,0.015072595801921052,-1
2017-04-27,0.015254518131562575,-1
2017-04-28,0.01695307797968002,-1
2017-05-02,0.016868711959033132,-1
2017-05-03,0.016707612838816284,-1
2017-05-04,0.01651567962811678,-1
2017-05-05,0.016859610982650854,-1
2017-05-08,0.016986408726989588,-1
2017-05-09,0.01660954737757874,-1
2017-05-10,0.016561646245563458,-1
2017-05-11,0.01699744367117951,-1
2017-05-12,0.016592450952850335,-1
2017-05-15,0.016860891274517655,-1
2017-05-16,0.016147436328522148,-1
2017-05-17,0.016203479722120738,-1
2017-05-18,0.01662188331039411,-1
2017-05-19,0.016426886115318798,-1
2017-05-22,0.01634612637588389,-1
2017-05-23,0.01661562478337872,-1
2017-05-24,0.01662544475344028,-1
2017-05-25,0.01609155551048834,-1
2017-05-26,0.016058707972796293,-1
2017-05-31,0.01639340917147724,-1
2017-06-01,0.016720827837576432,-1
2017-06-02,0.016491456212398378,-1
2017-06-05,0.01671930666251442,-1
2017-06-06,0.016308464497782692,-1
2017-06-07,0.015475012355618663,-1
2017-06-08,0.015243297103121244,-1
2017-06-09,0.015273116716950176,-1
2017-06-12,0.01634483776152912,-1
2017-06-13,0.01607597749743478,-1
2017-06-14,0.016796379463709585,-1
2017-06-15,0.016468331622133646,-1
2017-06-16,0.016480994098747148,-1
2017-06-19,0.016818180983016767,-1
2017-06-20,0.01694656588829252,-1
2017-06-21,0.016158278949092837,-1
2017-06-22,0.016226043444943494,-1
2017-06-23,0.016158941759726084,-1
2017-06-26,0.015971697497067748,-1
2017-06-27,0.015948317231450578,-1
2017-06-28,0.01600245076016834,-1
2017-06-29,0.015602863411421496,-1
2017-06-30,0.015377032780684016,-1
2017-07-03,0.01494523810639662,-1
2017-07-04,0.015189324037198172,-1
2017-07-05,0.015051578357329932,-1
2017-07-06,0.015092554874223146,-1
2017-07-07,0.014809194834997118,-1
2017-07-10,0.014949930989455136,-1
2017-07-11,0.015193572710027074,-1
2017-07-12,0.015355060269152378,-1
2017-07-13,0.015221018434259631,-1
2017-07-14,0.015246598574064081,-1
2017-07-17,0.016351748739507496,-1
2017-07-18,0.01595824880721535,-1
2017-07-19,0.015206750552773887,-1
2017-07-20,0.015140454334778237,-1
2017-07-21,0.015160635086007061,-1
2017-07-24,0.015026124503729026,-1
2017-07-25,0.014956356173505207,-1
2017-07-26,0.014662743658680671,-1
2017-07-27,0.014597034867289804,-1
2017-07-28,0.014541465908854141,-1
2017-07-31,0.014053981002250825,-1
2017-08-01,0.01369258321046421,-1
2017-08-02,0.013878006427984091,-1
2017-08-03,0.014080247617190136,-1
2017-08-04,0.01429512332071492,-1
2017-08-07,0.013657776138652052,-1
2017-08-08,0.013654110478528957,-1
2017-08-09,0.013638410622755982,-1
2017-08-10,0.014136440202236089,-1
2017-08-11,0.015164508819030975,-1
2017-08-14,0.014772349854642486,-1
2017-08-15,0.014612812935859837,-1
2017-08-16,0.014398756067303474,-1
2017-08-17,0.01415161216123794,-1
2017-08-18,0.014365569793323742,-1
2017-08-21,0.013872690240998076,-1
2017-08-22,0.013901344660666483,-1
2017-08-23,0.014034793488827649,-1
2017-08-24,0.014289926124086666,-1
2017-08-25,0.01361275772020188,-1
2017-08-28,0.012975789025920899,-1
2017-08-29,0.013373582373972924,-1
2017-08-30,0.013490752236691779,-1
2017-08-31,0.014083443375640527,-1
2017-09-01,0.013876752041120481,-1
2017-09-04,0.013523562598260291,-1
2017-09-05,0.013205199750056004,-1
2017-09-06,0.013223472893632328,-1
2017-09-07,0.01387583893407271,-1
2017-09-08,0.014002965318724032,-1
2017-09-11,0.013648736446772045,-1
2017-09-12,0.013607582443638092,-1
2017-09-13,0.013332252722371672,-1
2017-09-14,0.013871378919342786,-1
2017-09-15,0.014073108572223457,-1
2017-09-18,0.013629551560911585,-1
2017-09-19,0.013800877124657426,-1
2017-09-20,0.013528457522924323,-1
2017-09-21,0.013562469217263472,-1
2017-09-22,0.013779950267471551,-1
2017-09-25,0.014299011690916054,-1
2017-09-26,0.014060462045535904,-1
2017-09-27,0.013882594947491798,-1
2017-09-28,0.014061522708984045,-1
2017-09-29,0.01384421633096971,-1
2017-10-09,0.013022803569186996,-1
2017-10-10,0.012832846825309656,-1
2017-10-11,0.012720179322096889,-1
2017-10-12,0.012525359254962065,-1
2017-10-13,0.012479017050081753,-1
2017-10-16,0.012472319091263048,-1
2017-10-17,0.012169906564563446,-1
2017-10-18,0.012122691769347958,-1
2017-10-19,0.012572702932708096,-1
2017-10-20,0.012416171922271041,-1
2017-10-23,0.012319262934952196,-1
2017-10-24,0.012293040925936798,-1
2017-10-25,0.011659033499221871,-1
2017-10-26,0.01181810776533914,-1
2017-10-27,0.012284038660821214,-1
2017-10-30,0.011885495540194864,-1
2017-10-31,0.012720611296441316,-1
2017-11-01,0.013014484567801965,-1
2017-11-02,0.013105924414996951,-1
2017-11-03,0.013241949226566088,-1
2017-11-06,0.013047855359304604,-1
2017-11-07,0.012562261735573586,-1
2017-11-08,0.012632967470720048,-1
2017-11-09,0.012255792460556567,-1
2017-11-10,0.011999175983364002,-1
2017-11-13,0.01132066273417056,-1
2017-11-14,0.0116213136867249,-1
2017-11-15,0.012065582442267346,-1
2017-11-16,0.012272926973866345,-1
2017-11-17,0.012767063038476405,-1
2017-11-20,0.012253262085578455,-1
2017-11-21,0.01178391315109309,-1
2017-11-22,0.011219597826661772,-1
2017-11-23,0.012482287718418653,-1
2017-11-24,0.012849379846212268,-1
2017-11-27,0.013417848946727755,-1
2017-11-28,0.01304106660464726,-1
2017-11-29,0.013460422201789897,-1
2017-11-30,0.014061655531617187,-1
2017-12-01,0.014015313491303992,-1
2017-12-04,0.01403820854918468,-1
2017-12-05,0.014472510442509766,-1
2017-12-06,0.014511092665389573,-1
2017-12-07,0.014701743275688961,-1
2017-12-08,0.014158252597293475,-1
2017-12-11,0.01254974823991304,-1
2017-12-12,0.013065742492176763,-1
2017-12-13,0.012759104088458172,-1
2017-12-14,0.013072095991519407,-1
2017-12-15,0.013661308148097108,-1
2017-12-18,0.013723647911358293,-1
2017-12-19,0.013111484574883418,-1
2017-12-20,0.013302841805113659,-1
2017-12-21,0.013044780120310295,-1
2017-12-22,0.01334222625989364,-1
2017-12-25,0.013664560991904717,-1
2017-12-26,0.013191882441433808,-1
2017-12-27,0.01358464171529946,-1
2017-12-28,0.013371265437012184,-1
2017-12-29,0.013128490223348332,-1
2018-01-02,0.012285953583650012,-1
2018-01-03,0.011810775197117353,-1
2018-01-04,0.01146259437260512,-1
2018-01-05,0.011485478725865167,-1
2018-01-08,0.011420235131524549,-1
2018-01-09,0.01153181316143341,-1
2018-01-10,0.011165243808052679,-1
2018-01-11,0.01070521936317452,-1
2018-01-12,0.010890835773549268,-1
2018-01-15,0.010958090366211024,-1
2018-01-16,0.010651673698022626,-1
2018-01-17,0.010615995038959103,-1
2018-01-18,0.009989357479791725,-1
2018-01-19,0.00990634136624928,-1
2018-01-22,0.009779388381722764,-1
2018-01-23,0.009274184910177674,-1
2018-01-24,0.009043692451386594,-1
2018-01-25,0.009302319069239853,-1
2018-01-26,0.009269331035459925,-1
2018-01-29,0.009848408216009026,-1
2018-01-30,0.01035896513482417,-1
2018-01-31,0.010767439790635401,-1
2018-02-01,0.011570481815605646,-1
2018-02-02,0.011385778661425046,-1
2018-02-05,0.011107054478789374,-1
2018-02-06,0.013338723880612788,-1
2018-02-07,0.014374549585515206,-1
2018-02-08,0.014674416574003132,-1
2018-02-09,0.016720115862664572,-1
2018-02-12,0.016074583345365052,-1
2018-02-13,0.015693121781751404,-1
2018-02-14,0.015412298800885744,-1
2018-02-22,0.01423636143758749,-1
2018-02-23,0.01405232997134613,-1
2018-02-26,0.013547548546159464,-1
2018-02-27,0.014335702335951113,-1
2018-02-28,0.01432274712258575,-1
2018-03-01,0.013993213960304986,-1
2018-03-02,0.014172402323893649,-1
2018-03-05,0.013980465610348082,-1
2018-03-06,0.013641217587635444,-1
2018-03-07,0.013976956017796846,-1
2018-03-08,0.01366728583293736,-1
2018-03-09,0.013132804685858153,-1
2018-03-12,0.01278838418083715,-1
2018-03-13,0.012983461663317195,-1
2018-03-14,0.013325220164684265,-1
2018-03-15,0.013497310399533231,-1
2018-03-16,0.014101156124945578,-1
2018-03-19,0.013994914164850755,-1
2018-03-20,0.014097654904232808,-1
2018-03-21,0.01490600638467144,-1
2018-03-22,0.015327550660171219,-1
2018-03-23,0.01806504182119764,-1
2018-03-26,0.017805552439076958,-1
2018-03-27,0.017237149868472884,-1
2018-03-28,0.018263696185182747,-1
2018-03-29,0.017668595145679644,-1
2018-03-30,0.01778239784690793,-1
2018-04-02,0.017948495506108268,-1
2018-04-03,0.018257316928079317,-1
2018-04-04,0.01876749596572177,-1
2018-04-09,0.018997832947290128,-1
2018-04-10,0.018119240102866703,-1
2018-04-11,0.017907731074817926,-1
2018-04-12,0.018439839608265514,-1
2018-04-13,0.018830617163314176,-1
2018-04-16,0.02007857134356808,-1
2018-04-17,0.021166624791805214,-1
2018-04-18,0.022181739013539647,-1
2018-04-19,0.02173162846773874,-1
2018-04-20,0.022666355266813057,-1
2018-04-23,0.022037806128994315,-1
2018-04-24,0.02114728904206111,-1
2018-04-25,0.021064894645131275,-1
2018-04-26,0.021993258881513544,-1
2018-04-27,0.022222142738119337,-1
2018-05-02,0.021945627891882084,-1
2018-05-03,0.021726017006835317,-1
2018-05-04,0.022063836802330185,-1
2018-05-07,0.020969077939646565,-1
2018-05-08,0.02008746623088592,-1
2018-05-09,0.01997238453506297,-1
2018-05-10,0.019852888728979938,-1
2018-05-11,0.02017690090430215,-1
2018-05-14,0.020010659083642995,-1
2018-05-15,0.019462637101170514,-1
2018-05-16,0.019916376133834048,-1
2018-05-17,0.020178494029926948,-1
2018-05-18,0.019645517182176817,-1
2018-05-21,0.019432330191313386,-1
2018-05-22,0.019704892085184757,-1
2018-05-23,0.02077755316825028,-1
2018-05-24,0.020967946717856845,-1
2018-05-25,0.021684507456078986,-1
2018-05-28,0.021790004794886728,-1
2018-05-29,0.02230258252134857,-1
2018-05-30,0.023844357552019836,-1
2018-05-31,0.02270426787494932,-1
2018-06-01,0.02312109903449349,-1
2018-06-04,0.022510239196381836,-1
2018-06-05,0.021856682549840835,-1
2018-06-06,0.021884604835996614,-1
2018-06-07,0.021951018393949043,-1
2018-06-08,0.02294807100012211,-1
2018-06-11,0.023801936313572483,-1
2018-06-12,0.02287523167206839,-1
2018-06-13,0.023783969530895656,-1
2018-06-14,0.024330019989821428,-1
2018-06-15,0.025118658884311265,-1
2018-06-19,0.028250996090892946,-1
2018-06-20,0.027519800145270834,-1
2018-06-21,0.02882678065564038,-1
2018-06-22,0.028533635219323936,-1
2018-06-25,0.028987070856851108,-1
2018-06-26,0.029190872668236223,-1
2018-06-27,0.030290704717889895,-1
2018-06-28,0.031192057819779864,-1
2018-06-29,0.030112428925695732,-1
2018-07-02,0.0317515266484775,-1
2018-07-03,0.03109686419325615,-1
2018-07-04,0.03164457333291468,-1
2018-07-05,0.03259634220301701,-1
2018-07-06,0.03204120739864534,-1
2018-07-09,0.03015541478147673,-1
2018-07-10,0.029853147197490652,-1
2018-07-11,0.031358400792564675,-1
2018-07-12,0.029809443865354383,-1
2018-07-13,0.03008497486289094,-1
2018-07-16,0.030500371829244262,-1
2018-07-17,0.030880046155048753,-1
2018-07-18,0.03127403731145119,-1
2018-07-19,0.03195749785474112,-1
2018-07-20,0.030005876901145048,-1
2018-07-23,0.02932039784678108,-1
2018-07-24,0.0279630172980539,-1
2018-07-25,0.027967037019035794,-1
2018-07-26,0.028726292593718193,-1
2018-07-27,0.02900852617639308,-1
2018-07-30,0.029319211541850097,-1
2018-07-31,0.0296163921105502,-1
2018-08-01,0.03099127198364117,-1
2018-08-02,0.032386821017199315,-1
2018-08-03,0.033331740877669214,-1
2018-08-06,0.034273716002529916,-1
2018-08-07,0.03218613921017583,-1
2018-08-08,0.03284465819840296,-1
2018-08-09,0.031213262411475935,-1
2018-08-10,0.031107520342978423,-1
2018-08-13,0.030979813288486216,-1
2018-08-14,0.03149099837959113,-1
2018-08-15,0.032635567290810075,-1
2018-08-16,0.03289018565613971,-1
2018-08-17,0.033631318543450986,-1
2018-08-20,0.033125467965293365,-1
2018-08-21,0.03235570859309678,-1
2018-08-22,0.033453647595953456,-1
2018-08-23,0.03330073745875573,-1
2018-08-24,0.033210482142675794,-1
2018-08-27,0.03199734279361495,-1
2018-08-28,0.03239083376523461,-1
2018-08-29,0.03297513342715263,-1
2018-08-30,0.034176085527499844,-1
2018-08-31,0.034977914289176036,-1
2018-09-03,0.034875370115484,-1
2018-09-04,0.03394359990435578,-1
2018-09-05,0.03518353537300497,-1
2018-09-06,0.03563379455923835,-1
2018-09-07,0.03521252413172561,-1
2018-09-10,0.03597002262247902,1
2018-09-11,0.03583290705280557,1
2018-09-12,0.036316374324439016,1
2018-09-13,0.03556455531109648,1
2018-09-14,0.035946652889883544,1
2018-09-17,0.03684275535508641,1
2018-09-18,0.03546597308127959,1
2018-09-19,0.03430987688018862,1
2018-09-20,0.03407682345346983,1
2018-09-21,0.03264590341522087,1
2018-09-25,0.03307537148387128,1
2018-09-26,0.03275049601204851,1
2018-09-27,0.03349288932636494,1
2018-09-28,0.032885395314177425,1
2018-10-08,0.03559674085939218,1
2018-10-09,0.0355580246985941,1
2018-10-10,0.03548598466205145,1
2018-10-11,0.039958433357151345,1
2018-10-12,0.03927146757245745,1
2018-10-15,0.0403429033812657,1
2018-10-16,0.04127726622746443,1
2018-10-17,0.040739173105536076,1
2018-10-18,0.0432444700879592,1
2018-10-19,0.0411912606072119,1
2018-10-22,0.037829160529593536,1
2018-10-23,0.03977733032650723,1
2018-10-24,0.03993063716802917,1
2018-10-25,0.04007698251083237,1
2018-10-26,0.03999127645086675,1
2018-10-29,0.04193128925757252,1
2018-10-30,0.0410835191770348,1
2018-10-31,0.040670942727971,1
2018-11-01,0.04054555338358788,1
2018-11-02,0.037915552704997225,1
2018-11-05,0.038336415202579806,1
2018-11-06,0.03875840388299332,1
2018-11-07,0.03946894869603265,1
2018-11-08,0.03965936247405723,1
2018-11-09,0.04062298487425142,1
2018-11-12,0.039380132108632664,1
2018-11-13,0.03868691874618365,1
2018-11-14,0.039771113799673435,1
2018-11-15,0.03908262130243215,1
2018-11-16,0.039080380120753336,1
2018-11-19,0.03823814775643402,1
2018-11-20,0.03990102737539377,1
2018-11-21,0.039742597136929236,1
2018-11-22,0.03967224355328661,1
2018-11-23,0.04172007615412364,1
2018-11-26,0.04159136485453442,1
2018-11-27,0.04167472128245296,1
2018-11-28,0.04114172475790285,1
2018-11-29,0.04239979117993376,1
2018-11-30,0.04182142005096959,1
2018-12-03,0.039867337651443804,1
2018-12-04,0.0400180926545999,1
2018-12-05,0.04072606543987059,1
2018-12-06,0.04210407124390167,1
2018-12-07,0.04198810212437951,1
2018-12-10,0.04291977168975819,1
2018-12-11,0.0425594179043178,1
2018-12-12,0.04230943884390575,1
2018-12-13,0.04081591124222813,1
2018-12-14,0.04202352868376011,1
2018-12-17,0.041117236496218214,1
2018-12-18,0.04172619275144269,1
2018-12-19,0.04289469724957698,1
2018-12-20,0.04358844216473549,1
2018-12-21,0.044105971309903846,1
2018-12-24,0.04337538876456404,1
2018-12-25,0.044349650823237934,1
2018-12-26,0.04468896093883104,1
2018-12-27,0.045577483364074536,1
2018-12-28,0.045664417484035165,1
2019-01-02,0.0471268348627676,1
2019-01-03,0.04765167710456981,1
2019-01-04,0.045808933074121455,1
2019-01-07,0.045064880112742726,1
2019-01-08,0.04551605117051877,1
2019-01-09,0.0451079047222282,1
2019-01-10,0.04545332786768671,1
2019-01-11,0.044869067866214515,1
2019-01-14,0.04518020522753543,1
2019-01-15,0.04402888345617676,1
2019-01-16,0.044672039827037345,1
2019-01-17,0.04507319374590972,1
2019-01-18,0.04389418827423359,1
2019-01-21,0.04332244939192356,1
2019-01-22,0.04418598363435143,1
2019-01-23,0.04399380332887823,1
2019-01-24,0.043505806140806756,1
2019-01-25,0.04321232729036959,1
2019-01-28,0.04336904662892609,1
2019-01-29,0.04379275896350075,1
2019-01-30,0.04449481159247502,1
2019-01-31,0.04444885373323372,1
2019-02-01,0.04319484881898748,1
2019-02-11,0.042266004060265754,1
2019-02-12,0.04158311301191972,1
2019-02-13,0.04032499405015075,1
2019-02-14,0.040221393788106574,1
2019-02-15,0.04105103286203299,1
2019-02-18,0.03864895937310325,1
2019-02-19,0.03843164961556539,1
2019-02-20,0.038301176826957814,1
2019-02-21,0.03835898100487484,1
2019-02-22,0.03691290754709887,1
2019-02-25,0.03293672005028137,1
2019-02-26,0.03334834644214548,1
2019-02-27,0.03352306703678164,1
2019-02-28,0.033612403586479184,1
2019-03-01,0.032425206306426785,1
2019-03-04,0.031402239947894185,1
2019-03-05,0.03050222937785213,1
2019-03-06,0.029809395405520835,1
2019-03-07,0.030287728190544164,1
2019-03-08,0.03314079344020857,1
2019-03-11,0.031520237986526006,1
2019-03-12,0.03071038759383262,1
2019-03-13,0.03172606202804046,1
2019-03-14,0.03255955152766615,1
2019-03-15,0.03190979992170813,1
2019-03-18,0.030373500483020753,1
2019-03-19,0.030393577502765272,1
2019-03-20,0.030375661342354567,1
2019-03-21,0.030238201753306847,1
2019-03-22,0.030241022588612308,1
2019-03-25,0.03146879004609415,1
2019-03-26,0.03281443074229148,1
2019-03-27,0.0319492317239262,1
2019-03-28,0.03249241999686008,1
2019-03-29,0.030271102695635575,1
2019-04-01,0.027920219709321105,1
2019-04-02,0.027462679786493784,1
2019-04-03,0.02614684889083152,1
2019-04-04,0.02531090276217731,1
2019-04-08,0.025609097344668666,1
2019-04-09,0.025144288384039537,1
2019-04-10,0.02511028109352379,1
2019-04-11,0.026321511830305983,1
2019-04-12,0.02584353699188873,1
2019-04-15,0.025685687658989154,1
2019-04-16,0.024038760943095185,1
2019-04-17,0.023647504643109732,1
2019-04-18,0.024301093270538435,1
2019-04-19,0.023673169375027475,1
2019-04-22,0.024310746229031947,1
2019-04-23,0.024536929753379164,1
2019-04-24,0.023858116910280107,1
2019-04-25,0.025182836351331388,1
2019-04-26,0.024773992214464143,1
2019-04-29,0.024908002568711923,1
2019-04-30,0.02371997480915028,1
2019-05-06,0.027792163933693118,1
2019-05-07,0.02723469201483536,1
2019-05-08,0.0279814698446123,1
2019-05-09,0.02918339578980833,1
2019-05-10,0.027298770526151553,1
2019-05-13,0.028339082838741807,1
2019-05-14,0.028622429245948357,1
2019-05-15,0.027485913234449738,1
2019-05-16,0.02728825197399648,1
2019-05-17,0.028919194340158196,1
2019-05-20,0.02914056733207647,1
2019-05-21,0.028032086484096393,1
2019-05-22,0.028052861720999682,1
2019-05-23,0.029276958214117944,1
2019-05-24,0.029346866927032,1
2019-05-27,0.027956699998617475,1
2019-05-28,0.028003953356673605,1
2019-05-29,0.02822120132651449,1
2019-05-30,0.02862287868258162,1
2019-05-31,0.028792870430399617,1
2019-06-03,0.029439288268553243,1
2019-06-04,0.03036172486142931,1
2019-06-05,0.030337245924076134,1
2019-06-06,0.031179568510714434,1
2019-06-10,0.03039831187004495,1
2019-06-11,0.0282914094833712,1
2019-06-12,0.028714520193668748,1
2019-06-13,0.02880769683976031,1
2019-06-14,0.029695401941834024,1
2019-06-17,0.03113538930024748,1
2019-06-18,0.030993308238061845,1
2019-06-19,0.03013961827605907,1
2019-06-20,0.028797036514714824,1
2019-06-21,0.028449344667181,1
2019-06-24,0.028220998642909632,1
2019-06-25,0.028902464158918277,1
2019-06-26,0.02889020272671282,1
2019-06-27,0.02827770608099074,1
2019-06-28,0.028983354526859954,1
2019-07-01,0.02745202912616531,1
2019-07-02,0.0279688972137175,1
2019-07-03,0.028689396382152232,1
2019-07-04,0.029003831858057674,1
2019-07-05,0.028578871409315455,1
2019-07-08,0.030101045043149137,1
2019-07-09,0.030271748131351743,1
2019-07-10,0.030619356482559618,1
2019-07-11,0.030613822825235983,1
2019-07-12,0.03043756260332931,1
2019-07-15,0.029837144964327295,1
2019-07-16,0.029980636321007406,1
2019-07-17,0.030000959168615365,1
2019-07-18,0.030862974111298673,1
2019-07-19,0.030422527082691275,1
2019-07-22,0.03133474612623098,1
2019-07-23,0.030973110702080885,1
2019-07-24,0.030177117831475052,1
2019-07-25,0.029935194475690256,1
2019-07-26,0.029852670961245657,1
2019-07-29,0.02972064938807837,1
2019-07-30,0.029525810802892294,1
2019-07-31,0.030175470407083724,1
2019-08-01,0.030691016620369133,1
2019-08-02,0.03220409805846314,1
2019-08-05,0.033586990437225184,1
2019-08-06,0.03458545347807905,1
2019-08-07,0.034919723701288374,1
2019-08-08,0.03435063745128448,1
2019-08-09,0.03522848587553055,1
2019-08-12,0.03402701486813273,1
2019-08-13,0.03493602929461295,1
2019-08-14,0.034551224679915234,1
2019-08-15,0.03435063493040928,1
2019-08-16,0.0344233686966658,1
2019-08-19,0.03297438846576206,1
2019-08-20,0.03283033014862581,1
2019-08-21,0.03263276921416115,1
2019-08-22,0.032516801485146865,1
2019-08-23,0.032523759652516276,1
2019-08-26,0.0333690120611825,1
2019-08-27,0.032425995154249855,1
2019-08-28,0.032660721971594066,1
2019-08-29,0.03301152215350102,1
2019-08-30,0.03303152198104509,1
2019-09-02,0.031895507639081694,1
2019-09-03,0.03178912007867009,1
2019-09-04,0.0313806630473769,1
2019-09-05,0.03109502620514845,1
2019-09-06,0.030818359547435524,1
2019-09-09,0.030055918888381092,1
2019-09-10,0.029976327159463217,1
2019-09-11,0.030174061574541142,1
2019-09-12,0.029403350472059532,1
2019-09-16,0.029353188740953298,1
2019-09-17,0.030293623545056027,1
2019-09-18,0.029908941580092843,1
2019-09-19,0.029768796772510337,1
2019-09-20,0.029701359663948622,1
2019-09-23,0.03027143850986124,1
2019-09-24,0.029920552973843217,1
2019-09-25,0.030674678621362108,1
2019-09-26,0.03128330800884999,1
2019-09-27,0.030939652555174287,1
2019-09-30,0.031618067727806676,1
2019-10-08,0.031749353585974104,1
2019-10-09,0.031415519076729244,1
2019-10-10,0.03063245166144695,1
2019-10-11,0.029931168447912854,1
2019-10-14,0.029098535366910996,1
2019-10-15,0.02948993558364789,1
2019-10-16,0.0297362258964217,1
2019-10-17,0.029857655537327887,1
2019-10-18,0.030394069338697302,1
2019-10-21,0.029976898240403317,1
2019-10-22,0.0296599941264716,1
2019-10-23,0.030146242698887125,1
2019-10-24,0.03009478130547122,1
2019-10-25,0.029961565173471184,1
2019-10-28,0.028778160369596337,1
2019-10-29,0.029221460896031802,1
2019-10-30,0.029698626172565912,1
2019-10-31,0.03038409243956864,1
2019-11-01,0.029817441567083207,1
2019-11-04,0.029210265836200483,1
2019-11-05,0.029369434128069735,1
2019-11-06,0.029583384699329987,1
2019-11-07,0.0292631507108339,1
2019-11-08,0.02951109110191756,1
2019-11-11,0.031042548481993566,1
2019-11-12,0.030850756419715963,1
2019-11-13,0.031179328174995392,1
2019-11-14,0.030833957750180135,1
2019-11-15,0.03151811149580864,1
2019-11-18,0.03146380419222198,1
2019-11-19,0.030997452588481446,1
2019-11-20,0.031477536472993686,1
2019-11-21,0.03164257765857362,1
2019-11-22,0.03222582471254558,1
2019-11-25,0.031836760452241625,1
2019-11-26,0.031937239533045704,1
2019-11-27,0.032013131919162906,1
2019-11-28,0.032308942738670174,1
2019-11-29,0.03263390967106834,1
2019-12-02,0.032116267140886896,1
2019-12-03,0.03218264826395725,1
2019-12-04,0.03221989621047382,1
2019-12-05,0.03165237946602423,1
2019-12-06,0.03133159492911279,1
2019-12-09,0.03116712046181093,1
2019-12-10,0.03119176061424038,1
2019-12-11,0.031236161912191508,1
2019-12-12,0.03142295995515865,1
2019-12-13,0.030189935517491676,1
2019-12-16,0.029410152933695165,1
2019-12-17,0.02833915718171283,1
2019-12-18,0.028385927893944903,1
2019-12-19,0.028265731453082837,1
2019-12-20,0.02889488955108578,1
2019-12-23,0.030019254650977545,1
2019-12-24,0.02959183867314881,1
2019-12-25,0.02958646587367489,1
2019-12-26,0.029415684992279586,1
2019-12-27,0.02942805245814209,1
2019-12-30,0.028738247599535895,1
2019-12-31,0.02845655840504103,1
2020-01-02,0.027487137150704423,1
2020-01-03,0.0274907380374377,1
2020-01-06,0.027500801964598816,1
2020-01-07,0.02695688240721894,1
2020-01-08,0.027710655311877143,1
2020-01-09,0.02717595589047152,1
2020-01-10,0.027597380947230736,1
2020-01-13,0.027006906386348607,1
2020-01-14,0.026996164458697243,1
2020-01-15,0.027346952813736176,1
2020-01-16,0.02755261327523107,1
2020-01-17,0.02767858640084956,1
2020-01-20,0.027199701685396302,1
2020-01-21,0.028424034735447478,1
2020-01-22,0.0282105361491258,1
2020-01-23,0.030340301530887286,1
2020-02-03,0.03726084547540665,1
2020-02-04,0.03585081605805237,1
2020-02-05,0.03491225901402834,1
2020-02-06,0.03366142226904277,1
2020-02-07,0.033853355360371595,1
2020-02-10,0.03354589858150245,1
2020-02-11,0.03288597017740188,1
2020-02-12,0.03222532743131874,1
2020-02-13,0.032807904212354355,1
2020-02-14,0.032121242763055696,1
2020-02-17,0.030302329902554475,1
2020-02-18,0.030352126248562577,1
2020-02-19,0.030455515533284887,1
2020-02-20,0.029250297293015884,1
2020-02-21,0.0291576612368238,1
2020-02-24,0.029318846576036034,1
2020-02-25,0.029312366783281172,1
2020-02-26,0.030452626323371576,1
2020-02-27,0.030700809861036907,1
2020-02-28,0.03354590635269758,1
2020-03-02,0.031520092313554446,1
2020-03-03,0.030964929152151783,1
2020-03-04,0.031418299150881845,1
2020-03-05,0.03024571915797996,1
2020-03-06,0.031477850156615694,1
2020-03-09,0.03451333464074982,1
2020-03-10,0.03240682417325265,1
2020-03-11,0.033151695813410625,1
2020-03-12,0.03392023325665763,1
2020-03-13,0.03424575663848282,1
2020-03-16,0.0367095840247567,1
2020-03-17,0.03657331000422621,1
2020-03-18,0.03771451704201809,1
2020-03-19,0.037940287892739705,1
2020-03-20,0.03756900802169113,1
2020-03-23,0.040403236928209844,1
2020-03-24,0.03895574585904772,1
2020-03-25,0.03744568813633041,1
2020-03-26,0.03842990262385058,1
2020-03-27,0.03854541402243861,1
2020-03-30,0.03956531472764396,1
2020-03-31,0.03998048525833666,1
2020-04-01,0.04052180886896188,1
2020-04-02,0.03905201919644716,1
2020-04-03,0.03941893054326781,1
2020-04-07,0.0386641125792266,1
2020-04-08,0.039133556578402326,1
2020-04-09,0.03837000439786721,1
2020-04-10,0.03905551700782384,1
2020-04-13,0.03918872117290806,1
2020-04-14,0.038059018874171915,1
2020-04-15,0.038586556760868466,1
2020-04-16,0.038622761215547315,1
2020-04-17,0.03788381599913922,1
2020-04-20,0.03718700458406127,1
2020-04-21,0.03798661559753745,1
2020-04-22,0.03768446311892954,1
2020-04-23,0.038203088348985476,1
2020-04-24,0.03865056177951309,1
2020-04-27,0.03830754461085089,1
2020-04-28,0.03837541240649833,1
2020-04-29,0.03762578379124036,1
2020-04-30,0.03371681603256906,1
2020-05-06,0.032773241804643576,1
2020-05-07,0.03241162769192142,1
2020-05-08,0.03195419116943832,1
2020-05-11,0.03150278688069151,1
2020-05-12,0.0315774505561814,1
2020-05-13,0.03087705186873597,1
2020-05-14,0.03153954749481859,1
2020-05-15,0.031697859102871026,1
2020-05-18,0.03125992240893397,1
2020-05-19,0.030650240004452982,1
2020-05-20,0.03129350827998069,1
2020-05-21,0.03174912725964088,1
2020-05-22,0.03358869450456144,1
2020-05-25,0.03288925938687376,1
2020-05-26,0.03150552717943528,1
2020-05-27,0.031695801877898194,1
2020-05-28,0.031930996934788874,1
2020-05-29,0.03159842904104228,1
2020-06-01,0.029955256739319862,1
2020-06-02,0.02917596544269763,1
2020-06-03,0.029081182594044377,1
2020-06-04,0.028688501650458706,1
2020-06-05,0.028320856496456118,1
2020-06-08,0.028600663861619396,1
2020-06-09,0.028315104518065,1
2020-06-10,0.028219869803729505,1
2020-06-11,0.029074443522412473,1
2020-06-12,0.02916189971251946,1
2020-06-15,0.03152053857166226,1
2020-06-16,0.030094789845632672,1
2020-06-17,0.029584033452649306,1
2020-06-18,0.029755202090312734,1
2020-06-19,0.028906224607344114,1
2020-06-22,0.02845597209320979,1
2020-06-23,0.028118333715745895,1
2020-06-24,0.02843397185917107,1
2020-06-29,0.028833943696962606,1
2020-06-30,0.028218364909831872,1
2020-07-01,0.027324484440131202,1
2020-07-02,0.026189127034892873,1
2020-07-03,0.024811640218123834,1
2020-07-06,0.02114808645985236,1
2020-07-07,0.02053853225473608,1
2020-07-08,0.01919657959590273,1
2020-07-09,0.018157571813161324,1
2020-07-10,0.019450304606074637,1
2020-07-13,0.01820435606086041,1
2020-07-14,0.019162139362998383,1
2020-07-15,0.02055897133955095,1
2020-07-16,0.02307249552736735,1
2020-07-17,0.022921962228288698,1
2020-07-20,0.0215863333992767,1
2020-07-21,0.021699597022922745,1
2020-07-22,0.021576563058743704,1
2020-07-23,0.02147586558063571,1
2020-07-24,0.02416259858171866,1
2020-07-27,0.02386493004249399,1
2020-07-28,0.022956082643426117,1
2020-07-29,0.021551736912862978,1
2020-07-30,0.02178718017440256,1
2020-07-31,0.021059303298073716,1
2020-08-03,0.020268184535161583,1
2020-08-04,0.020376561870667425,1
2020-08-05,0.020005615340305948,1
2020-08-06,0.019819259884003942,1
2020-08-07,0.02025523219057962,1
2020-08-10,0.020343217046791935,1
2020-08-11,0.02102423837933108,1
2020-08-12,0.02139665284306697,1
2020-08-13,0.021471793593733933,1
2020-08-14,0.021009625090947275,1
2020-08-17,0.019999648776831653,1
2020-08-18,0.019538140675246632,1
2020-08-19,0.020190130878671626,1
2020-08-20,0.020814471477159265,1
2020-08-21,0.020632236279613626,1
2020-08-24,0.020102714133925944,1
2020-08-25,0.019879087875371675,1
2020-08-26,0.020585945495827398,1
2020-08-27,0.020200325971785,1
2020-08-28,0.017639636732679115,1
2020-08-31,0.016978973756150113,1
2020-09-01,0.01643769828333527,1
2020-09-02,0.01586767803272361,1
2020-09-03,0.016162925763645575,1
2020-09-04,0.01633341317417729,1
2020-09-07,0.017027831022698316,1
2020-09-08,0.016922237505452957,1
2020-09-09,0.0184660111972699,1
2020-09-10,0.018987666723757166,1
2020-09-11,0.017959358936056068,1
2020-09-14,0.017426263115454442,1
2020-09-15,0.017590597450771343,1
2020-09-16,0.017784978281485828,1
2020-09-17,0.01782068300850543,1
2020-09-18,0.017069877513869878,1
2020-09-21,0.017549092773805147,1
2020-09-22,0.018253105268019924,1
2020-09-23,0.018057148068720524,1
2020-09-24,0.019082569894403597,1
2020-09-25,0.018677400193400785,1
2020-09-28,0.01898414573713184,1
2020-09-29,0.018552813357472102,1
2020-09-30,0.018399835219838734,1
2020-10-09,0.016959242812256567,1
2020-10-12,0.015608703749197789,1
2020-10-13,0.015409185176504948,1
2020-10-14,0.015496115536104069,1
2020-10-15,0.015520299417460713,1
2020-10-16,0.015633012999064326,1
2020-10-19,0.01612466080566198,1
2020-10-20,0.016020674797655995,1
2020-10-21,0.016320452253031775,1
2020-10-22,0.01669358788380136,1
2020-10-23,0.017157445477935705,1
2020-10-26,0.017382587133272343,1
2020-10-27,0.017701392533180517,1
2020-10-28,0.017532607332303066,1
2020-10-29,0.01799645121170032,1
2020-10-30,0.01973206128954645,1
2020-11-02,0.019535324216538266,1
2020-11-03,0.01886999488920644,1
2020-11-04,0.018809181437352836,1
2020-11-05,0.017868249642844614,1
2020-11-06,0.017923362645563497,1
2020-11-09,0.01668346818952602,1
2020-11-10,0.017092745181304853,1
2020-11-11,0.01742744271356199,1
2020-11-12,0.01718907952003322,1
2020-11-13,0.017438130924675554,1
2020-11-16,0.01692142174915065,1
2020-11-17,0.016998823643636703,1
2020-11-18,0.016583529368711318,1
2020-11-19,0.016055967094639807,1
2020-11-20,0.016211611724850722,1
2020-11-23,0.016186808771213534,1
2020-11-24,0.016101837254795276,1
2020-11-25,0.01697548676381451,1
2020-11-26,0.016787755178665306,1
2020-11-27,0.016153492052505325,1
2020-11-30,0.016827244092224573,1
2020-12-01,0.015740173692176875,1
2020-12-02,0.015551011490106126,1
2020-12-03,0.01569835627935153,1
2020-12-04,0.015822136200036224,1
2020-12-07,0.016119658871895176,1
2020-12-08,0.016370650535435675,1
2020-12-09,0.016872948236447027,1
2020-12-10,0.01700351284238317,1
2020-12-11,0.017174744264105944,1
2020-12-14,0.015753263374579628,1
2020-12-15,0.01578976305945251,1
2020-12-16,0.015890155162830634,1
2020-12-17,0.015331384045511563,1
2020-12-18,0.015378878428926268,1
2020-12-21,0.015089292677241878,1
2020-12-22,0.016386521863515094,1
2020-12-23,0.01610528953836854,1
2020-12-24,0.016297786491655954,1
2020-12-25,0.01629364030992861,1
2020-12-28,0.016556187223525684,1
2020-12-29,0.01689238100132149,1
2020-12-30,0.016721751592951462,1
2020-12-31,0.015692020438041458,1
2021-01-04,0.01471637884643915,-1
2021-01-05,0.014704527791963934,-1
2021-01-06,0.014574859391181874,-1
2021-01-07,0.014341429913265438,-1
2021-01-08,0.014234944795391766,-1
2021-01-11,0.014629433401659515,-1
2021-01-12,0.0138681165762225,-1
2021-01-13,0.014384505033242814,-1
2021-01-14,0.015013315478639582,-1
2021-01-15,0.014486515293874534,-1
2021-01-18,0.013849172513790128,-1
2021-01-19,0.014282151681382617,-1
2021-01-20,0.013978211104878756,-1
2021-01-21,0.013709130121659703,-1
2021-01-22,0.013938128219993195,-1
2021-01-25,0.013630947490417787,-1
2021-01-26,0.014110034140510125,-1
2021-01-27,0.013958415401222321,-1
2021-01-28,0.014661203347958889,-1
2021-01-29,0.015120893954096375,-1
2021-02-01,0.014814166273573445,-1
2021-02-02,0.014166646789986012,-1
2021-02-03,0.014211836803802315,-1
2021-02-04,0.01454424263555626,-1
2021-02-05,0.014847870374098356,-1
2021-02-08,0.014114999439897594,-1
2021-02-09,0.013291512670854821,-1
2021-02-10,0.012426357431492716,-1
2021-02-18,0.011945972932286726,-1
2021-02-19,0.011894506952111278,-1
2021-02-22,0.012434191991917053,-1
2021-02-23,0.012695954008263476,-1
2021-02-24,0.013612685156795139,-1
2021-02-25,0.013376212537354264,-1
2021-02-26,0.014250149710151948,-1
2021-03-01,0.013836459289842014,-1
2021-03-02,0.014330549543378243,-1
2021-03-03,0.013408180266085215,-1
2021-03-04,0.014374511860520842,-1
2021-03-05,0.01458608302452137,-1
2021-03-08,0.015884806349744318,-1
2021-03-09,0.016878106722032396,-1
2021-03-10,0.017009881239268637,-1
2021-03-11,0.015756207515524256,-1
2021-03-12,0.015498092939818693,-1
2021-03-15,0.016274764319456063,-1
2021-03-16,0.016023868264957344,-1
2021-03-17,0.015955940199309557,-1
2021-03-18,0.01567054283534157,-1
2021-03-19,0.01693745194269805,-1
2021-03-22,0.016410921052758848,-1
2021-03-23,0.017128361189995785,-1
2021-03-24,0.017967640031137766,-1
2021-03-25,0.018166700488594825,-1
2021-03-26,0.018214678105005683,-1
2021-03-29,0.017960260780939492,-1
2021-03-30,0.017798763037733735,-1
2021-03-31,0.018742399557805767,-1
2021-04-01,0.01826392328663759,-1
2021-04-02,0.017964715086775954,-1
2021-04-06,0.017872917333183296,-1
2021-04-07,0.017861889784227404,-1
2021-04-08,0.017854656053814068,-1
2021-04-09,0.018549881174644837,-1
2021-04-12,0.019434365654216496,-1
2021-04-13,0.01988400710147864,-1
2021-04-14,0.019428904576690394,-1
2021-04-15,0.019686166918268744,-1
2021-04-16,0.019617388449582863,-1
2021-04-19,0.018796612671107098,-1
2021-04-20,0.01895915322301457,-1
2021-04-21,0.01905733972977835,-1
2021-04-22,0.01911306048276143,-1
2021-04-23,0.019310740331170695,-1
2021-04-26,0.019567531869761068,-1
2021-04-27,0.020017194269486116,-1
2021-04-28,0.020756788974221882,-1
2021-04-29,0.021894418912782612,-1
2021-04-30,0.023861188934259196,-1
2021-05-06,0.02423872416526459,-1
2021-05-07,0.0246596871275181,-1
2021-05-10,0.024632116349189007,-1
2021-05-11,0.024528587536123032,-1
2021-05-12,0.024216174805593425,-1
2021-05-13,0.02467050124894911,-1
2021-05-14,0.023628491366565488,-1
2021-05-17,0.02306628486157236,-1
2021-05-18,0.022998627838812388,-1
2021-05-19,0.023308494230770645,-1
2021-05-20,0.02360047420857168,-1
2021-05-21,0.024011502744526077,-1
2021-05-24,0.023799163505064554,-1
2021-05-25,0.02264240568289774,-1
2021-05-26,0.02279520832724673,-1
2021-05-27,0.022411451670832073,-1
2021-05-28,0.022405942210694186,-1
2021-05-31,0.02250160170652432,-1
2021-06-01,0.022417062351710416,-1
2021-06-02,0.022623500572070566,-1
2021-06-03,0.022950642969389694,-1
2021-06-04,0.0223675644078706,-1
2021-06-07,0.02210360486962316,-1
2021-06-08,0.022420168502299085,-1
2021-06-09,0.02237127775033493,-1
2021-06-10,0.02203934113092021,-1
2021-06-11,0.02207721752263056,-1
2021-06-15,0.021883027527702114,-1
2021-06-16,0.022590700296439427,-1
2021-06-17,0.02218828559317393,-1
2021-06-18,0.022215783401663747,-1
2021-06-21,0.022301018785903747,-1
2021-06-22,0.022016120115171695,-1
2021-06-23,0.021790767087739076,-1
2021-06-24,0.021910171952672537,-1
2021-06-25,0.021310455950073637,-1
2021-06-28,0.02109315803716018,-1
2021-06-29,0.0216238261679682,-1
2021-06-30,0.021324078467159856,-1
2021-07-01,0.021460937924108723,-1
2021-07-02,0.022539232297038483,-1
2021-07-05,0.022292916255498518,-1
2021-07-06,0.022285583153926355,-1
2021-07-07,0.022054483075703953,-1
2021-07-08,0.023165261298872575,-1
2021-07-09,0.022907170647053075,-1
2021-07-12,0.022968911437442487,-1
2021-07-13,0.02294749285896806,-1
2021-07-14,0.023394742625086548,-1
2021-07-15,0.02285746856328246,-1
2021-07-16,0.02341249121029254,-1
2021-07-19,0.02336994547025942,-1
2021-07-20,0.02360002081678679,-1
2021-07-21,0.023146330229821523,-1
2021-07-22,0.02281456953285864,-1
2021-07-23,0.02348135849080682,-1
2021-07-26,0.02517357709771667,-1
2021-07-27,0.026365474089032875,-1
2021-07-28,0.026470561823166195,-1
2021-07-29,0.0258473169256618,-1
2021-07-30,0.02659009307287115,-1
2021-08-02,0.025637787430979705,-1
2021-08-03,0.025801827175633844,-1
2021-08-04,0.02517851445408648,-1
2021-08-05,0.025825179629919752,-1
2021-08-06,0.025817671391078746,-1
2021-08-09,0.024828912236664894,-1
2021-08-10,0.02429435216894335,-1
2021-08-11,0.024143590173732236,-1
2021-08-12,0.024577647217313304,-1
2021-08-13,0.024670162432007467,-1
2021-08-16,0.024660659820321115,-1
2021-08-17,0.026011395309472954,-1
2021-08-18,0.025927171066769554,-1
2021-08-19,0.026153401507969177,-1
2021-08-20,0.0268336945008865,-1
2021-08-23,0.025767944390250087,-1
2021-08-24,0.025586407089639315,-1
2021-08-25,0.025386652771679837,-1
2021-08-26,0.02597373607036413,-1
2021-08-27,0.027187254026897208,-1
2021-08-30,0.0276961596011113,-1
2021-08-31,0.0282565719111267,-1
2021-09-01,0.0283180540914173,-1
2021-09-02,0.02788908985578096,-1
2021-09-03,0.02809264027527936,-1
2021-09-06,0.027227731092481288,-1
2021-09-07,0.026241940134476158,-1
2021-09-08,0.02609872694345358,-1
2021-09-09,0.02587842926408844,-1
2021-09-10,0.025789564396963498,-1
2021-09-13,0.025458470743080917,-1
2021-09-14,0.026112581017608327,-1
2021-09-15,0.026057401203147125,-1
2021-09-16,0.027045035011760067,-1
2021-09-17,0.027012044326444842,-1
2021-09-22,0.02711846905602788,-1
2021-09-23,0.026961626429970555,-1
2021-09-24,0.027238742096444148,-1
2021-09-27,0.02765983227993207,-1
2021-09-28,0.02753517416614337,-1
2021-09-29,0.02877745096238625,-1
2021-09-30,0.027935392751179382,-1
2021-10-08,0.027133437043111563,-1
2021-10-11,0.026761999534044904,-1
2021-10-12,0.027490748859536087,-1
2021-10-13,0.027189995813446596,-1
2021-10-14,0.0271857911969037,-1
2021-10-15,0.027013697675216997,-1
2021-10-18,0.026303496113417688,-1
2021-10-19,0.0260889191713199,-1
2021-10-20,0.026317518487388704,-1
2021-10-21,0.02658067898978174,-1
2021-10-22,0.026642739371207477,-1
2021-10-25,0.02631071520995226,-1
2021-10-26,0.026643105406784308,-1
2021-10-27,0.02716924866824918,-1
2021-10-28,0.027901377814477282,-1
2021-10-29,0.026908839093521746,-1
2021-11-01,0.027111947540836383,-1
2021-11-02,0.02785884794625941,-1
2021-11-03,0.027788112696711446,-1
2021-11-04,0.027366634268987996,-1
2021-11-05,0.028224647048635837,-1
2021-11-08,0.027943555926188763,-1
2021-11-09,0.027715406294904717,-1
2021-11-10,0.027782929829719923,-1
2021-11-11,0.026884388164858174,-1
2021-11-12,0.026761621198237,-1
2021-11-15,0.027010749648020676,-1
2021-11-16,0.027231916170567957,-1
2021-11-17,0.026805414248151624,-1
2021-11-18,0.027275715559416783,-1
2021-11-19,0.026495979238016082,-1
2021-11-22,0.026423920245570227,-1
2021-11-23,0.026413656294082394,-1
2021-11-24,0.02665669258105903,-1
2021-11-25,0.02687444880636458,-1
2021-11-26,0.02747236303947048,-1
2021-11-29,0.027368008615744555,-1
2021-11-30,0.027325649734476435,-1
2021-12-01,0.026985220831766906,-1
2021-12-02,0.026900587569353387,-1
2021-12-03,0.026341378156235058,-1
2021-12-06,0.027249084076263766,-1
2021-12-07,0.027051199102305096,-1
2021-12-08,0.026211032859426622,-1
2021-12-09,0.0257242774836593,-1
2021-12-10,0.02590314695853771,-1
2021-12-13,0.02401998934452205,-1
2021-12-14,0.024324829498064356,-1
2021-12-15,0.024512726307679582,-1
2021-12-16,0.024073051633642484,-1
2021-12-17,0.024782594757262664,-1
2021-12-20,0.02548802060875952,-1
2021-12-21,0.024992816455094602,-1
2021-12-22,0.02508692856541279,-1
2021-12-23,0.025013790983638765,-1
2021-12-24,0.025439244370755655,-1
2021-12-27,0.025510209828437283,-1
2021-12-28,0.025337842879293266,-1
2021-12-29,0.02595458333977318,-1
2021-12-30,0.025777370294425308,-1
2021-12-31,0.025403325713969322,-1
2022-01-04,0.025359019951306974,-1
2022-01-05,0.0258199299176863,-1
2022-01-06,0.02577398982040783,-1
2022-01-07,0.026064591837487106,-1
2022-01-10,0.025943860348801164,-1
2022-01-11,0.02649635687013614,-1
2022-01-12,0.025932944811162022,-1
2022-01-13,0.026731879898896034,-1
2022-01-14,0.026993102623571606,-1
2022-01-17,0.026553611936779787,-1
2022-01-18,0.02678365307220062,-1
2022-01-19,0.027192051229103918,-1
2022-01-20,0.027400040356455702,-1
2022-01-21,0.028155730868709802,-1
2022-01-24,0.02843323938741159,-1
2022-01-25,0.029819517784062357,-1
2022-01-26,0.029273180564774844,-1
2022-01-27,0.030299654661549602,-1
2022-01-28,0.030974623161953044,-1
2022-02-07,0.029772043430292727,-1
2022-02-08,0.029586821777007985,-1
2022-02-09,0.02887631446349913,-1
2022-02-10,0.02894279104089845,-1
2022-02-11,0.028943725341077503,-1
2022-02-14,0.029301738157589484,-1
2022-02-15,0.02891104281412222,-1
2022-02-16,0.028657554501563466,-1
2022-02-17,0.028685826696494134,-1
2022-02-18,0.02819853825089564,-1
2022-02-21,0.0277530491931924,-1
2022-02-22,0.028457845009981098,-1
2022-02-23,0.028101610624242067,-1
2022-02-24,0.02924219738880302,-1
2022-02-25,0.02891974675051819,-1
2022-02-28,0.028736071192341842,-1
2022-03-01,0.028114662482802553,-1
2022-03-02,0.028143105900811878,-1
2022-03-03,0.028211542386745427,-1
2022-03-04,0.02901299398126313,-1
2022-03-07,0.03040848334401598,-1
2022-03-08,0.03178905054584523,1
2022-03-09,0.03231167148353775,1
2022-03-10,0.03131466243210556,1
2022-03-11,0.031618455369005274,1
2022-03-14,0.033511922173962864,1
2022-03-15,0.03606298966517335,1
2022-03-16,0.03408131438108065,1
2022-03-17,0.03311798039916485,1
2022-03-18,0.0323641301798866,1
2022-03-21,0.031985974316156435,1
2022-03-22,0.031890566095174024,1
2022-03-23,0.031553880113211606,1
2022-03-24,0.03218320435386996,1
2022-03-25,0.032996089528132586,1
2022-03-28,0.03326130435759831,1
2022-03-29,0.033628576324782805,1
2022-03-30,0.03254081433141738,1
2022-03-31,0.032856482270087174,1
2022-04-01,0.03261008632855436,1
2022-04-06,0.03270545556021355,1
2022-04-07,0.03389990710962694,1
2022-04-08,0.03361522214429157,1
2022-04-11,0.03524344054021486,1
2022-04-12,0.034255112419238336,1
2022-04-13,0.034992652123267826,1
2022-04-14,0.0342365296950795,1
2022-04-15,0.03489419983202962,1
2022-04-18,0.03451506680736129,1
2022-04-19,0.03441023794853275,1
2022-04-20,0.035165449754792126,1
2022-04-21,0.03684517022705098,1
2022-04-22,0.03669892071477225,1
2022-04-25,0.04069068313379287,1
2022-04-26,0.04159219943085978,1
2022-04-27,0.03954291389751064,1
2022-04-28,0.03914477428389107,1
2022-04-29,0.03522546795253958,1
2022-05-05,0.03494586971243174,1
2022-05-06,0.03624013183539574,1
2022-05-09,0.03627648607646662,1
2022-05-10,0.03560534885806972,1
2022-05-11,0.03486100831435933,1
2022-05-12,0.035051453610823013,1
2022-05-13,0.034478980250119626,1
2022-05-16,0.03460197145827021,1
2022-05-17,0.03422192043361186,1
2022-05-18,0.034682671376472955,1
2022-05-19,0.03446973007563028,1
2022-05-20,0.03338783157034044,1
2022-05-23,0.03350206265265035,1
2022-05-24,0.035267377959421496,1
2022-05-25,0.03462288524018091,1
2022-05-26,0.03479482187047515,1
2022-05-27,0.0348313849997328,1
2022-05-30,0.03414856809665828,1
2022-05-31,0.03318585473202842,1
2022-06-01,0.033055179247247865,1
2022-06-02,0.03273889685951787,1
2022-06-06,0.031608776964929114,1
2022-06-07,0.03174940351586629,1
2022-06-08,0.03128868572699343,1
2022-06-09,0.03203180323415512,1
2022-06-10,0.03114257005030256,1
2022-06-13,0.03233470860100718,1
2022-06-14,0.031851908813747845,1
2022-06-15,0.03141508074095245,1
2022-06-16,0.031685286241000116,1
2022-06-17,0.031099180985334082,1
2022-06-20,0.030741318124557552,1
2022-06-21,0.03091229373160091,1
2022-06-22,0.031741849598627955,1
2022-06-23,0.030690259779268023,1
2022-06-24,0.02995525809544967,1
2022-06-27,0.029072031434771377,1
2022-06-28,0.028437028371970183,1
2022-06-29,0.02951434629689352,1
2022-06-30,0.028929744988521543,1
2022-07-01,0.029037066538435446,1
2022-07-04,0.028427645325325556,1
2022-07-05,0.028687265331876082,1
2022-07-06,0.02939665221691843,1
2022-07-07,0.029105428259226684,1
2022-07-08,0.029303417995821028,1
2022-07-11,0.030179545122251024,1
2022-07-12,0.031004230158185753,1
2022-07-13,0.030817293222351078,1
2022-07-14,0.03089567082460038,1
2022-07-15,0.03190769296867933,1
2022-07-18,0.03102117804401565,1
2022-07-19,0.03095826142920614,1
2022-07-20,0.03068460213238132,1
2022-07-21,0.03128960663695929,1
2022-07-22,0.0311446810184611,1
2022-07-25,0.0316333693506199,1
2022-07-26,0.031232754199743428,1
2022-07-27,0.03121978235681807,1
2022-07-28,0.030927211655136906,1
2022-07-29,0.03176841558949497,1
2022-08-01,0.0317354921400541,1
2022-08-02,0.033173844994767936,1
2022-08-03,0.033801855141438936,1
2022-08-04,0.03328313904044841,1
2022-08-05,0.0323747319985737,1
2022-08-08,0.03206033211115292,1
2022-08-09,0.0319550418708806,1
2022-08-10,0.032311349860564796,1
2022-08-11,0.031397799791295894,1
2022-08-12,0.031602134100266174,1
2022-08-15,0.0323673770037959,1
2022-08-16,0.03249672965599808,1
2022-08-17,0.03238618907344675,1
2022-08-18,0.03302377190411383,1
2022-08-19,0.03344977659333252,1
2022-08-22,0.03296559596237227,1
2022-08-23,0.032881573416361366,1
2022-08-24,0.034295626613283926,1
2022-08-25,0.03367620975766529,1
2022-08-26,0.033866083738308725,1
2022-08-29,0.03396345269367582,1
2022-08-30,0.03414100877175522,1
2022-08-31,0.03447363481626069,1
2022-09-01,0.03493884828282408,1
2022-09-02,0.03474907399340473,1
2022-09-05,0.03463944600095767,1
2022-09-06,0.033962695793426756,1
2022-09-07,0.033736895390503674,1
2022-09-08,0.033994589903433875,1
2022-09-09,0.033428300051220806,1
2022-09-13,0.03325749104480586,1
2022-09-14,0.03361411386143093,1
2022-09-15,0.0345140259098186,1
2022-09-16,0.035835050955946204,1
2022-09-19,0.03606827929484771,1
2022-09-20,0.03587083844172331,1
2022-09-21,0.03619932554048906,1
2022-09-22,0.03640312424373737,1
2022-09-23,0.03656420437020059,1
2022-09-26,0.03689355324851781,1
2022-09-27,0.0359737206626524,1
2022-09-28,0.03682190415700293,1
2022-09-29,0.036806597954595247,1
2022-09-30,0.0371703922533687,1
2022-10-10,0.03845105294387964,1
2022-10-11,0.038216223407607004,1
2022-10-12,0.03710795866586379,1
2022-10-13,0.03731822446662067,1
2022-10-14,0.036376494757332636,1
2022-10-17,0.03609483290299391,1
2022-10-18,0.03615422479318625,1
2022-10-19,0.03684339748883663,1
2022-10-20,0.037029831533764455,1
2022-10-21,0.037093806279733466,1
2022-10-24,0.03850787151081182,1
2022-10-25,0.03865524746336642,1
2022-10-26,0.0382908047999003,1
2022-10-27,0.038551789695811495,1
2022-10-28,0.04007904529710919,1
2022-10-31,0.04045513251535962,1
2022-11-01,0.03848638834577009,1
2022-11-02,0.03752396001611728,1
2022-11-03,0.03775428939243256,1
2022-11-04,0.03592059803632163,1
2022-11-07,0.035787634615098485,1
2022-11-08,0.03619472661268491,1
2022-11-09,0.03640828531641775,1
2022-11-10,0.036706017407707875,1
2022-11-11,0.03538520431344175,1
2022-11-14,0.03448415149447101,1
2022-11-15,0.033626385260959984,1
2022-11-16,0.03381071281879434,1
2022-11-17,0.03416162607394603,1
2022-11-18,0.034222374754928606,1
2022-11-21,0.03446907551127404,1
2022-11-22,0.034507690302059024,1
2022-11-23,0.03480518163337397,1
2022-11-24,0.034906105964859976,1
2022-11-25,0.03442775353493332,1
2022-11-28,0.03455275149698829,1
2022-11-29,0.03296801665167889,1
2022-11-30,0.03280850005177227,1
2022-12-01,0.032626916456028006,1
2022-12-02,0.03271983956987155,1
2022-12-05,0.03150845988458152,1
2022-12-06,0.031197335884496098,1
2022-12-07,0.03182466960767772,1
2022-12-08,0.03176841160078915,1
2022-12-09,0.03145096545753538,1
2022-12-12,0.03222751912471117,1
2022-12-13,0.03228901862186273,1
2022-12-14,0.032623323628607606,1
2022-12-15,0.032490478924728214,1
2022-12-16,0.032606921943166584,1
2022-12-19,0.0340141197642745,1
2022-12-20,0.034616598785153406,1
2022-12-21,0.03489386841208019,1
2022-12-22,0.03530629091594309,1
2022-12-23,0.03572771852853247,1
2022-12-26,0.03505482770244034,1
2022-12-27,0.034165792538840986,1
2022-12-28,0.034636691776384135,1
2022-12-29,0.035058955076230705,1
2022-12-30,0.03480440471515929,1
2023-01-03,0.03421323425192499,1
2023-01-04,0.03418994071783844,1
2023-01-05,0.03325530786883028,1
2023-01-06,0.03317369268525707,1
2023-01-09,0.032716155970861624,1
2023-01-10,0.03256614248950458,1
2023-01-11,0.03274209925630005,1
2023-01-12,0.032488024609674954,1
2023-01-13,0.031679501792882286,1
2023-01-16,0.030905124635289362,1
2023-01-17,0.031126263876800835,1
2023-01-18,0.030839125649040042,1
2023-01-19,0.030590767886695708,1
2023-01-20,0.02992866443733824,1
2023-01-30,0.02986349923505021,1
2023-01-31,0.030236367478342723,1
2023-02-01,0.02945602433814386,1
2023-02-02,0.029602279381481165,1
2023-02-03,0.029962490754152058,1
2023-02-06,0.030339190151327834,1
2023-02-07,0.030216696892901445,1
2023-02-08,0.030508265654766498,1
2023-02-09,0.029804415369323996,1
2023-02-10,0.02991048538293567,1
2023-02-13,0.029466031574541685,1
2023-02-14,0.029416869019388062,1
2023-02-15,0.02957001172832025,1
2023-02-16,0.03025190528253671,1
2023-02-17,0.030790399475219252,1
2023-02-20,0.029359223166162313,1
2023-02-21,0.02911885260452098,1
2023-02-22,0.029388295416414488,1
2023-02-23,0.029442763005507966,1
2023-02-24,0.029913573722658737,1
2023-02-27,0.0301883580608882,1
2023-02-28,0.02983341200302457,1
2023-03-01,0.029221194569671847,1
2023-03-02,0.029165861257904636,1
2023-03-03,0.02899563660481543,1
2023-03-06,0.029256442206851915,1
2023-03-07,0.03017157523547705,1
2023-03-08,0.030034609406151512,1
2023-03-09,0.030199409965897032,1
2023-03-10,0.03122399424651196,1
2023-03-13,0.030455709960678895,1
2023-03-14,0.03098647489302538,1
2023-03-15,0.030671926381831183,1
2023-03-16,0.03138293873006445,1
2023-03-17,0.030863933136303794,1
2023-03-20,0.03134731101696243,1
2023-03-21,0.03063849821368475,1
2023-03-22,0.030486034638035925,1
2023-03-23,0.030032831058483925,1
2023-03-24,0.030276499795567464,1
2023-03-27,0.03058585375177473,1
2023-03-28,0.03067813507015535,1
2023-03-29,0.030850268564107667,1
2023-03-30,0.030936079561160474,1
2023-03-31,0.030427694831886468,1
2023-04-03,0.02980335802065491,1
2023-04-04,0.029575076976039803,1
2023-04-06,0.02958284199034949,1
2023-04-07,0.02936909777555972,1
2023-04-10,0.029673463946010708,1
2023-04-11,0.03003181720189879,1
2023-04-12,0.02982102917763683,1
2023-04-13,0.029954057144063243,1
2023-04-14,0.02956436527179257,1
2023-04-17,0.028725302099550314,1
2023-04-18,0.02860780945895706,1
2023-04-19,0.02899225332359064,1
2023-04-20,0.02896149253865701,1
2023-04-21,0.030105321473036795,1
2023-04-24,0.030655228689269877,1
2023-04-25,0.031189923968040878,1
2023-04-26,0.031412322977293794,1
2023-04-27,0.03155351729739912,1
2023-04-28,0.030178579394155594,1
2023-05-04,0.029962888260810866,1
2023-05-05,0.030552834311276443,1
2023-05-08,0.02946575367540128,1
2023-05-09,0.03025747968967463,1
2023-05-10,0.030890621553302997,1
2023-05-11,0.031216288329557716,1
2023-05-12,0.03185364834643616,1
2023-05-15,0.03102122298629685,1
2023-05-16,0.03149455326413673,1
2023-05-17,0.03151277194700225,1
2023-05-18,0.031310285756690724,1
2023-05-19,0.03150453055287313,1
2023-05-22,0.03128167876854199,1
2023-05-23,0.0323239382828106,1
2023-05-24,0.032924048523385575,1
2023-05-25,0.0329985961644966,1
2023-05-26,0.03261212267804503,1
2023-05-29,0.03282277094217044,1
2023-05-30,0.03261613483170413,1
2023-05-31,0.03313029995032372,1
2023-06-01,0.033014797779015025,1
2023-06-02,0.03263810258041623,1
2023-06-05,0.032644352194564574,1
2023-06-06,0.03348812503442368,1
2023-06-07,0.03352014243496028,1
2023-06-08,0.033301004440299715,1
2023-06-09,0.03304452209967934,1
2023-06-12,0.03272145021648121,1
2023-06-13,0.03305953739035615,1
2023-06-14,0.03316875741041461,1
2023-06-15,0.03236193364959994,1
2023-06-16,0.03182795237234867,1
2023-06-19,0.03181209754728044,1
2023-06-20,0.032173070687047556,1
2023-06-21,0.033131575386633735,1
2023-06-26,0.03408812052720033,1
2023-06-27,0.03331402385100165,1
2023-06-28,0.03344939634180004,1
2023-06-29,0.03360038350560425,1
2023-06-30,0.03333049275244633,1
2023-07-03,0.03263555105692133,1
2023-07-04,0.032441343687027356,1
2023-07-05,0.03295531342559796,1
2023-07-06,0.03325048760119911,1
2023-07-07,0.033493917010505275,1
2023-07-10,0.03335784772483609,1
2023-07-11,0.03303234971772044,1
2023-07-12,0.03355725039068643,1
2023-07-13,0.03273021707799948,1
2023-07-14,0.032718771387826404,1
2023-07-17,0.03325741261537578,1
2023-07-18,0.03359015795516002,1
2023-07-19,0.03361829464640691,1
2023-07-20,0.034204460480688585,1
2023-07-21,0.03440403510682986,1
2023-07-24,0.0346624346237074,1
2023-07-25,0.032691328316349834,1
2023-07-26,0.03323166102327711,1
2023-07-27,0.03340930030691604,1
2023-07-28,0.03228203517139985,1
2023-07-31,0.03190533257546077,1
2023-08-01,0.031974410958508094,1
2023-08-02,0.03248943499925757,1
2023-08-03,0.03232362370279739,1
2023-08-04,0.03200264608257735,1
2023-08-07,0.0323857602886105,1
2023-08-08,0.03254316121530469,1
2023-08-09,0.03285297380785668,1
2023-08-10,0.03267021683659113,1
2023-08-11,0.03392976379125979,1
2023-08-14,0.0342627915678404,1
2023-08-15,0.034822093044815546,1
2023-08-16,0.03546687557235301,1
2023-08-17,0.03510886332081746,1
2023-08-18,0.035708322459793634,1
2023-08-21,0.03660584699070707,1
2023-08-22,0.03581167489259836,1
2023-08-23,0.036708714965934405,1
2023-08-24,0.03653614845843338,1
2023-08-25,0.03656690592394016,1
2023-08-28,0.035638919229563526,1
2023-08-29,0.03483702894783269,1
2023-08-30,0.03431518998865586,1
2023-08-31,0.03427682968521688,1
2023-09-01,0.03380993246667476,1
2023-09-04,0.032681415060892186,1
2023-09-05,0.033053887223036225,1
2023-09-06,0.03278340009417449,1
2023-09-07,0.03356496978929348,1
2023-09-08,0.03362058491290715,1
2023-09-11,0.033190669148815674,1
2023-09-12,0.033333762484770116,1
2023-09-13,0.03377809662763631,1
2023-09-14,0.033869195311040365,1
2023-09-15,0.03370940995783894,1
2023-09-18,0.03344070350321361,1
2023-09-19,0.033457003884313566,1
2023-09-20,0.03372820566286575,1
2023-09-21,0.034248835891886056,1
2023-09-22,0.033105510765988735,1
2023-09-25,0.033201904553044795,1
2023-09-26,0.03353403167062187,1
2023-09-27,0.03349057028769776,1
2023-09-28,0.033475114091130354,1
2023-10-09,0.03365581356459206,1
2023-10-10,0.033922642185444135,1
2023-10-11,0.03363218251689663,1
2023-10-12,0.03313861297823269,1
2023-10-13,0.03367757189174787,1
2023-10-16,0.03398467623029626,1
2023-10-17,0.03368286669621058,1
2023-10-18,0.0341622050723972,1
2023-10-19,0.03510281361146511,1
2023-10-20,0.035836892886106926,1
2023-10-23,0.036769959074803266,1
2023-10-24,0.0361360429888016,1
2023-10-25,0.03615600607066883,1
2023-10-26,0.03559620133394657,1
2023-10-27,0.03469408127345989,1
2023-10-30,0.034477094754424294,1
2023-10-31,0.034892967866510916,1
2023-11-01,0.03494143546151096,1
2023-11-02,0.03559344780968938,1
2023-11-03,0.03506784533613336,1
2023-11-06,0.034431919462969314,1
2023-11-07,0.03433623672596242,1
2023-11-08,0.03454580612444143,1
2023-11-09,0.034575722480768525,1
2023-11-10,0.034874653485807594,1
2023-11-13,0.03472213318386781,1
2023-11-14,0.03448740639020917,1
2023-11-15,0.03407670771447818,1
2023-11-16,0.034602169330858176,1
2023-11-17,0.03454071911769258,1
2023-11-20,0.03420210333392598,1
2023-11-21,0.03418410599188265,1
2023-11-22,0.03458382608717946,1
2023-11-23,0.033985931197492644,1
2023-11-24,0.034400177801559476,1
2023-11-27,0.03460037983445432,1
2023-11-28,0.03462297996394936,1
2023-11-29,0.03508643654386198,1
2023-11-30,0.035135212046808154,1
2023-12-01,0.035080795656879035,1
2023-12-04,0.03517527845580282,1
2023-12-05,0.03632040803593336,1
2023-12-06,0.03620700342402962,1
2023-12-07,0.03636796430119972,1
2023-12-08,0.036340155667544886,1
2023-12-11,0.03504670948050204,1
2023-12-12,0.03490258389604703,1
2023-12-13,0.035754855559111336,1
2023-12-14,0.03583301929515939,1
2023-12-15,0.036288411650929386,1
2023-12-18,0.03676627199333822,1
2023-12-19,0.036633196175749706,1
2023-12-20,0.03727206466372693,1
2023-12-21,0.037225095823257066,1
2023-12-22,0.0374431253904889,1
2023-12-25,0.037535187298464036,1
2023-12-26,0.037891031775164695,1
2023-12-27,0.037724636254370364,1
2023-12-28,0.0366358283103875,1
2023-12-29,0.03625295879308221,1
2024-01-02,0.03652197755175459,1
2024-01-03,0.0366380903679248,1
2024-01-04,0.03710234720029454,1
2024-01-05,0.03791724871313974,1
2024-01-08,0.038909757896498344,1
2024-01-09,0.03903598671086095,1
2024-01-10,0.03935471721368995,1
2024-01-11,0.038919988344963796,1
2024-01-12,0.03893620110381116,1
2024-01-15,0.038870918621206105,1
2024-01-16,0.038702498410692024,1
2024-01-17,0.040287999142221656,1
2024-01-18,0.04001961838618025,1
2024-01-19,0.04048559551745435,1
2024-01-22,0.04269023371673092,1
2024-01-23,0.042164815278615125,1
2024-01-24,0.04105927465791466,1
2024-01-25,0.03926343969037905,1
2024-01-26,0.03928290854207474,1
2024-01-29,0.040169552744205944,1
2024-01-30,0.04192147704494166,1
2024-01-31,0.04334305243507545,1
2024-02-01,0.04375882332838807,1
2024-02-02,0.04506617114944243,1
2024-02-05,0.04645542458671113,1
2024-02-06,0.04352517832875871,1
2024-02-07,0.04305777959819754,1
2024-02-08,0.041712366261833056,1
2024-02-19,0.04061100034170552,1
2024-02-20,0.04051212158059826,1
2024-02-21,0.0399248891850353,1
2024-02-22,0.039219935868414435,1
2024-02-23,0.0388437286489529,1
2024-02-26,0.03943553031708768,1
2024-02-27,0.038423553462251944,1
2024-02-28,0.040411670176199004,1
2024-02-29,0.03900137275815963,1
2024-03-01,0.03835081924091266,1
2024-03-04,0.038296965727099785,1
2024-03-05,0.03855312333199634,1
2024-03-06,0.03914525168783642,1
2024-03-07,0.03936765592586945,1
2024-03-08,0.03876868985212577,1
2024-03-11,0.037939444765378354,1
2024-03-12,0.03766577643959816,1
2024-03-13,0.03798578041624345,1
2024-03-14,0.03801249270544979,1
2024-03-15,0.037853576737158126,1
2024-03-18,0.03742925864507646,1
2024-03-19,0.037950884274367463,1
2024-03-20,0.037413486686331765,1
2024-03-21,0.037615371341572446,1
2024-03-22,0.03810510981408549,1
2024-03-25,0.03860335525848002,1
2024-03-26,0.03847150236390581,1
2024-03-27,0.039837304017246916,1
2024-03-28,0.03922901720794354,1
2024-03-29,0.03870672014128316,1
2024-04-01,0.03762246117637596,1
2024-04-02,0.03785724002757879,1
2024-04-03,0.038200830417788836,1
2024-04-08,0.038798850853363376,1
2024-04-09,0.038686278211290115,1
2024-04-10,0.039168054897134374,1
2024-04-11,0.03916199832004333,1
2024-04-12,0.03965688114597965,1
2024-04-15,0.03914090881929504,1
2024-04-16,0.04061359523343567,1
2024-04-17,0.03916578987440532,1
2024-04-18,0.039233899007252424,1
2024-04-19,0.03938554719698556,1
2024-04-22,0.04004960562865839,1
2024-04-23,0.040593480154990064,1
2024-04-24,0.03960336207613835,1
2024-04-25,0.03956935065810559,1
2024-04-26,0.03770114388131081,1
2024-04-29,0.036572248481431494,1
2024-04-30,0.03631939561049344,1
2024-05-06,0.035520956139507745,1
2024-05-07,0.03556606031547483,1
2024-05-08,0.03598536346184572,1
2024-05-09,0.035223281374058064,1
2024-05-10,0.035387331856072665,1
2024-05-13,0.036194704931835464,1
2024-05-14,0.036153278180404536,1
2024-05-15,0.0365634699202454,1
2024-05-16,0.036340587248659594,1
2024-05-17,0.0358303187314606,1
2024-05-20,0.035496295099873156,1
2024-05-21,0.035764539228092015,1
2024-05-22,0.03575251274919555,1
2024-05-23,0.03666142486232926,1
2024-05-24,0.03714206772949524,1
2024-05-27,0.036554019775064533,1
2024-05-28,0.03702765820314169,1
2024-05-29,0.037153626018547825,1
2024-05-30,0.03746083367390039,1
2024-05-31,0.03739185192967784,1
2024-06-03,0.03763392939908441,1
2024-06-04,0.037389907387253236,1
2024-06-05,0.038005143216738965,1
2024-06-06,0.03848688588169705,1
2024-06-07,0.038396731135878784,1
2024-06-11,0.0387121019101749,1
2024-06-12,0.03849517696443597,1
2024-06-13,0.03880881371224649,1
2024-06-14,0.038832258766982264,1
2024-06-17,0.03914356307085215,1
2024-06-18,0.038874149310101594,1
2024-06-19,0.03922842770498122,1
2024-06-20,0.039719442362308614,1
2024-06-21,0.039684837818004304,1
2024-06-24,0.04067632339679761,1
2024-06-25,0.0410278814983568,1
2024-06-26,0.040479269622068874,1
2024-06-27,0.041243341755958174,1
2024-06-28,0.04085938259097969,1
2024-07-01,0.0398614568154393,1
2024-07-02,0.039968060935604746,1
2024-07-03,0.0402688914194355,1
2024-07-04,0.04079244457254536,1
2024-07-05,0.04063657723056463,1
2024-07-08,0.04115613592474383,1
2024-07-09,0.04054001194604494,1
2024-07-10,0.040901574570956764,1
2024-07-11,0.04014405002387941,1
2024-07-12,0.040260756522758026,1
2024-07-15,0.04035747283262744,1
2024-07-16,0.04016581275312141,1
2024-07-17,0.040585257866628935,1
2024-07-18,0.040179739631248906,1
2024-07-19,0.04013895043648791,1
2024-07-22,0.04065327498651798,1
2024-07-23,0.04192181450660382,1
2024-07-24,0.04227970461087946,1
2024-07-25,0.04276141443169303,1
2024-07-26,0.042790939308262686,1
2024-07-29,0.043182210174789085,1
2024-07-30,0.04353874951206273,1
2024-07-31,0.04211029357094702,1
2024-08-01,0.04248123550340255,1
2024-08-02,0.0431980366787684,1
2024-08-05,0.04420387363436446,1
2024-08-06,0.04383112341505667,1
2024-08-07,0.04387240955603758,1
2024-08-08,0.04350730276637191,1
2024-08-09,0.043634639721757566,1
2024-08-12,0.043279616136243856,1
2024-08-13,0.04327481648556421,1
2024-08-14,0.043968674938604166,1
2024-08-15,0.04328984583156159,1
2024-08-16,0.043340726606408336,1
2024-08-19,0.04325932393583573,1
2024-08-20,0.04407470165329683,1
2024-08-21,0.04435718187743594,1
2024-08-22,0.044741771133917946,1
2024-08-23,0.04471556986206862,1
2024-08-26,0.044555177158298126,1
2024-08-27,0.044585905651894485,1
2024-08-28,0.04492710652021037,1
2024-08-29,0.04510960097680691,1
2024-08-30,0.04366796701529285,1
2024-09-02,0.04480511366855304,1
2024-09-03,0.044810296127776046,1
2024-09-04,0.04538072965522099,1
2024-09-05,0.04525667138940982,1
2024-09-06,0.045861153639475676,1
2024-09-09,0.046648509829527875,1
2024-09-10,0.046518585351974784,1
2024-09-11,0.04708023137558621,1
2024-09-12,0.047322602417622345,1
2024-09-13,0.04795072680371298,1
2024-09-18,0.0479726515300452,1
2024-09-19,0.047335352791705435,1
2024-09-20,0.04732333385379422,1
2024-09-23,0.04712388052860686,1
2024-09-24,0.044146572261023045,1
2024-09-25,0.0436952896654868,1
2024-09-26,0.04114548197240052,1
2024-09-27,0.038102761364884524,1
2024-09-30,0.03346014009498542,1
2024-10-08,0.030016356073387224,1
2024-10-09,0.034135382620112086,1
2024-10-10,0.033968099424487336,1
2024-10-11,0.035624945546829385,1
2024-10-14,0.03429783498662023,1
2024-10-15,0.03584184755409617,1
2024-10-16,0.035787792114477954,1
2024-10-17,0.036533855550338716,1
2024-10-18,0.03473616996496768,1
2024-10-21,0.03440116515578906,1
2024-10-22,0.03417806480494402,1
2024-10-23,0.033955026745792066,1
2024-10-24,0.0343001177140007,1
2024-10-25,0.03378874608155098,1
2024-10-28,0.033258117030515844,1
2024-10-29,0.03367700062616903,1
2024-10-30,0.03399958435223202,1
2024-10-31,0.03436482832328072,1
2024-11-01,0.03489138247380672,1
2024-11-04,0.03426745993949257,1
2024-11-05,0.033060487960138205,1
2024-11-06,0.03299302186846027,1
2024-11-07,0.031796517999191254,1
2024-11-08,0.03213939470866066,1
2024-11-11,0.031866948746177966,1
2024-11-12,0.03268601220841767,1
2024-11-13,0.03228000419459345,1
2024-11-14,0.03342348746216005,1
2024-11-15,0.03418061897945459,1
2024-11-18,0.034447168526449856,1
2024-11-19,0.034022959568489844,1
2024-11-20,0.0334885070632249,1
2024-11-21,0.03363997608366476,1
2024-11-22,0.03539247794190514,1
2024-11-25,0.035496583663705165,1
2024-11-26,0.03570959291646619,1
2024-11-27,0.034883617340188286,1
2024-11-28,0.035425028441841325,1
2024-11-29,0.03491319325458633,1
2024-12-02,0.03464449169325944,1
2024-12-03,0.03439018070248736,1
2024-12-04,0.03497253569351101,1
2024-12-05,0.03499194261573826,1
2024-12-06,0.03432724624190754,1
2024-12-09,0.03478367564597892,1
2024-12-10,0.03512167576032912,1
2024-12-11,0.035200669158740164,1
2024-12-12,0.03475062914682861,1
2024-12-13,0.03618582117903131,1
2024-12-16,0.0366282128801649,1
2024-12-17,0.037139874656687874,1
2024-12-18,0.03646925446387357,1
2024-12-19,0.036675920665495285,1
2024-12-20,0.037031610328820866,1
2024-12-23,0.0374977686048737,1
2024-12-24,0.0366824338965419,1
2024-12-25,0.036659773298585566,1
2024-12-26,0.03675284616360928,1
2024-12-27,0.03689145903578229,1
2024-12-30,0.036630677639058626,1
2024-12-31,0.03799389467433821,1
2025-01-02,0.040157585646682994,1
2025-01-03,0.04123041336810191,1
2025-01-06,0.04146864608399481,1
2025-01-07,0.040759745864965474,1
2025-01-08,0.040789429542122106,1
2025-01-09,0.04067618341824731,1
2025-01-10,0.041654417729150836,1
2025-01-13,0.04150438041946783,1
2025-01-14,0.03996543695988017,1
2025-01-15,0.04037199141572789,1
2025-01-16,0.04007506697723133,1
2025-01-17,0.0396752275753587,1
2025-01-20,0.03934268418771186,1
2025-01-21,0.039602814071238834,1
2025-01-22,0.0400166614512515,1
2025-01-23,0.03980683860587117,1
2025-01-24,0.03945614078304943,1
2025-01-27,0.039939942218337646,1
2025-02-05,0.04022569514377167,1
2025-02-06,0.03959937669549843,1
2025-02-07,0.03891161092431794,1
2025-02-10,0.038200133385701926,1
2025-02-11,0.0383465554257225,1
2025-02-12,0.03773674615477293,1
2025-02-13,0.03800944075246794,1
2025-02-14,0.03750238575150988,1
2025-02-17,0.036896837850619424,1
2025-02-18,0.03748099193491991,1
2025-02-19,0.037264742150794006,1
2025-02-20,0.03697347851976612,1
2025-02-21,0.03602450557001077,1
2025-02-24,0.03569149243059093,1
2025-02-25,0.03651861664976643,1
2025-02-26,0.03601472359070963,1
2025-02-27,0.035650054928007,1
2025-02-28,0.037309786635521425,1
2025-03-03,0.03749964906174291,1
2025-03-04,0.03733875047117309,1
2025-03-05,0.037017094638269354,1
2025-03-06,0.035971991076645865,1
2025-03-07,0.03561073709920018,1
2025-03-10,0.03559076657218913,1
2025-03-11,0.0346623515164856,1
2025-03-12,0.03524603912291223,1
2025-03-13,0.03533220288036956,1
2025-03-14,0.034534817198481296,1
2025-03-17,0.033800280442975214,1
2025-03-18,0.03376006345392151,1
2025-03-19,0.03401981792715797,1
2025-03-20,0.034916459407023495,1
2025-03-21,0.03569347011930028,1
2025-03-24,0.035762417179371085,1
2025-03-25,0.03611169913696284,1
2025-03-26,0.036405334037119805,1
2025-03-27,0.03651005098859035,1
2025-03-28,0.037101782013653536,1
2025-03-31,0.037428450743661426,1
2025-04-01,0.037043892438666015,1
2025-04-02,0.03720835990013847,1
2025-04-03,0.038157798888215924,1
2025-04-07,0.043972346116187576,1
2025-04-08,0.04279581429749539,1
2025-04-09,0.042114057400758284,1
2025-04-10,0.04133757166441187,1
2025-04-11,0.041014096799263676,1
2025-04-14,0.040525970513191324,1
2025-04-15,0.04046442579669328,1
2025-04-16,0.04066800075769732,1
2025-04-17,0.040524111273641514,1
2025-04-18,0.04054702050474657,1
2025-04-21,0.03998254709335107,1
2025-04-22,0.039990578671624435,1
2025-04-23,0.0398124464643597,1
2025-04-24,0.039913229488174495,1
2025-04-25,0.0395100938548673,1
2025-04-28,0.0396237338956404,1
2025-04-29,0.039336886410672726,1
2025-04-30,0.039210401425163834,1
